uuid,player_id,full_name,primary_position,preferred_foot,total_appearances,career_avg_score,career_avg_vaep,season_summaries,jersey_numbers
544a4f59-f691-5741-54a6-0b8539ebf914,3237,Sergio Leonel Agüero del Castillo,Attacker,right,2,6.545,0.4572566793849546,"[{'season_label': '2010/2011', 'appearances': 2, 'avg_score': 6.54, 'avg_vaep': 0.46}]",{'2010/2011': 10}
2be9bd7a-3434-f703-8ca2-7d1918de58bd,3333,David de Gea Quintana,GK,right,2,6.07,0.2689959413892211,"[{'season_label': '2010/2011', 'appearances': 2, 'avg_score': 6.07, 'avg_vaep': 0.27}]",{'2010/2011': 13}
a428bc20-ca44-f5d4-46ce-e54837b4fd6f,5198,Diego da Silva Costa,Attacker,right,11,6.221818181818182,0.17876967915485278,"[{'season_label': '2010/2011', 'appearances': 1, 'avg_score': 6.01, 'avg_vaep': 0.12}, {'season_label': '2011/2012', 'appearances': 1, 'avg_score': 6.05, 'avg_vaep': 0.13}, {'season_label': '2012/2013', 'appearances': 2, 'avg_score': 6.07, 'avg_vaep': -0.13}, {'season_label': '2013/2014', 'appearances': 2, 'avg_score': 6.79, 'avg_vaep': 0.23}, {'season_label': '2017/2018', 'appearances': 2, 'avg_score': 6.29, 'avg_vaep': 0.27}, {'season_label': '2018/2019', 'appearances': 1, 'avg_score': 6.04, 'avg_vaep': 0.54}, {'season_label': '2019/2020', 'appearances': 1, 'avg_score': 6.0, 'avg_vaep': 0.19}, {'season_label': '2020/2021', 'appearances': 1, 'avg_score': 6.06, 'avg_vaep': 0.25}]","{'2010/2011': 22, '2011/2012': 19, '2012/2013': 19, '2013/2014': 19, '2017/2018': 19, '2018/2019': 19, '2019/2020': 19, '2020/2021': 18}"
fa751856-2603-d5c4-a7ad-69e2e5726f5f,5199,Jorge Resurrección Merodio,Midfielder,right,19,6.429473684210526,0.6570585534972404,"[{'season_label': '2010/2011', 'appearances': 1, 'avg_score': 6.0, 'avg_vaep': 0.74}, {'season_label': '2011/2012', 'appearances': 1, 'avg_score': 6.05, 'avg_vaep': 0.35}, {'season_label': '2012/2013', 'appearances': 2, 'avg_score': 6.51, 'avg_vaep': 0.17}, {'season_label': '2013/2014', 'appearances': 2, 'avg_score': 6.31, 'avg_vaep': 0.74}, {'season_label': '2014/2015', 'appearances': 2, 'avg_score': 6.21, 'avg_vaep': 0.84}, {'season_label': '2015/2016', 'appearances': 2, 'avg_score': 6.44, 'avg_vaep': 1.0}, {'season_label': '2016/2017', 'appearances': 2, 'avg_score': 6.38, 'avg_vaep': 0.78}, {'season_label': '2017/2018', 'appearances': 2, 'avg_score': 6.46, 'avg_vaep': 0.43}, {'season_label': '2018/2019', 'appearances': 1, 'avg_score': 6.36, 'avg_vaep': 1.25}, {'season_label': '2019/2020', 'appearances': 2, 'avg_score': 6.79, 'avg_vaep': 0.46}, {'season_label': '2020/2021', 'appearances': 2, 'avg_score': 6.76, 'avg_vaep': 0.65}]","{'2010/2011': 32, '2011/2012': 19, '2012/2013': 6, '2013/2014': 6, '2014/2015': 6, '2015/2016': 6, '2016/2017': 6, '2017/2018': 6, '2018/2019': 6, '2019/2020': 6, '2020/2021': 6}"
6dff2291-fe2e-822d-e2e8-068a182c4759,5249,Diego Roberto Godín Leal,Defender,right,17,6.024117647058823,0.3101073707751793,"[{'season_label': '2010/2011', 'appearances': 2, 'avg_score': 6.04, 'avg_vaep': 0.38}, {'season_label': '2011/2012', 'appearances': 2, 'avg_score': 6.0, 'avg_vaep': 0.07}, {'season_label': '2012/2013', 'appearances': 2, 'avg_score': 6.02, 'avg_vaep': 0.3}, {'season_label': '2013/2014', 'appearances': 2, 'avg_score': 6.0, 'avg_vaep': 0.1}, {'season_label': '2014/2015', 'appearances': 2, 'avg_score': 6.0, 'avg_vaep': 0.32}, {'season_label': '2015/2016', 'appearances': 2, 'avg_score': 6.0, 'avg_vaep': 0.2}, {'season_label': '2016/2017', 'appearances': 2, 'avg_score': 6.13, 'avg_vaep': 0.37}, {'season_label': '2017/2018', 'appearances': 1, 'avg_score': 6.0, 'avg_vaep': 0.34}, {'season_label': '2020/2021', 'appearances': 2, 'avg_score': 6.0, 'avg_vaep': 0.74}]","{'2010/2011': 15, '2011/2012': 2, '2012/2013': 2, '2013/2014': 2, '2014/2015': 2, '2015/2016': 2, '2016/2017': 2, '2017/2018': 2, '2020/2021': 2}"
faf02b23-58de-8933-f480-a146f4d2d98e,6320,Filipe Luís Kasmirski,Defender,left,13,6.086923076923076,0.42434212362017065,"[{'season_label': '2010/2011', 'appearances': 1, 'avg_score': 6.07, 'avg_vaep': 0.28}, {'season_label': '2011/2012', 'appearances': 1, 'avg_score': 6.08, 'avg_vaep': 0.44}, {'season_label': '2012/2013', 'appearances': 1, 'avg_score': 6.0, 'avg_vaep': 0.17}, {'season_label': '2013/2014', 'appearances': 2, 'avg_score': 6.13, 'avg_vaep': 0.47}, {'season_label': '2015/2016', 'appearances': 2, 'avg_score': 6.04, 'avg_vaep': 0.55}, {'season_label': '2016/2017', 'appearances': 2, 'avg_score': 6.11, 'avg_vaep': 0.45}, {'season_label': '2017/2018', 'appearances': 2, 'avg_score': 6.11, 'avg_vaep': 0.61}, {'season_label': '2020/2021', 'appearances': 2, 'avg_score': 6.1, 'avg_vaep': 0.23}]","{'2010/2011': 14, '2011/2012': 6, '2012/2013': 3, '2013/2014': 3, '2015/2016': 3, '2016/2017': 3, '2017/2018': 3, '2020/2021': 3}"
f29a1797-4690-2e33-1572-c483c45e5086,6375,Juan Francisco Torres Belén,Defender,right,13,6.032307692307692,0.46957849527965523,"[{'season_label': '2010/2011', 'appearances': 1, 'avg_score': 6.13, 'avg_vaep': 0.65}, {'season_label': '2011/2012', 'appearances': 1, 'avg_score': 6.04, 'avg_vaep': 1.05}, {'season_label': '2012/2013', 'appearances': 2, 'avg_score': 6.04, 'avg_vaep': 0.57}, {'season_label': '2013/2014', 'appearances': 2, 'avg_score': 6.0, 'avg_vaep': 0.36}, {'season_label': '2014/2015', 'appearances': 2, 'avg_score': 6.04, 'avg_vaep': 0.37}, {'season_label': '2015/2016', 'appearances': 2, 'avg_score': 6.04, 'avg_vaep': 0.24}, {'season_label': '2016/2017', 'appearances': 1, 'avg_score': 6.0, 'avg_vaep': 0.77}, {'season_label': '2017/2018', 'appearances': 1, 'avg_score': 6.0, 'avg_vaep': 0.05}, {'season_label': '2020/2021', 'appearances': 1, 'avg_score': 6.01, 'avg_vaep': 0.52}]","{'2010/2011': 20, '2011/2012': 20, '2012/2013': 20, '2013/2014': 20, '2014/2015': 20, '2015/2016': 20, '2016/2017': 20, '2017/2018': 20, '2020/2021': 20}"
88e0f161-14a1-e011-c87b-797513095a20,16309,Joel Robles Blázquez,GK,right,2,6.234999999999999,0.3473043042449717,"[{'season_label': '2018/2019', 'appearances': 1, 'avg_score': 6.27, 'avg_vaep': 0.36}, {'season_label': '2019/2020', 'appearances': 1, 'avg_score': 6.2, 'avg_vaep': 0.33}]","{'2010/2011': 27, '2011/2012': 25, '2017/2018': 1, '2018/2019': 1, '2019/2020': 1}"
d5a92a68-f9af-953b-26ea-fb935a054ce7,19731,Tomáš Ujfaluši,Defender,right,2,6.01,0.1717872884910321,"[{'season_label': '2010/2011', 'appearances': 2, 'avg_score': 6.01, 'avg_vaep': 0.17}]",{'2010/2011': 17}
f3daeb3f-5adb-a78a-c940-110c1de68ec0,20669,Tiago Cardoso Mendes,Midfielder,right,10,6.08,0.4261957551671912,"[{'season_label': '2010/2011', 'appearances': 2, 'avg_score': 6.1, 'avg_vaep': 0.7}, {'season_label': '2011/2012', 'appearances': 2, 'avg_score': 6.14, 'avg_vaep': 0.38}, {'season_label': '2012/2013', 'appearances': 2, 'avg_score': 6.15, 'avg_vaep': 0.27}, {'season_label': '2013/2014', 'appearances': 2, 'avg_score': 6.0, 'avg_vaep': 0.2}, {'season_label': '2014/2015', 'appearances': 1, 'avg_score': 6.0, 'avg_vaep': 0.72}, {'season_label': '2015/2016', 'appearances': 1, 'avg_score': 6.03, 'avg_vaep': 0.44}]","{'2010/2011': 5, '2011/2012': 5, '2012/2013': 5, '2013/2014': 5, '2014/2015': 5, '2015/2016': 5}"
6c239467-3840-0810-70b5-b466f1c19da9,23816,José Antonio Reyes Calderón,Attacker,left,7,6.142857142857143,0.10977550757473052,"[{'season_label': '2010/2011', 'appearances': 2, 'avg_score': 6.45, 'avg_vaep': 0.07}, {'season_label': '2011/2012', 'appearances': 2, 'avg_score': 6.05, 'avg_vaep': 0.2}, {'season_label': '2014/2015', 'appearances': 1, 'avg_score': 6.0, 'avg_vaep': 0.02}, {'season_label': '2015/2016', 'appearances': 1, 'avg_score': 6.0, 'avg_vaep': 0.04}, {'season_label': '2016/2017', 'appearances': 1, 'avg_score': 6.0, 'avg_vaep': 0.16}]","{'2010/2011': 19, '2011/2012': 10, '2014/2015': 10, '2015/2016': 10, '2016/2017': 9}"
ddc24dfa-2486-1478-29e4-f2a829bd8bc7,23931,Francisco Mérida Pérez,Midfielder,left,2,6.005,0.3730339760550123,"[{'season_label': '2010/2011', 'appearances': 1, 'avg_score': 6.0, 'avg_vaep': 0.25}, {'season_label': '2016/2017', 'appearances': 1, 'avg_score': 6.01, 'avg_vaep': 0.49}]","{'2010/2011': 11, '2016/2017': 18}"
c90999c7-46b9-da1f-ed1b-84fc73bdcb70,25435,Elias Mendes Trindade,Attacker,right,1,6.0,-0.04106131959997583,"[{'season_label': '2010/2011', 'appearances': 1, 'avg_score': 6.0, 'avg_vaep': -0.04}]",{'2010/2011': 9}
931a7d1d-a6b1-438a-8090-805076e115aa,26118,Antonio López Guerrero,Defender,left,3,6.073333333333333,0.37303961762518156,"[{'season_label': '2010/2011', 'appearances': 2, 'avg_score': 6.11, 'avg_vaep': 0.39}, {'season_label': '2011/2012', 'appearances': 1, 'avg_score': 6.0, 'avg_vaep': 0.34}]","{'2010/2011': 3, '2011/2012': 3}"
db1f6a0f-c31f-5666-393c-d306d561885f,26195,Juan Valera Espín,Defender,right,5,6.014,0.20847442510275868,"[{'season_label': '2010/2011', 'appearances': 1, 'avg_score': 6.0, 'avg_vaep': 0.44}, {'season_label': '2011/2012', 'appearances': 1, 'avg_score': 6.05, 'avg_vaep': 0.59}, {'season_label': '2012/2013', 'appearances': 1, 'avg_score': 6.02, 'avg_vaep': -0.1}, {'season_label': '2013/2014', 'appearances': 1, 'avg_score': 6.0, 'avg_vaep': 0.3}, {'season_label': '2014/2015', 'appearances': 1, 'avg_score': 6.0, 'avg_vaep': -0.18}]","{'2010/2011': 2, '2011/2012': 20, '2012/2013': 20, '2013/2014': 20, '2014/2015': 20}"
63a82e1b-c44f-8cf9-0a91-89b4632951df,26199,Diego Forlán Corazo,Attacker,right,2,6.005,0.12224858570243669,"[{'season_label': '2010/2011', 'appearances': 2, 'avg_score': 6.0, 'avg_vaep': 0.12}]",{'2010/2011': 7}
c1020880-214e-7bbf-222d-0069b7c77cb7,26502,Paulo Assunção da Silva,Midfielder,right,3,6.053333333333334,0.6192967454990139,"[{'season_label': '2010/2011', 'appearances': 2, 'avg_score': 6.04, 'avg_vaep': 0.46}, {'season_label': '2012/2013', 'appearances': 1, 'avg_score': 6.07, 'avg_vaep': 0.94}]","{'2010/2011': 12, '2012/2013': 12}"
1d57ffcd-59e9-34c7-b779-db140230430e,26677,Álvaro Domínguez Soto,Defender,left,1,6.0,0.041481566233414924,"[{'season_label': '2010/2011', 'appearances': 1, 'avg_score': 6.0, 'avg_vaep': 0.04}]",{'2010/2011': 18}
bf5cd8b2-5090-11b9-502a-72296edc14a0,3958,Pedro Eliezer Rodríguez Ledesma,Attacker,right,146,6.752739726027397,0.23088027501032465,"[{'season_label': '2010/2011', 'appearances': 29, 'avg_score': 7.07, 'avg_vaep': 0.37}, {'season_label': '2011/2012', 'appearances': 28, 'avg_score': 6.58, 'avg_vaep': 0.17}, {'season_label': '2012/2013', 'appearances': 24, 'avg_score': 6.82, 'avg_vaep': 0.29}, {'season_label': '2013/2014', 'appearances': 30, 'avg_score': 6.87, 'avg_vaep': 0.26}, {'season_label': '2014/2015', 'appearances': 35, 'avg_score': 6.49, 'avg_vaep': 0.1}]","{'2010/2011': 17, '2011/2012': 17, '2012/2013': 17, '2013/2014': 7, '2014/2015': 7}"
f569c3d7-08a7-558b-3049-d2896d2b6ce1,4324,Daniel Alves da Silva,Defender,right,171,7.01187134502924,0.5875923374538264,"[{'season_label': '2010/2011', 'appearances': 30, 'avg_score': 7.22, 'avg_vaep': 0.64}, {'season_label': '2011/2012', 'appearances': 32, 'avg_score': 7.13, 'avg_vaep': 0.69}, {'season_label': '2012/2013', 'appearances': 26, 'avg_score': 6.84, 'avg_vaep': 0.44}, {'season_label': '2013/2014', 'appearances': 24, 'avg_score': 7.17, 'avg_vaep': 0.64}, {'season_label': '2014/2015', 'appearances': 30, 'avg_score': 6.96, 'avg_vaep': 0.61}, {'season_label': '2015/2016', 'appearances': 29, 'avg_score': 6.74, 'avg_vaep': 0.49}]","{'2010/2011': 2, '2011/2012': 2, '2012/2013': 2, '2013/2014': 22, '2014/2015': 22, '2015/2016': 6}"
e9257036-daf2-0f06-2a49-8aab563d7712,4891,Ibrahim Afellay,Attacker,right,18,6.196666666666667,0.14372397104226467,"[{'season_label': '2010/2011', 'appearances': 13, 'avg_score': 6.27, 'avg_vaep': 0.15}, {'season_label': '2011/2012', 'appearances': 4, 'avg_score': 6.0, 'avg_vaep': 0.15}, {'season_label': '2013/2014', 'appearances': 1, 'avg_score': 6.0, 'avg_vaep': -0.0}]","{'2010/2011': 20, '2011/2012': 20, '2013/2014': 19}"
95668542-7c5c-d9dc-b04f-784272727336,4913,Bojan Krkíc Pérez,Attacker,right,22,6.359090909090909,0.09224346738590777,"[{'season_label': '2010/2011', 'appearances': 22, 'avg_score': 6.36, 'avg_vaep': 0.09}]",{'2010/2011': 9}
94130ea1-7023-c483-7f0d-cdda95034b65,5203,Sergio Busquets i Burgos,Midfielder,right,333,6.865615615615615,0.46061029647379226,"[{'season_label': '2010/2011', 'appearances': 25, 'avg_score': 7.12, 'avg_vaep': 0.46}, {'season_label': '2011/2012', 'appearances': 31, 'avg_score': 6.91, 'avg_vaep': 0.52}, {'season_label': '2012/2013', 'appearances': 29, 'avg_score': 6.96, 'avg_vaep': 0.4}, {'season_label': '2013/2014', 'appearances': 27, 'avg_score': 7.03, 'avg_vaep': 0.41}, {'season_label': '2014/2015', 'appearances': 33, 'avg_score': 6.75, 'avg_vaep': 0.47}, {'season_label': '2015/2016', 'appearances': 35, 'avg_score': 6.71, 'avg_vaep': 0.47}, {'season_label': '2016/2017', 'appearances': 29, 'avg_score': 6.64, 'avg_vaep': 0.57}, {'season_label': '2017/2018', 'appearances': 33, 'avg_score': 6.75, 'avg_vaep': 0.43}, {'season_label': '2018/2019', 'appearances': 29, 'avg_score': 7.03, 'avg_vaep': 0.4}, {'season_label': '2019/2020', 'appearances': 33, 'avg_score': 6.96, 'avg_vaep': 0.32}, {'season_label': '2020/2021', 'appearances': 29, 'avg_score': 6.75, 'avg_vaep': 0.62}]","{'2010/2011': 16, '2011/2012': 16, '2012/2013': 16, '2013/2014': 16, '2014/2015': 5, '2015/2016': 5, '2016/2017': 5, '2017/2018': 5, '2018/2019': 5, '2019/2020': 5, '2020/2021': 5}"
7d3010c1-1d08-cf99-0b76-14d2c2ca9098,5213,Gerard Piqué Bernabéu,Defender,right,282,6.714751773049645,0.3922388636544015,"[{'season_label': '2010/2011', 'appearances': 29, 'avg_score': 6.75, 'avg_vaep': 0.51}, {'season_label': '2011/2012', 'appearances': 21, 'avg_score': 6.44, 'avg_vaep': 0.23}, {'season_label': '2012/2013', 'appearances': 24, 'avg_score': 6.72, 'avg_vaep': 0.32}, {'season_label': '2013/2014', 'appearances': 19, 'avg_score': 6.53, 'avg_vaep': 0.36}, {'season_label': '2014/2015', 'appearances': 27, 'avg_score': 6.66, 'avg_vaep': 0.31}, {'season_label': '2015/2016', 'appearances': 30, 'avg_score': 6.82, 'avg_vaep': 0.33}, {'season_label': '2016/2017', 'appearances': 22, 'avg_score': 6.79, 'avg_vaep': 0.56}, {'season_label': '2017/2018', 'appearances': 33, 'avg_score': 6.8, 'avg_vaep': 0.43}, {'season_label': '2018/2019', 'appearances': 30, 'avg_score': 6.93, 'avg_vaep': 0.41}, {'season_label': '2019/2020', 'appearances': 19, 'avg_score': 6.59, 'avg_vaep': 0.35}, {'season_label': '2020/2021', 'appearances': 28, 'avg_score': 6.63, 'avg_vaep': 0.44}]","{'2010/2011': 3, '2011/2012': 3, '2012/2013': 3, '2013/2014': 3, '2014/2015': 3, '2015/2016': 3, '2016/2017': 3, '2017/2018': 3, '2018/2019': 3, '2019/2020': 3, '2020/2021': 3}"
808e5302-3ea4-a8a9-d6ec-bc1290580f72,5216,Andrés Iniesta Luján,Midfielder,right,213,7.1149765258215965,0.459037593850647,"[{'season_label': '2010/2011', 'appearances': 31, 'avg_score': 7.55, 'avg_vaep': 0.59}, {'season_label': '2011/2012', 'appearances': 26, 'avg_score': 7.14, 'avg_vaep': 0.42}, {'season_label': '2012/2013', 'appearances': 26, 'avg_score': 7.39, 'avg_vaep': 0.5}, {'season_label': '2013/2014', 'appearances': 28, 'avg_score': 7.16, 'avg_vaep': 0.4}, {'season_label': '2014/2015', 'appearances': 24, 'avg_score': 7.0, 'avg_vaep': 0.37}, {'season_label': '2015/2016', 'appearances': 28, 'avg_score': 7.07, 'avg_vaep': 0.48}, {'season_label': '2016/2017', 'appearances': 21, 'avg_score': 6.82, 'avg_vaep': 0.55}, {'season_label': '2020/2021', 'appearances': 29, 'avg_score': 6.69, 'avg_vaep': 0.37}]","{'2010/2011': 8, '2011/2012': 8, '2012/2013': 8, '2013/2014': 8, '2014/2015': 8, '2015/2016': 8, '2016/2017': 8, '2020/2021': 8}"
4b85256c-4881-edb6-c077-6df5d81f6236,5503,Lionel Andrés Messi Cuccittini,Attacker,left,376,8.532579787234043,0.45630376487512897,"[{'season_label': '2010/2011', 'appearances': 33, 'avg_score': 8.7, 'avg_vaep': 0.35}, {'season_label': '2011/2012', 'appearances': 37, 'avg_score': 8.76, 'avg_vaep': 0.4}, {'season_label': '2012/2013', 'appearances': 32, 'avg_score': 8.82, 'avg_vaep': 0.43}, {'season_label': '2013/2014', 'appearances': 31, 'avg_score': 8.27, 'avg_vaep': 0.4}, {'season_label': '2014/2015', 'appearances': 38, 'avg_score': 8.78, 'avg_vaep': 0.6}, {'season_label': '2015/2016', 'appearances': 33, 'avg_score': 8.44, 'avg_vaep': 0.43}, {'season_label': '2016/2017', 'appearances': 34, 'avg_score': 8.39, 'avg_vaep': 0.48}, {'season_label': '2017/2018', 'appearances': 34, 'avg_score': 8.31, 'avg_vaep': 0.54}, {'season_label': '2018/2019', 'appearances': 33, 'avg_score': 8.36, 'avg_vaep': 0.53}, {'season_label': '2019/2020', 'appearances': 35, 'avg_score': 8.64, 'avg_vaep': 0.44}, {'season_label': '2020/2021', 'appearances': 36, 'avg_score': 8.35, 'avg_vaep': 0.4}]","{'2010/2011': 10, '2011/2012': 10, '2012/2013': 10, '2013/2014': 10, '2014/2015': 10, '2015/2016': 10, '2016/2017': 10, '2017/2018': 10, '2018/2019': 10, '2019/2020': 10, '2020/2021': 10}"
99b410aa-504a-6f67-da12-8d333896ecd4,5506,Javier Alejandro Mascherano,Defender,right,190,6.637894736842106,0.3929117077557605,"[{'season_label': '2010/2011', 'appearances': 23, 'avg_score': 6.65, 'avg_vaep': 0.32}, {'season_label': '2011/2012', 'appearances': 30, 'avg_score': 6.61, 'avg_vaep': 0.39}, {'season_label': '2012/2013', 'appearances': 22, 'avg_score': 6.35, 'avg_vaep': 0.27}, {'season_label': '2013/2014', 'appearances': 25, 'avg_score': 6.34, 'avg_vaep': 0.45}, {'season_label': '2014/2015', 'appearances': 28, 'avg_score': 6.78, 'avg_vaep': 0.51}, {'season_label': '2015/2016', 'appearances': 32, 'avg_score': 6.76, 'avg_vaep': 0.42}, {'season_label': '2016/2017', 'appearances': 23, 'avg_score': 6.88, 'avg_vaep': 0.36}, {'season_label': '2020/2021', 'appearances': 7, 'avg_score': 6.82, 'avg_vaep': 0.38}]","{'2010/2011': 14, '2011/2012': 14, '2012/2013': 14, '2013/2014': 14, '2014/2015': 14, '2015/2016': 14, '2016/2017': 14, '2020/2021': 14}"
a5f2b252-8bd0-68e1-643b-5ec310cd5d8c,12737,David Villa Sánchez,Attacker,right,71,6.878028169014084,0.19253704957767517,"[{'season_label': '2010/2011', 'appearances': 31, 'avg_score': 7.18, 'avg_vaep': 0.23}, {'season_label': '2011/2012', 'appearances': 15, 'avg_score': 6.75, 'avg_vaep': 0.23}, {'season_label': '2012/2013', 'appearances': 23, 'avg_score': 6.62, 'avg_vaep': 0.1}, {'season_label': '2013/2014', 'appearances': 2, 'avg_score': 6.12, 'avg_vaep': 0.27}]","{'2010/2011': 7, '2011/2012': 7, '2012/2013': 7, '2013/2014': 9}"
565d9a36-31f5-940b-9fac-d0f153b5f569,20131,Xavier Hernández Creus,Midfielder,right,140,7.641642857142856,0.403880737581572,"[{'season_label': '2010/2011', 'appearances': 28, 'avg_score': 8.05, 'avg_vaep': 0.39}, {'season_label': '2011/2012', 'appearances': 31, 'avg_score': 7.76, 'avg_vaep': 0.41}, {'season_label': '2012/2013', 'appearances': 25, 'avg_score': 7.94, 'avg_vaep': 0.47}, {'season_label': '2013/2014', 'appearances': 25, 'avg_score': 7.72, 'avg_vaep': 0.43}, {'season_label': '2014/2015', 'appearances': 31, 'avg_score': 6.86, 'avg_vaep': 0.34}]","{'2010/2011': 6, '2011/2012': 6, '2012/2013': 6, '2013/2014': 6, '2014/2015': 6}"
bd1de862-c509-c34d-e95c-9a2655e48586,20169,Seydou Kéita,Midfielder,left,56,6.348214285714286,0.24455044917086916,"[{'season_label': '2010/2011', 'appearances': 31, 'avg_score': 6.32, 'avg_vaep': 0.21}, {'season_label': '2011/2012', 'appearances': 25, 'avg_score': 6.38, 'avg_vaep': 0.29}]","{'2010/2011': 15, '2011/2012': 15}"
c3671e16-4e65-eb26-a22d-b5421e92c405,20176,Víctor Valdés Arribas,GK,right,112,6.159910714285714,0.20429095935181912,"[{'season_label': '2010/2011', 'appearances': 28, 'avg_score': 6.2, 'avg_vaep': 0.19}, {'season_label': '2011/2012', 'appearances': 34, 'avg_score': 6.16, 'avg_vaep': 0.23}, {'season_label': '2012/2013', 'appearances': 27, 'avg_score': 6.13, 'avg_vaep': 0.19}, {'season_label': '2013/2014', 'appearances': 23, 'avg_score': 6.15, 'avg_vaep': 0.2}]","{'2010/2011': 1, '2011/2012': 1, '2012/2013': 1, '2013/2014': 1}"
4deb9521-53ce-3744-d3c7-24aed6c09830,20177,Eric-Sylvain Bilal Abidal,Defender,left,46,6.570652173913044,0.4706539844340549,"[{'season_label': '2010/2011', 'appearances': 23, 'avg_score': 6.58, 'avg_vaep': 0.43}, {'season_label': '2011/2012', 'appearances': 22, 'avg_score': 6.59, 'avg_vaep': 0.52}, {'season_label': '2012/2013', 'appearances': 1, 'avg_score': 6.0, 'avg_vaep': 0.21}]","{'2010/2011': 22, '2011/2012': 22, '2012/2013': 22}"
382e6924-3f57-d266-c3f4-30641a7c85ac,22102,Adriano Correia Claro,Defender,right,104,6.474326923076924,0.33609297803269117,"[{'season_label': '2010/2011', 'appearances': 13, 'avg_score': 6.57, 'avg_vaep': 0.34}, {'season_label': '2011/2012', 'appearances': 25, 'avg_score': 6.38, 'avg_vaep': 0.39}, {'season_label': '2012/2013', 'appearances': 20, 'avg_score': 6.5, 'avg_vaep': 0.25}, {'season_label': '2013/2014', 'appearances': 22, 'avg_score': 6.55, 'avg_vaep': 0.32}, {'season_label': '2014/2015', 'appearances': 16, 'avg_score': 6.49, 'avg_vaep': 0.29}, {'season_label': '2015/2016', 'appearances': 8, 'avg_score': 6.33, 'avg_vaep': 0.54}]","{'2010/2011': 21, '2011/2012': 21, '2012/2013': 21, '2013/2014': 21, '2014/2015': 21, '2015/2016': 21}"
c5f5a733-716c-32cd-c8da-76f30827420d,25919,Gabriel Alejandro Milito,Defender,left,8,6.4825,0.5333786349272032,"[{'season_label': '2010/2011', 'appearances': 8, 'avg_score': 6.48, 'avg_vaep': 0.53}]",{'2010/2011': 18}
7c4adcc6-4d2b-f63b-b210-855dfa8871a5,26005,José Manuel Pinto Colorado,GK,right,24,6.133333333333333,0.18928101137574535,"[{'season_label': '2010/2011', 'appearances': 6, 'avg_score': 6.16, 'avg_vaep': 0.1}, {'season_label': '2011/2012', 'appearances': 3, 'avg_score': 6.46, 'avg_vaep': 0.11}, {'season_label': '2012/2013', 'appearances': 5, 'avg_score': 6.04, 'avg_vaep': 0.17}, {'season_label': '2013/2014', 'appearances': 10, 'avg_score': 6.07, 'avg_vaep': 0.28}]","{'2010/2011': 13, '2011/2012': 13, '2012/2013': 13, '2013/2014': 13}"
7caf3e67-c79b-93b5-2339-407142ee7198,26613,Maxwell Scherrer Cabelino Andrade,Defender,left,27,6.46,0.2948144665265486,"[{'season_label': '2010/2011', 'appearances': 20, 'avg_score': 6.55, 'avg_vaep': 0.26}, {'season_label': '2011/2012', 'appearances': 7, 'avg_score': 6.2, 'avg_vaep': 0.39}]","{'2010/2011': 19, '2011/2012': 19}"
59b1deff-341e-db0b-76ac-e57820cef237,5208,Thiago Alcântara do Nascimento,Midfielder,right,56,7.097321428571428,0.3323368931564476,"[{'season_label': '2010/2011', 'appearances': 8, 'avg_score': 6.9, 'avg_vaep': 0.3}, {'season_label': '2011/2012', 'appearances': 27, 'avg_score': 7.26, 'avg_vaep': 0.36}, {'season_label': '2012/2013', 'appearances': 21, 'avg_score': 6.97, 'avg_vaep': 0.31}]","{'2010/2011': 30, '2011/2012': 11, '2012/2013': 11}"
df3aebc6-49f9-e3b6-74ee-b790a4da224e,6357,Jonathan dos Santos Ramírez,Midfielder,right,12,6.221666666666667,0.39985507924514724,"[{'season_label': '2010/2011', 'appearances': 1, 'avg_score': 6.0, 'avg_vaep': 0.29}, {'season_label': '2011/2012', 'appearances': 3, 'avg_score': 6.51, 'avg_vaep': 0.29}, {'season_label': '2012/2013', 'appearances': 1, 'avg_score': 6.0, 'avg_vaep': 0.24}, {'season_label': '2013/2014', 'appearances': 3, 'avg_score': 6.0, 'avg_vaep': 0.05}, {'season_label': '2014/2015', 'appearances': 1, 'avg_score': 6.0, 'avg_vaep': 1.12}, {'season_label': '2015/2016', 'appearances': 1, 'avg_score': 6.06, 'avg_vaep': 0.51}, {'season_label': '2016/2017', 'appearances': 2, 'avg_score': 6.54, 'avg_vaep': 0.8}]","{'2010/2011': 34, '2011/2012': 28, '2012/2013': 12, '2013/2014': 12, '2014/2015': 6, '2015/2016': 8, '2016/2017': 8}"
9a84a044-8b11-c176-66c7-e5db74042219,6768,Diego López Rodríguez,GK,right,14,6.015,0.20063100876879097,"[{'season_label': '2010/2011', 'appearances': 2, 'avg_score': 6.0, 'avg_vaep': 0.27}, {'season_label': '2011/2012', 'appearances': 2, 'avg_score': 6.02, 'avg_vaep': 0.14}, {'season_label': '2012/2013', 'appearances': 1, 'avg_score': 6.03, 'avg_vaep': 0.02}, {'season_label': '2013/2014', 'appearances': 2, 'avg_score': 6.04, 'avg_vaep': 0.24}, {'season_label': '2016/2017', 'appearances': 2, 'avg_score': 6.03, 'avg_vaep': 0.11}, {'season_label': '2017/2018', 'appearances': 2, 'avg_score': 6.0, 'avg_vaep': 0.39}, {'season_label': '2018/2019', 'appearances': 2, 'avg_score': 6.0, 'avg_vaep': 0.17}, {'season_label': '2020/2021', 'appearances': 1, 'avg_score': 6.0, 'avg_vaep': 0.15}]","{'2010/2011': 13, '2011/2012': 13, '2012/2013': 25, '2013/2014': 25, '2016/2017': 13, '2017/2018': 13, '2018/2019': 13, '2020/2021': 13}"
2639c6bd-2a42-e714-227b-06646829d6ea,6772,Mario Gaspar Pérez Martínez,Defender,right,15,6.1066666666666665,0.43805208113626576,"[{'season_label': '2010/2011', 'appearances': 1, 'avg_score': 6.27, 'avg_vaep': 0.37}, {'season_label': '2013/2014', 'appearances': 1, 'avg_score': 6.02, 'avg_vaep': 0.24}, {'season_label': '2014/2015', 'appearances': 2, 'avg_score': 6.0, 'avg_vaep': 0.21}, {'season_label': '2015/2016', 'appearances': 2, 'avg_score': 6.07, 'avg_vaep': 0.49}, {'season_label': '2016/2017', 'appearances': 2, 'avg_score': 6.0, 'avg_vaep': 0.53}, {'season_label': '2017/2018', 'appearances': 2, 'avg_score': 6.23, 'avg_vaep': 0.62}, {'season_label': '2018/2019', 'appearances': 1, 'avg_score': 6.0, 'avg_vaep': 0.35}, {'season_label': '2019/2020', 'appearances': 2, 'avg_score': 6.15, 'avg_vaep': 0.3}, {'season_label': '2020/2021', 'appearances': 2, 'avg_score': 6.2, 'avg_vaep': 0.66}]","{'2010/2011': 27, '2013/2014': 2, '2014/2015': 2, '2015/2016': 2, '2016/2017': 2, '2017/2018': 2, '2018/2019': 2, '2019/2020': 2, '2020/2021': 2}"
c9049d2a-46fe-b0ae-2de6-b0636f32ea0d,6997,Borja Valero Iglesias,Midfielder,right,4,6.2225,0.7877851330995327,"[{'season_label': '2010/2011', 'appearances': 2, 'avg_score': 6.33, 'avg_vaep': 1.1}, {'season_label': '2011/2012', 'appearances': 2, 'avg_score': 6.12, 'avg_vaep': 0.47}]","{'2010/2011': 20, '2011/2012': 20}"
1f50d073-7a73-8a9b-a320-6543d1102cbc,7034,Mateo Pablo Musacchio,Defender,right,9,6.004444444444444,0.4439979265033698,"[{'season_label': '2010/2011', 'appearances': 2, 'avg_score': 6.0, 'avg_vaep': 0.51}, {'season_label': '2011/2012', 'appearances': 2, 'avg_score': 6.0, 'avg_vaep': 0.39}, {'season_label': '2013/2014', 'appearances': 1, 'avg_score': 6.03, 'avg_vaep': 0.32}, {'season_label': '2014/2015', 'appearances': 2, 'avg_score': 6.0, 'avg_vaep': 0.4}, {'season_label': '2016/2017', 'appearances': 2, 'avg_score': 6.0, 'avg_vaep': 0.54}]","{'2010/2011': 4, '2011/2012': 4, '2013/2014': 5, '2014/2015': 5, '2016/2017': 5}"
817c99c4-8619-18e5-18dc-a75d712983eb,7141,Giuseppe Rossi,Attacker,left,4,6.325,0.39703719882709265,"[{'season_label': '2010/2011', 'appearances': 2, 'avg_score': 6.39, 'avg_vaep': 0.16}, {'season_label': '2011/2012', 'appearances': 1, 'avg_score': 6.06, 'avg_vaep': 0.53}, {'season_label': '2015/2016', 'appearances': 1, 'avg_score': 6.46, 'avg_vaep': 0.74}]","{'2010/2011': 22, '2011/2012': 22, '2015/2016': 21, '2016/2017': 25}"
30636825-97f0-5e7a-8273-1afefaf55300,11386,Santiago Cazorla González,Midfielder,right,8,6.34375,0.39427658921226794,"[{'season_label': '2010/2011', 'appearances': 2, 'avg_score': 6.6, 'avg_vaep': 0.2}, {'season_label': '2011/2012', 'appearances': 2, 'avg_score': 6.14, 'avg_vaep': 0.59}, {'season_label': '2017/2018', 'appearances': 2, 'avg_score': 6.5, 'avg_vaep': 0.6}, {'season_label': '2018/2019', 'appearances': 2, 'avg_score': 6.14, 'avg_vaep': 0.19}]","{'2010/2011': 8, '2011/2012': 12, '2017/2018': 19, '2018/2019': 8}"
1ecebe34-c185-027e-e9e6-a2d55747f945,20127,Carlos Marchena López,Defender,right,5,6.054,0.6576671938080836,"[{'season_label': '2010/2011', 'appearances': 2, 'avg_score': 6.04, 'avg_vaep': 0.82}, {'season_label': '2011/2012', 'appearances': 2, 'avg_score': 6.01, 'avg_vaep': 0.43}, {'season_label': '2012/2013', 'appearances': 1, 'avg_score': 6.17, 'avg_vaep': 0.79}]","{'2010/2011': 5, '2011/2012': 5, '2012/2013': 24}"
2afdb805-c179-91d2-cdeb-3b51b1d77857,22819,Bruno Soriano Llido,Midfielder,left,11,6.071818181818181,0.3364852327762161,"[{'season_label': '2010/2011', 'appearances': 2, 'avg_score': 6.06, 'avg_vaep': 0.34}, {'season_label': '2011/2012', 'appearances': 2, 'avg_score': 6.07, 'avg_vaep': 0.31}, {'season_label': '2013/2014', 'appearances': 1, 'avg_score': 6.0, 'avg_vaep': 0.46}, {'season_label': '2014/2015', 'appearances': 2, 'avg_score': 6.06, 'avg_vaep': 0.44}, {'season_label': '2015/2016', 'appearances': 2, 'avg_score': 6.19, 'avg_vaep': 0.35}, {'season_label': '2016/2017', 'appearances': 1, 'avg_score': 6.02, 'avg_vaep': 0.17}, {'season_label': '2018/2019', 'appearances': 1, 'avg_score': 6.0, 'avg_vaep': 0.2}]","{'2010/2011': 21, '2011/2012': 21, '2013/2014': 21, '2014/2015': 21, '2015/2016': 21, '2016/2017': 21, '2018/2019': 21}"
018d1e28-a415-0d09-4512-e29dac1497e9,25426,Marco Gastón Ruben Rodríguez,Attacker,right,3,6.176666666666667,0.27485690260194434,"[{'season_label': '2010/2011', 'appearances': 2, 'avg_score': 6.0, 'avg_vaep': 0.06}, {'season_label': '2011/2012', 'appearances': 1, 'avg_score': 6.53, 'avg_vaep': 0.71}]","{'2010/2011': 9, '2011/2012': 9}"
df1905b6-bb98-cfe9-051a-ab8204296b44,25921,Rubén Gracia Calmache,Midfielder,right,7,6.047142857142857,0.35136047270394294,"[{'season_label': '2010/2011', 'appearances': 2, 'avg_score': 6.0, 'avg_vaep': 0.34}, {'season_label': '2011/2012', 'appearances': 2, 'avg_score': 6.04, 'avg_vaep': 0.22}, {'season_label': '2013/2014', 'appearances': 1, 'avg_score': 6.22, 'avg_vaep': 0.38}, {'season_label': '2014/2015', 'appearances': 1, 'avg_score': 6.0, 'avg_vaep': 0.54}, {'season_label': '2015/2016', 'appearances': 1, 'avg_score': 6.04, 'avg_vaep': 0.4}]","{'2010/2011': 10, '2011/2012': 10, '2013/2014': 10, '2014/2015': 10, '2015/2016': 6}"
e2625f69-34c1-cdc3-44a0-f5b5ca3e1e37,25931,Gonzalo Javier Rodríguez,Defender,right,3,6.0,0.5453179261888484,"[{'season_label': '2010/2011', 'appearances': 1, 'avg_score': 6.0, 'avg_vaep': 0.2}, {'season_label': '2011/2012', 'appearances': 2, 'avg_score': 6.0, 'avg_vaep': 0.72}]","{'2010/2011': 2, '2011/2012': 2}"
45b60dbd-dc4b-267a-67ce-d2c509beb4f2,26698,Nilmar Honorato da Silva,Attacker,right,3,6.386666666666667,0.31842609181452036,"[{'season_label': '2010/2011', 'appearances': 2, 'avg_score': 6.56, 'avg_vaep': 0.3}, {'season_label': '2011/2012', 'appearances': 1, 'avg_score': 6.04, 'avg_vaep': 0.36}]","{'2010/2011': 7, '2011/2012': 7}"
251a6045-0861-c46c-6bd9-82611b229f79,26765,José Manuel Catalá Mazuecos,Defender,left,1,6.05,0.41778263037485885,"[{'season_label': '2010/2011', 'appearances': 1, 'avg_score': 6.05, 'avg_vaep': 0.42}]",{'2010/2011': 15}
fd9dcf1d-1462-72bb-05c4-90d790b6da52,3498,Ignacio Monreal Eraso,Defender,left,7,6.109999999999999,0.40890832046040615,"[{'season_label': '2010/2011', 'appearances': 2, 'avg_score': 6.14, 'avg_vaep': 0.48}, {'season_label': '2011/2012', 'appearances': 1, 'avg_score': 6.0, 'avg_vaep': -0.13}, {'season_label': '2012/2013', 'appearances': 1, 'avg_score': 6.25, 'avg_vaep': 0.67}, {'season_label': '2018/2019', 'appearances': 2, 'avg_score': 6.12, 'avg_vaep': 0.53}, {'season_label': '2019/2020', 'appearances': 1, 'avg_score': 6.0, 'avg_vaep': 0.3}]","{'2010/2011': 3, '2011/2012': 15, '2012/2013': 15, '2018/2019': 20, '2019/2020': 20}"
c5ab6ceb-aca9-7f71-7113-9e4d414ff5a6,5238,Masoud Shojaei Soleimani,Attacker,right,2,6.335,1.5108081508769828,"[{'season_label': '2010/2011', 'appearances': 1, 'avg_score': 6.67, 'avg_vaep': 2.56}, {'season_label': '2012/2013', 'appearances': 1, 'avg_score': 6.0, 'avg_vaep': 0.46}]","{'2010/2011': 8, '2012/2013': 8}"
21780a68-6b0a-d3b4-5a69-29f284dfd571,10763,Asier Riesgo Unamuno,GK,right,3,6.03,0.46966779578906426,"[{'season_label': '2015/2016', 'appearances': 2, 'avg_score': 6.04, 'avg_vaep': 0.39}, {'season_label': '2017/2018', 'appearances': 1, 'avg_score': 6.0, 'avg_vaep': 0.62}]","{'2010/2011': 13, '2015/2016': 13, '2016/2017': 13, '2017/2018': 13, '2020/2021': 13}"
3012e67b-541c-cf0e-10a2-7a5a9db4b2a6,23944,Oier Sanjurjo Mate,Defender,right,8,6.0225,0.2846073553084807,"[{'season_label': '2012/2013', 'appearances': 1, 'avg_score': 6.1, 'avg_vaep': 0.16}, {'season_label': '2013/2014', 'appearances': 2, 'avg_score': 6.04, 'avg_vaep': 0.4}, {'season_label': '2016/2017', 'appearances': 2, 'avg_score': 6.0, 'avg_vaep': 0.19}, {'season_label': '2018/2019', 'appearances': 1, 'avg_score': 6.0, 'avg_vaep': 0.3}, {'season_label': '2019/2020', 'appearances': 2, 'avg_score': 6.0, 'avg_vaep': 0.32}]","{'2010/2011': 15, '2012/2013': 15, '2013/2014': 15, '2016/2017': 6, '2018/2019': 6, '2019/2020': 6}"
a5537a7e-dedd-2ffe-4de4-74cc615ef5be,23975,Dejan Lekić,Attacker,right,2,6.96,0.1823028294957112,"[{'season_label': '2010/2011', 'appearances': 1, 'avg_score': 6.06, 'avg_vaep': 0.29}, {'season_label': '2011/2012', 'appearances': 1, 'avg_score': 7.86, 'avg_vaep': 0.08}]","{'2010/2011': 9, '2011/2012': 9, '2014/2015': 15}"
01fd22ff-df9a-9b24-7cbd-1227c897ef48,24313,Miguel Flaño Bezunartea,Defender,right,6,6.0,0.41504529767704906,"[{'season_label': '2010/2011', 'appearances': 2, 'avg_score': 6.0, 'avg_vaep': 0.31}, {'season_label': '2011/2012', 'appearances': 1, 'avg_score': 6.0, 'avg_vaep': 0.69}, {'season_label': '2012/2013', 'appearances': 2, 'avg_score': 6.0, 'avg_vaep': 0.21}, {'season_label': '2016/2017', 'appearances': 1, 'avg_score': 6.0, 'avg_vaep': 0.75}]","{'2010/2011': 4, '2011/2012': 4, '2012/2013': 4, '2016/2017': 4}"
8a0ee38f-c640-16db-d30c-621b3aa655e0,25865,José Romero Urtasun,Midfielder,,0,,,[],{'2010/2011': 14}
982e5bfb-1002-e50e-4c0c-b2d3d144b55a,25874,Francisco Puñal Martínez,Attacker,right,7,6.022857142857142,0.2877186284479519,"[{'season_label': '2010/2011', 'appearances': 1, 'avg_score': 6.04, 'avg_vaep': 0.44}, {'season_label': '2011/2012', 'appearances': 2, 'avg_score': 6.06, 'avg_vaep': 0.4}, {'season_label': '2012/2013', 'appearances': 2, 'avg_score': 6.0, 'avg_vaep': 0.09}, {'season_label': '2013/2014', 'appearances': 2, 'avg_score': 6.0, 'avg_vaep': 0.3}]","{'2010/2011': 10, '2011/2012': 10, '2012/2013': 10, '2013/2014': 10}"
88bccac4-be34-0a68-1f5e-ff6d5cbde9d2,25912,Ricardo López Felipe,GK,left,2,6.02,0.1563514271947497,"[{'season_label': '2010/2011', 'appearances': 2, 'avg_score': 6.02, 'avg_vaep': 0.16}]",{'2010/2011': 1}
c89cef51-792c-2c44-2022-1ba3964e5165,25969,Sergio Fernández González,Defender,right,2,6.0,0.35581199636180827,"[{'season_label': '2010/2011', 'appearances': 1, 'avg_score': 6.0, 'avg_vaep': 0.45}, {'season_label': '2011/2012', 'appearances': 1, 'avg_score': 6.0, 'avg_vaep': 0.27}]","{'2010/2011': 23, '2011/2012': 23}"
cecd01c1-eb84-f4f0-f2b4-8e121c8a62f5,26002,Javad Nekounam,Midfielder,right,3,6.016666666666667,0.7096179056970868,"[{'season_label': '2010/2011', 'appearances': 2, 'avg_score': 6.01, 'avg_vaep': 0.74}, {'season_label': '2011/2012', 'appearances': 1, 'avg_score': 6.03, 'avg_vaep': 0.65}]","{'2010/2011': 6, '2011/2012': 6}"
4b8cdf66-647d-f5b1-d954-9039eca7819e,26169,Javier Camuñas Gallego,Attacker,right,6,6.0633333333333335,0.3258076613195347,"[{'season_label': '2010/2011', 'appearances': 2, 'avg_score': 6.11, 'avg_vaep': 0.66}, {'season_label': '2011/2012', 'appearances': 2, 'avg_score': 6.05, 'avg_vaep': 0.24}, {'season_label': '2012/2013', 'appearances': 2, 'avg_score': 6.03, 'avg_vaep': 0.08}]","{'2010/2011': 17, '2011/2012': 17, '2012/2013': 18}"
af7ea059-4055-3f46-a0ae-c14fdaf0d2e7,26254,Manuel Jesús Ortiz Toribio,Attacker,right,7,6.01,0.295180771653187,"[{'season_label': '2010/2011', 'appearances': 2, 'avg_score': 6.0, 'avg_vaep': 0.21}, {'season_label': '2011/2012', 'appearances': 2, 'avg_score': 6.04, 'avg_vaep': 0.37}, {'season_label': '2012/2013', 'appearances': 2, 'avg_score': 6.0, 'avg_vaep': 0.27}, {'season_label': '2013/2014', 'appearances': 1, 'avg_score': 6.0, 'avg_vaep': 0.36}]","{'2010/2011': 5, '2011/2012': 5, '2012/2013': 5, '2013/2014': 5}"
20073407-7bb5-e01f-be9b-973d0d50ee6a,26435,Fernando Soriano Marco,Attacker,right,4,6.0775,0.40935951692199524,"[{'season_label': '2010/2011', 'appearances': 1, 'avg_score': 6.16, 'avg_vaep': 0.5}, {'season_label': '2013/2014', 'appearances': 1, 'avg_score': 6.09, 'avg_vaep': 0.25}, {'season_label': '2014/2015', 'appearances': 2, 'avg_score': 6.03, 'avg_vaep': 0.44}]","{'2010/2011': 20, '2013/2014': 23, '2014/2015': 23}"
db16fe60-1371-c8ef-1105-fa442e445b07,26516,Walter Gerardo Pandiani Urquiza,Attacker,right,2,6.0649999999999995,0.35065731342547224,"[{'season_label': '2010/2011', 'appearances': 2, 'avg_score': 6.06, 'avg_vaep': 0.35}]",{'2010/2011': 11}
dabec13d-9ab3-d2f9-054e-435162755ff8,26589,Nélson Augusto Tomar Marcos,Defender,right,3,6.073333333333333,0.5089040830007434,"[{'season_label': '2010/2011', 'appearances': 2, 'avg_score': 6.08, 'avg_vaep': 0.59}, {'season_label': '2013/2014', 'appearances': 1, 'avg_score': 6.05, 'avg_vaep': 0.34}]","{'2010/2011': 2, '2013/2014': 22}"
faa346cc-e856-8de3-e882-2f5857d6b918,26660,Krisztián Vadócz,Midfielder,right,1,6.0,0.3789798182569939,"[{'season_label': '2010/2011', 'appearances': 1, 'avg_score': 6.0, 'avg_vaep': 0.38}]",{'2010/2011': 21}
9df41c35-4c19-a3d8-c3eb-5b2840cfe5d2,20125,Carles Puyol i Saforcada,Defender,right,58,6.251379310344827,0.30393156688422035,"[{'season_label': '2010/2011', 'appearances': 15, 'avg_score': 6.2, 'avg_vaep': 0.24}, {'season_label': '2011/2012', 'appearances': 25, 'avg_score': 6.29, 'avg_vaep': 0.38}, {'season_label': '2012/2013', 'appearances': 13, 'avg_score': 6.18, 'avg_vaep': 0.27}, {'season_label': '2013/2014', 'appearances': 5, 'avg_score': 6.38, 'avg_vaep': 0.2}]","{'2010/2011': 5, '2011/2012': 5, '2012/2013': 5, '2013/2014': 5}"
b8028b00-0388-2eca-f9ff-4f5a92a0cc23,26624,Jeffren Isaac Suárez Bermúdez,Attacker,left,6,6.239999999999999,-0.00855819173314861,"[{'season_label': '2010/2011', 'appearances': 6, 'avg_score': 6.24, 'avg_vaep': -0.01}]",{'2010/2011': 11}
af4f00ca-4832-1fb0-2686-5c5a1772dafd,6786,David Timor Copoví,Attacker,left,4,6.0,0.10323703464200662,"[{'season_label': '2010/2011', 'appearances': 1, 'avg_score': 6.0, 'avg_vaep': 0.25}, {'season_label': '2011/2012', 'appearances': 1, 'avg_score': 6.0, 'avg_vaep': 0.11}, {'season_label': '2012/2013', 'appearances': 1, 'avg_score': 6.0, 'avg_vaep': 0.04}, {'season_label': '2019/2020', 'appearances': 1, 'avg_score': 6.0, 'avg_vaep': 0.01}]","{'2010/2011': 30, '2011/2012': 22, '2012/2013': 22, '2018/2019': 24, '2019/2020': 24, '2020/2021': 16}"
af6e15cf-a6c4-5689-5fd8-02a9d29ead74,25896,Damià Abella Pérez,Defender,right,6,6.135000000000001,0.4296111110340159,"[{'season_label': '2010/2011', 'appearances': 1, 'avg_score': 6.79, 'avg_vaep': 0.18}, {'season_label': '2011/2012', 'appearances': 2, 'avg_score': 6.0, 'avg_vaep': 0.39}, {'season_label': '2012/2013', 'appearances': 1, 'avg_score': 6.0, 'avg_vaep': 0.46}, {'season_label': '2013/2014', 'appearances': 2, 'avg_score': 6.01, 'avg_vaep': 0.58}]","{'2010/2011': 24, '2011/2012': 24, '2012/2013': 24, '2013/2014': 24}"
f5e29892-5dab-a714-1e05-ef336ae52e30,26518,Enrique Sola Clemente,Attacker,right,1,6.09,0.6530324247323733,"[{'season_label': '2010/2011', 'appearances': 1, 'avg_score': 6.09, 'avg_vaep': 0.65}]",{'2010/2011': 18}
b68e8a73-610d-9aee-ef7b-5a2bfffbcb7f,26668,Javier Calleja Revilla,Attacker,left,1,6.0,0.15392034279648215,"[{'season_label': '2010/2011', 'appearances': 1, 'avg_score': 6.0, 'avg_vaep': 0.15}]",{'2010/2011': 19}
254025c5-ad2d-9f37-b703-67cb14bf5428,26723,Álvaro Cejudo Carmona,Attacker,right,9,6.252222222222223,0.6537074868257251,"[{'season_label': '2010/2011', 'appearances': 1, 'avg_score': 6.4, 'avg_vaep': 0.5}, {'season_label': '2011/2012', 'appearances': 2, 'avg_score': 6.08, 'avg_vaep': 0.87}, {'season_label': '2012/2013', 'appearances': 2, 'avg_score': 6.1, 'avg_vaep': 0.38}, {'season_label': '2013/2014', 'appearances': 1, 'avg_score': 6.53, 'avg_vaep': 0.54}, {'season_label': '2015/2016', 'appearances': 2, 'avg_score': 6.47, 'avg_vaep': 0.77}, {'season_label': '2016/2017', 'appearances': 1, 'avg_score': 6.04, 'avg_vaep': 0.8}]","{'2010/2011': 16, '2011/2012': 16, '2012/2013': 16, '2013/2014': 16, '2015/2016': 16, '2016/2017': 16}"
9087cd8b-fa9c-1968-b20d-8f6d0b81cbbb,6675,Antonio Manuel Luna Rodríguez,Defender,left,7,6.051428571428572,0.4193475668611687,"[{'season_label': '2010/2011', 'appearances': 2, 'avg_score': 6.0, 'avg_vaep': 0.47}, {'season_label': '2011/2012', 'appearances': 1, 'avg_score': 6.02, 'avg_vaep': 0.21}, {'season_label': '2012/2013', 'appearances': 1, 'avg_score': 6.0, 'avg_vaep': 0.19}, {'season_label': '2016/2017', 'appearances': 1, 'avg_score': 6.24, 'avg_vaep': 0.54}, {'season_label': '2017/2018', 'appearances': 1, 'avg_score': 6.05, 'avg_vaep': 0.57}, {'season_label': '2020/2021', 'appearances': 1, 'avg_score': 6.05, 'avg_vaep': 0.47}]","{'2010/2011': 14, '2011/2012': 19, '2012/2013': 16, '2015/2016': 19, '2016/2017': 19, '2017/2018': 22, '2020/2021': 22}"
6f683b37-2cc7-eacb-980e-c61b736cac74,6763,Pablo Daniel Piatti,Attacker,left,10,6.268,0.5281925884428347,"[{'season_label': '2010/2011', 'appearances': 2, 'avg_score': 6.28, 'avg_vaep': 0.6}, {'season_label': '2011/2012', 'appearances': 2, 'avg_score': 6.33, 'avg_vaep': 0.18}, {'season_label': '2012/2013', 'appearances': 1, 'avg_score': 6.01, 'avg_vaep': 0.08}, {'season_label': '2013/2014', 'appearances': 1, 'avg_score': 7.13, 'avg_vaep': 0.76}, {'season_label': '2015/2016', 'appearances': 1, 'avg_score': 6.0, 'avg_vaep': 0.06}, {'season_label': '2016/2017', 'appearances': 2, 'avg_score': 6.09, 'avg_vaep': 1.07}, {'season_label': '2020/2021', 'appearances': 1, 'avg_score': 6.14, 'avg_vaep': 0.68}]","{'2010/2011': 11, '2011/2012': 14, '2012/2013': 11, '2013/2014': 2, '2015/2016': 11, '2016/2017': 19, '2017/2018': 19, '2020/2021': 19}"
29fdff89-1569-187d-a8e5-ed4f7a6ea4c8,6922,Míchel Macedo Rocha Machado,Defender,right,6,6.113333333333333,0.49152113859660557,"[{'season_label': '2010/2011', 'appearances': 2, 'avg_score': 6.04, 'avg_vaep': 0.63}, {'season_label': '2016/2017', 'appearances': 2, 'avg_score': 6.0, 'avg_vaep': 0.56}, {'season_label': '2020/2021', 'appearances': 2, 'avg_score': 6.3, 'avg_vaep': 0.29}]","{'2010/2011': 16, '2014/2015': 2, '2016/2017': 12, '2020/2021': 12}"
8d7aaf35-5a23-f5c7-a1d4-a6c4d07193ab,16688,Marcelo Andrés Silva Fernández,Defender,right,1,6.0,0.10469160225329688,"[{'season_label': '2010/2011', 'appearances': 1, 'avg_score': 6.0, 'avg_vaep': 0.1}]",{'2010/2011': 3}
dc586a5b-b2b5-9910-410c-f4d6960c3f20,18724,Sofiane Feghouli,Attacker,right,7,6.2,0.6003085305105093,"[{'season_label': '2010/2011', 'appearances': 1, 'avg_score': 6.0, 'avg_vaep': 0.07}, {'season_label': '2011/2012', 'appearances': 1, 'avg_score': 6.57, 'avg_vaep': 0.74}, {'season_label': '2012/2013', 'appearances': 1, 'avg_score': 6.05, 'avg_vaep': 1.27}, {'season_label': '2013/2014', 'appearances': 2, 'avg_score': 6.16, 'avg_vaep': 0.02}, {'season_label': '2014/2015', 'appearances': 2, 'avg_score': 6.23, 'avg_vaep': 1.05}]","{'2010/2011': 7, '2011/2012': 8, '2012/2013': 8, '2013/2014': 8, '2014/2015': 8}"
208c538e-5459-2a60-bde6-1d93e10cde94,25144,Diego Alves Carreira,GK,left,11,6.222727272727273,0.29544224024340854,"[{'season_label': '2010/2011', 'appearances': 2, 'avg_score': 6.08, 'avg_vaep': 0.5}, {'season_label': '2011/2012', 'appearances': 1, 'avg_score': 6.95, 'avg_vaep': 0.34}, {'season_label': '2012/2013', 'appearances': 1, 'avg_score': 6.59, 'avg_vaep': -0.26}, {'season_label': '2013/2014', 'appearances': 2, 'avg_score': 6.19, 'avg_vaep': 0.49}, {'season_label': '2014/2015', 'appearances': 2, 'avg_score': 6.0, 'avg_vaep': 0.35}, {'season_label': '2015/2016', 'appearances': 1, 'avg_score': 6.22, 'avg_vaep': 0.23}, {'season_label': '2016/2017', 'appearances': 2, 'avg_score': 6.07, 'avg_vaep': 0.13}]","{'2010/2011': 1, '2011/2012': 1, '2012/2013': 1, '2013/2014': 1, '2014/2015': 1, '2015/2016': 1, '2016/2017': 1}"
60a77e06-8efe-ffff-1391-d72e4fbfec5c,25883,Juan Jesús Gutiérrez Robles,Midfielder,right,1,6.0,0.9074294154270319,"[{'season_label': '2010/2011', 'appearances': 1, 'avg_score': 6.0, 'avg_vaep': 0.91}]",{'2010/2011': 24}
41bebf6a-6be8-fced-8d8e-6b0c773eed4c,26432,Miguel Ángel García Pérez Roldán,Midfielder,right,4,6.045,0.663289924779292,"[{'season_label': '2010/2011', 'appearances': 2, 'avg_score': 6.03, 'avg_vaep': 0.9}, {'season_label': '2013/2014', 'appearances': 1, 'avg_score': 6.03, 'avg_vaep': 0.33}, {'season_label': '2014/2015', 'appearances': 1, 'avg_score': 6.1, 'avg_vaep': 0.52}]","{'2010/2011': 15, '2013/2014': 15, '2014/2015': 15}"
9c510411-27bc-0f99-dd1c-98e72dd11d01,26434,Santiago Wilmer Acasiete Ariadela,Defender,right,2,6.0,0.09255764133195044,"[{'season_label': '2010/2011', 'appearances': 2, 'avg_score': 6.0, 'avg_vaep': 0.09}]",{'2010/2011': 18}
cf8e1836-7059-d20c-bb16-50809d53e825,26437,Albert Crusat Domene,Attacker,left,1,6.03,0.7197139592462918,"[{'season_label': '2010/2011', 'appearances': 1, 'avg_score': 6.03, 'avg_vaep': 0.72}]",{'2010/2011': 8}
9aa3268d-d525-4fd7-0938-4d2b61d2a3a5,26440,Juan Manuel Ortiz Palazón,Attacker,right,3,6.03,0.3344581463661598,"[{'season_label': '2010/2011', 'appearances': 2, 'avg_score': 6.04, 'avg_vaep': 0.5}, {'season_label': '2012/2013', 'appearances': 1, 'avg_score': 6.0, 'avg_vaep': -0.0}]","{'2010/2011': 17, '2012/2013': 21}"
7f9e4c8e-1de0-5725-d2b3-0298eda1f306,26495,Kalu Uche,Attacker,right,2,6.02,0.24277369239462132,"[{'season_label': '2010/2011', 'appearances': 1, 'avg_score': 6.0, 'avg_vaep': 0.22}, {'season_label': '2014/2015', 'appearances': 1, 'avg_score': 6.04, 'avg_vaep': 0.27}]","{'2010/2011': 5, '2014/2015': 5}"
cc65a7dd-40f9-de34-6346-8921203d2177,26647,Henok Goitom,Attacker,right,2,6.0,0.037118914347047394,"[{'season_label': '2010/2011', 'appearances': 2, 'avg_score': 6.0, 'avg_vaep': 0.04}]",{'2010/2011': 23}
2f4d94b1-6f8c-4b40-c845-fa69fd0c4dc4,26651,Hernán Darío Bernardello,Midfielder,right,2,6.0,0.2603225822213062,"[{'season_label': '2010/2011', 'appearances': 2, 'avg_score': 6.0, 'avg_vaep': 0.26}]",{'2010/2011': 25}
da0b5663-59c3-862f-20b5-072c3d49bd0f,4041,José Salomón Rondón Giménez,Attacker,right,3,6.413333333333334,0.8332788820722877,"[{'season_label': '2010/2011', 'appearances': 1, 'avg_score': 6.08, 'avg_vaep': 1.45}, {'season_label': '2011/2012', 'appearances': 2, 'avg_score': 6.58, 'avg_vaep': 0.53}]","{'2010/2011': 23, '2011/2012': 23}"
1ef03ed0-cd58-63c5-5012-8836b28ec3e9,6580,José Luis García del Pozo,Midfielder,right,12,6.008333333333333,0.45573044911710286,"[{'season_label': '2010/2011', 'appearances': 1, 'avg_score': 6.0, 'avg_vaep': 0.2}, {'season_label': '2011/2012', 'appearances': 2, 'avg_score': 6.0, 'avg_vaep': 0.07}, {'season_label': '2012/2013', 'appearances': 1, 'avg_score': 6.0, 'avg_vaep': 0.69}, {'season_label': '2013/2014', 'appearances': 1, 'avg_score': 6.0, 'avg_vaep': 0.57}, {'season_label': '2014/2015', 'appearances': 2, 'avg_score': 6.0, 'avg_vaep': 0.3}, {'season_label': '2015/2016', 'appearances': 2, 'avg_score': 6.0, 'avg_vaep': 0.66}, {'season_label': '2016/2017', 'appearances': 1, 'avg_score': 6.02, 'avg_vaep': 0.77}, {'season_label': '2017/2018', 'appearances': 1, 'avg_score': 6.08, 'avg_vaep': 0.64}, {'season_label': '2018/2019', 'appearances': 1, 'avg_score': 6.0, 'avg_vaep': 0.53}]","{'2010/2011': 45, '2011/2012': 28, '2012/2013': 28, '2013/2014': 14, '2014/2015': 14, '2015/2016': 14, '2016/2017': 14, '2017/2018': 8, '2018/2019': 8}"
07168af6-cb0e-f9f7-8dae-15739dd73255,6755,Sergio Asenjo Andrés,GK,right,14,6.097142857142857,0.15003774543362983,"[{'season_label': '2010/2011', 'appearances': 1, 'avg_score': 6.0, 'avg_vaep': 0.24}, {'season_label': '2013/2014', 'appearances': 1, 'avg_score': 6.0, 'avg_vaep': 0.17}, {'season_label': '2014/2015', 'appearances': 2, 'avg_score': 6.03, 'avg_vaep': 0.04}, {'season_label': '2015/2016', 'appearances': 1, 'avg_score': 6.0, 'avg_vaep': 0.08}, {'season_label': '2016/2017', 'appearances': 1, 'avg_score': 6.2, 'avg_vaep': -0.09}, {'season_label': '2017/2018', 'appearances': 2, 'avg_score': 6.0, 'avg_vaep': 0.22}, {'season_label': '2018/2019', 'appearances': 2, 'avg_score': 6.14, 'avg_vaep': 0.14}, {'season_label': '2019/2020', 'appearances': 2, 'avg_score': 6.41, 'avg_vaep': 0.23}, {'season_label': '2020/2021', 'appearances': 2, 'avg_score': 6.0, 'avg_vaep': 0.22}]","{'2010/2011': 13, '2013/2014': 1, '2014/2015': 1, '2015/2016': 1, '2016/2017': 1, '2017/2018': 1, '2018/2019': 1, '2019/2020': 1, '2020/2021': 1}"
ef8b5fcc-338e-0031-45ac-9c134754db71,8234,Ignacio Camacho Barnola,Midfielder,right,8,6.0337499999999995,0.6814584024477881,"[{'season_label': '2010/2011', 'appearances': 1, 'avg_score': 6.13, 'avg_vaep': 0.92}, {'season_label': '2011/2012', 'appearances': 2, 'avg_score': 6.03, 'avg_vaep': 0.92}, {'season_label': '2012/2013', 'appearances': 1, 'avg_score': 6.01, 'avg_vaep': 0.44}, {'season_label': '2013/2014', 'appearances': 1, 'avg_score': 6.03, 'avg_vaep': 0.92}, {'season_label': '2014/2015', 'appearances': 1, 'avg_score': 6.0, 'avg_vaep': 0.47}, {'season_label': '2015/2016', 'appearances': 1, 'avg_score': 6.0, 'avg_vaep': 0.04}, {'season_label': '2016/2017', 'appearances': 1, 'avg_score': 6.05, 'avg_vaep': 0.82}]","{'2010/2011': 24, '2011/2012': 6, '2012/2013': 6, '2013/2014': 6, '2014/2015': 6, '2015/2016': 6, '2016/2017': 6}"
f17a7558-451b-f1e9-3b8a-8f5549e4938f,10798,Eliseu Pereira dos Santos,Attacker,left,4,6.185,0.7084800216707663,"[{'season_label': '2010/2011', 'appearances': 1, 'avg_score': 6.0, 'avg_vaep': 0.85}, {'season_label': '2011/2012', 'appearances': 2, 'avg_score': 6.36, 'avg_vaep': 0.8}, {'season_label': '2012/2013', 'appearances': 1, 'avg_score': 6.02, 'avg_vaep': 0.38}]","{'2010/2011': 18, '2011/2012': 18, '2012/2013': 18}"
87f8e1e0-1561-38cc-a320-6c48b7098f41,19288,Martín Gastón Demichelis,Defender,right,4,6.0625,0.348542461044417,"[{'season_label': '2010/2011', 'appearances': 1, 'avg_score': 6.0, 'avg_vaep': 0.19}, {'season_label': '2011/2012', 'appearances': 2, 'avg_score': 6.0, 'avg_vaep': 0.29}, {'season_label': '2012/2013', 'appearances': 1, 'avg_score': 6.25, 'avg_vaep': 0.62}]","{'2010/2011': 5, '2011/2012': 5, '2012/2013': 5, '2016/2017': 3}"
d6467674-5e6f-99d0-a8ab-6c90160c438b,25859,Sérgio Paulo Barbosa Valente,Attacker,left,6,6.261666666666667,0.5007205799550624,"[{'season_label': '2010/2011', 'appearances': 1, 'avg_score': 6.84, 'avg_vaep': 0.93}, {'season_label': '2011/2012', 'appearances': 1, 'avg_score': 6.33, 'avg_vaep': 0.82}, {'season_label': '2013/2014', 'appearances': 1, 'avg_score': 6.31, 'avg_vaep': 0.41}, {'season_label': '2014/2015', 'appearances': 2, 'avg_score': 6.04, 'avg_vaep': 0.42}, {'season_label': '2015/2016', 'appearances': 1, 'avg_score': 6.0, 'avg_vaep': 0.01}]","{'2010/2011': 17, '2011/2012': 17, '2013/2014': 17, '2014/2015': 17, '2015/2016': 17, '2016/2017': 17}"
656d366d-457c-7716-6c48-c6b30a909702,25923,Júlio César Clement Baptista,Attacker,right,1,6.26,0.19812110177554132,"[{'season_label': '2010/2011', 'appearances': 1, 'avg_score': 6.26, 'avg_vaep': 0.2}]",{'2010/2011': 6}
6f8a1847-8781-9e14-4787-323c609811d6,25954,Enzo Maresca,Midfielder,right,2,6.0,0.3585841358990365,"[{'season_label': '2010/2011', 'appearances': 1, 'avg_score': 6.0, 'avg_vaep': 0.38}, {'season_label': '2011/2012', 'appearances': 1, 'avg_score': 6.0, 'avg_vaep': 0.34}]","{'2010/2011': 16, '2011/2012': 16}"
851fd85e-0c2b-af63-f604-2123c2b4aac7,26224,Hélder Miguel Do Rosario Data,Midfielder,,0,,,[],{'2010/2011': 14}
9c300b9f-5080-4a3f-7d55-9bf20f64a1c8,26233,Manuel Gaspar Haro,Defender,right,1,6.0,0.21717412287580373,"[{'season_label': '2010/2011', 'appearances': 1, 'avg_score': 6.0, 'avg_vaep': 0.22}]",{'2010/2011': 20}
2a761fd0-73d0-a07a-6cac-cc3ac5dd5b33,26234,Antonio Galdeano Benítez,Attacker,right,2,6.41,0.9110395778488964,"[{'season_label': '2010/2011', 'appearances': 1, 'avg_score': 6.17, 'avg_vaep': 0.63}, {'season_label': '2012/2013', 'appearances': 1, 'avg_score': 6.65, 'avg_vaep': 1.19}]","{'2010/2011': 10, '2012/2013': 10}"
e11c667b-4ee3-7a4d-0ff7-a34695f07405,26249,Fernando Miguel Fernández Escribano,Midfielder,,0,,,[],{'2010/2011': 8}
f829d0a4-7d2f-435f-6c45-2ebe867f6056,26460,Francesc Arnau,Midfielder,,0,,,[],{'2010/2011': 1}
69a2835d-20b8-290b-c798-4b8aa6538f89,26669,Weligton Róbson Pena de Oliveira,Defender,left,6,6.008333333333333,0.2183171744579037,"[{'season_label': '2010/2011', 'appearances': 1, 'avg_score': 6.0, 'avg_vaep': 0.29}, {'season_label': '2012/2013', 'appearances': 1, 'avg_score': 6.0, 'avg_vaep': 0.19}, {'season_label': '2014/2015', 'appearances': 2, 'avg_score': 6.0, 'avg_vaep': 0.31}, {'season_label': '2015/2016', 'appearances': 2, 'avg_score': 6.03, 'avg_vaep': 0.11}]","{'2010/2011': 3, '2012/2013': 3, '2014/2015': 3, '2015/2016': 3}"
17ebb8c3-224e-3b87-a2ea-8bcd42b3de49,26730,Quincy Owusu-Abeyie,Midfielder,right,1,6.0,0.11832824655721197,"[{'season_label': '2010/2011', 'appearances': 1, 'avg_score': 6.0, 'avg_vaep': 0.12}]",{'2010/2011': 21}
eac189cd-fa0b-fe6a-7984-8ee58c64c74b,26731,Patrick Jan Mtiliga,Defender,left,1,6.0,0.7181784406238876,"[{'season_label': '2010/2011', 'appearances': 1, 'avg_score': 6.0, 'avg_vaep': 0.72}]",{'2010/2011': 19}
4c2836bb-e011-706b-1083-8f45bf5d766f,351523,Kris Stadsgaard,Midfielder,,0,,,[],{'2010/2011': 12}
e1ab840a-08f6-e72d-3baf-13622bef60ad,6652,Jordi Amat Maas,Defender,right,5,6.008,0.3976892993654474,"[{'season_label': '2010/2011', 'appearances': 2, 'avg_score': 6.02, 'avg_vaep': 0.1}, {'season_label': '2011/2012', 'appearances': 1, 'avg_score': 6.0, 'avg_vaep': 0.42}, {'season_label': '2012/2013', 'appearances': 1, 'avg_score': 6.0, 'avg_vaep': 0.97}, {'season_label': '2017/2018', 'appearances': 1, 'avg_score': 6.0, 'avg_vaep': 0.4}]","{'2010/2011': 27, '2011/2012': 5, '2012/2013': 16, '2017/2018': 16, '2020/2021': 5}"
751f6b6b-02bf-39c4-1025-f3bcfd9948ad,6752,Víctor Ruíz Torre,Defender,left,16,6.119375,0.31137288784049133,"[{'season_label': '2010/2011', 'appearances': 1, 'avg_score': 6.11, 'avg_vaep': 0.08}, {'season_label': '2011/2012', 'appearances': 2, 'avg_score': 6.09, 'avg_vaep': 0.48}, {'season_label': '2012/2013', 'appearances': 2, 'avg_score': 6.15, 'avg_vaep': 0.44}, {'season_label': '2014/2015', 'appearances': 2, 'avg_score': 6.3, 'avg_vaep': -0.0}, {'season_label': '2015/2016', 'appearances': 2, 'avg_score': 6.0, 'avg_vaep': 0.41}, {'season_label': '2016/2017', 'appearances': 1, 'avg_score': 6.0, 'avg_vaep': 0.05}, {'season_label': '2017/2018', 'appearances': 2, 'avg_score': 6.06, 'avg_vaep': 0.43}, {'season_label': '2019/2020', 'appearances': 2, 'avg_score': 6.29, 'avg_vaep': 0.25}, {'season_label': '2020/2021', 'appearances': 2, 'avg_score': 6.0, 'avg_vaep': 0.42}]","{'2010/2011': 6, '2011/2012': 18, '2012/2013': 18, '2014/2015': 15, '2015/2016': 6, '2016/2017': 6, '2017/2018': 6, '2019/2020': 6, '2020/2021': 6}"
8aa903e4-0952-a84b-d717-7ad2daeb5962,6767,Sergio García De La Fuente,Attacker,right,10,6.371,0.38525893727655786,"[{'season_label': '2011/2012', 'appearances': 1, 'avg_score': 7.0, 'avg_vaep': 0.79}, {'season_label': '2012/2013', 'appearances': 1, 'avg_score': 6.71, 'avg_vaep': 0.2}, {'season_label': '2013/2014', 'appearances': 2, 'avg_score': 6.07, 'avg_vaep': 0.48}, {'season_label': '2014/2015', 'appearances': 2, 'avg_score': 6.93, 'avg_vaep': 0.58}, {'season_label': '2017/2018', 'appearances': 2, 'avg_score': 6.0, 'avg_vaep': 0.16}, {'season_label': '2020/2021', 'appearances': 2, 'avg_score': 6.0, 'avg_vaep': 0.21}]","{'2010/2011': 19, '2011/2012': 9, '2012/2013': 9, '2013/2014': 9, '2014/2015': 9, '2017/2018': 9, '2020/2021': 9}"
5bd844f1-1fa5-20d5-4fa5-edec06ea2507,6886,Dídac Vilá Rosselló,Defender,left,9,6.135555555555555,0.32848043392105963,"[{'season_label': '2010/2011', 'appearances': 1, 'avg_score': 6.0, 'avg_vaep': 0.61}, {'season_label': '2011/2012', 'appearances': 2, 'avg_score': 6.21, 'avg_vaep': 0.25}, {'season_label': '2013/2014', 'appearances': 1, 'avg_score': 6.0, 'avg_vaep': 0.09}, {'season_label': '2014/2015', 'appearances': 1, 'avg_score': 6.02, 'avg_vaep': 0.64}, {'season_label': '2017/2018', 'appearances': 1, 'avg_score': 6.59, 'avg_vaep': 0.25}, {'season_label': '2018/2019', 'appearances': 2, 'avg_score': 6.1, 'avg_vaep': 0.42}, {'season_label': '2020/2021', 'appearances': 1, 'avg_score': 6.0, 'avg_vaep': 0.02}]","{'2010/2011': 5, '2011/2012': 22, '2013/2014': 12, '2014/2015': 17, '2017/2018': 12, '2018/2019': 17, '2020/2021': 12}"
955d864a-6265-9945-cc94-34898e275deb,7029,José María Callejón Bueno,Attacker,right,4,6.2375,0.23702554161354783,"[{'season_label': '2010/2011', 'appearances': 2, 'avg_score': 6.39, 'avg_vaep': 0.39}, {'season_label': '2011/2012', 'appearances': 1, 'avg_score': 6.0, 'avg_vaep': 0.09}, {'season_label': '2012/2013', 'appearances': 1, 'avg_score': 6.16, 'avg_vaep': 0.09}]","{'2010/2011': 8, '2011/2012': 21, '2012/2013': 21}"
ea61f198-cb02-bcd8-4c32-65b86d7cd5c0,23916,Luis García Fernández,Midfielder,right,3,6.003333333333333,0.47495093872263777,"[{'season_label': '2010/2011', 'appearances': 2, 'avg_score': 6.0, 'avg_vaep': 0.69}, {'season_label': '2011/2012', 'appearances': 1, 'avg_score': 6.0, 'avg_vaep': 0.05}]","{'2010/2011': 10, '2011/2012': 10}"
5ea2f0a1-257f-0d9c-2c24-3d7d4047aa8f,24035,Álvaro Vázquez García,Attacker,right,6,6.316666666666666,0.11177231295611516,"[{'season_label': '2010/2011', 'appearances': 1, 'avg_score': 6.0, 'avg_vaep': 0.09}, {'season_label': '2011/2012', 'appearances': 2, 'avg_score': 6.63, 'avg_vaep': 0.07}, {'season_label': '2012/2013', 'appearances': 2, 'avg_score': 6.28, 'avg_vaep': 0.19}, {'season_label': '2014/2015', 'appearances': 1, 'avg_score': 6.07, 'avg_vaep': 0.05}]","{'2010/2011': 20, '2011/2012': 8, '2012/2013': 7, '2014/2015': 9, '2016/2017': 22}"
f4d4c95a-4336-cebe-07df-62e614f602f5,24040,Cristian Darío Álvarez,GK,right,3,6.246666666666667,0.39260702254917607,"[{'season_label': '2011/2012', 'appearances': 2, 'avg_score': 6.13, 'avg_vaep': 0.46}, {'season_label': '2014/2015', 'appearances': 1, 'avg_score': 6.48, 'avg_vaep': 0.25}]","{'2010/2011': 25, '2011/2012': 25, '2014/2015': 13}"
8591efe6-006d-839c-2345-2153789dc667,24744,Juan Daniel Forlín,Defender,right,4,6.08,0.48923461424692505,"[{'season_label': '2010/2011', 'appearances': 1, 'avg_score': 6.22, 'avg_vaep': 0.41}, {'season_label': '2011/2012', 'appearances': 2, 'avg_score': 6.05, 'avg_vaep': 0.61}, {'season_label': '2012/2013', 'appearances': 1, 'avg_score': 6.0, 'avg_vaep': 0.34}]","{'2010/2011': 18, '2011/2012': 18, '2012/2013': 6}"
30648060-6119-b651-5bb5-1e242379602a,24783,Javier Márquez Moreno,Midfielder,left,6,6.0249999999999995,0.20623904958362496,"[{'season_label': '2010/2011', 'appearances': 2, 'avg_score': 6.08, 'avg_vaep': 0.33}, {'season_label': '2013/2014', 'appearances': 1, 'avg_score': 6.0, 'avg_vaep': 0.11}, {'season_label': '2014/2015', 'appearances': 2, 'avg_score': 6.0, 'avg_vaep': 0.18}, {'season_label': '2015/2016', 'appearances': 1, 'avg_score': 6.0, 'avg_vaep': 0.11}]","{'2010/2011': 4, '2013/2014': 17, '2014/2015': 8, '2015/2016': 8}"
d855ef37-fb3c-07f6-57a4-89eab125fc3e,26103,Idriss Carlos Kameni,GK,right,8,6.0925,0.3156124501404065,"[{'season_label': '2010/2011', 'appearances': 2, 'avg_score': 6.14, 'avg_vaep': 0.12}, {'season_label': '2011/2012', 'appearances': 1, 'avg_score': 6.05, 'avg_vaep': -0.09}, {'season_label': '2014/2015', 'appearances': 2, 'avg_score': 6.1, 'avg_vaep': 0.15}, {'season_label': '2015/2016', 'appearances': 2, 'avg_score': 6.08, 'avg_vaep': 0.58}, {'season_label': '2016/2017', 'appearances': 1, 'avg_score': 6.06, 'avg_vaep': 0.91}]","{'2010/2011': 1, '2011/2012': 25, '2014/2015': 1, '2015/2016': 1, '2016/2017': 1}"
0bf9e0fc-13ee-97df-2b68-eeb8ae8a2b39,26138,David García De La Cruz,Defender,left,1,6.0,-0.04273367328278255,"[{'season_label': '2010/2011', 'appearances': 1, 'avg_score': 6.0, 'avg_vaep': -0.04}]",{'2010/2011': 3}
01905982-3f48-e01d-3dc9-e864a371605f,26170,Francisco Javier Chica Torres,Defender,right,5,6.008,0.4631681518170808,"[{'season_label': '2010/2011', 'appearances': 2, 'avg_score': 6.0, 'avg_vaep': 0.23}, {'season_label': '2011/2012', 'appearances': 1, 'avg_score': 6.04, 'avg_vaep': 0.47}, {'season_label': '2012/2013', 'appearances': 2, 'avg_score': 6.0, 'avg_vaep': 0.7}]","{'2010/2011': 2, '2011/2012': 17, '2012/2013': 2}"
0bed6686-85c7-358e-78b7-7dd1feeb3bf3,26211,Joan Verdú Fernández,Attacker,right,6,6.46,0.4660885510274966,"[{'season_label': '2010/2011', 'appearances': 2, 'avg_score': 6.1, 'avg_vaep': 0.53}, {'season_label': '2011/2012', 'appearances': 2, 'avg_score': 7.17, 'avg_vaep': 0.41}, {'season_label': '2012/2013', 'appearances': 1, 'avg_score': 6.02, 'avg_vaep': 0.17}, {'season_label': '2013/2014', 'appearances': 1, 'avg_score': 6.21, 'avg_vaep': 0.76}]","{'2010/2011': 11, '2011/2012': 10, '2012/2013': 10, '2013/2014': 10}"
f8c28d67-e9d2-c4d8-2c8d-25f4c4678104,26243,Iván Daniel Alonso Vallejo,Attacker,left,1,6.0,0.05654854143358534,"[{'season_label': '2010/2011', 'appearances': 1, 'avg_score': 6.0, 'avg_vaep': 0.06}]",{'2010/2011': 24}
45d8a341-ba39-89a9-0c66-06580eac0fa4,26607,José Raúl Baena Urdiales,Attacker,right,6,6.165,0.47038486622083536,"[{'season_label': '2010/2011', 'appearances': 1, 'avg_score': 6.15, 'avg_vaep': 0.46}, {'season_label': '2011/2012', 'appearances': 1, 'avg_score': 6.27, 'avg_vaep': 0.55}, {'season_label': '2012/2013', 'appearances': 1, 'avg_score': 6.12, 'avg_vaep': 0.37}, {'season_label': '2013/2014', 'appearances': 2, 'avg_score': 6.21, 'avg_vaep': 0.37}, {'season_label': '2014/2015', 'appearances': 1, 'avg_score': 6.02, 'avg_vaep': 0.71}]","{'2010/2011': 7, '2011/2012': 7, '2012/2013': 7, '2013/2014': 4, '2014/2015': 8, '2015/2016': 8}"
8550c831-8d98-aa71-3e0e-f7c500981dbc,26609,Pablo Daniel Osvaldo,Attacker,right,2,7.28,0.27363415348736453,"[{'season_label': '2010/2011', 'appearances': 2, 'avg_score': 7.28, 'avg_vaep': 0.27}]",{'2010/2011': 17}
35b47299-c113-0953-d286-c976e9c608dc,26729,Jesús Alberto Dátolo,Midfielder,right,1,6.0,0.11000865827372763,"[{'season_label': '2010/2011', 'appearances': 1, 'avg_score': 6.0, 'avg_vaep': 0.11}]",{'2010/2011': 23}
ea3502c3-5945-88f0-e9d5-142f99c66627,6557,Adrián González Morales,Midfielder,left,10,6.1259999999999994,0.3125368816439732,"[{'season_label': '2010/2011', 'appearances': 2, 'avg_score': 6.3, 'avg_vaep': 0.07}, {'season_label': '2011/2012', 'appearances': 2, 'avg_score': 6.01, 'avg_vaep': 0.5}, {'season_label': '2012/2013', 'appearances': 1, 'avg_score': 6.04, 'avg_vaep': 0.33}, {'season_label': '2014/2015', 'appearances': 2, 'avg_score': 6.0, 'avg_vaep': 0.07}, {'season_label': '2015/2016', 'appearances': 1, 'avg_score': 6.41, 'avg_vaep': 0.06}, {'season_label': '2016/2017', 'appearances': 1, 'avg_score': 6.09, 'avg_vaep': 0.4}, {'season_label': '2020/2021', 'appearances': 1, 'avg_score': 6.1, 'avg_vaep': 1.07}]","{'2010/2011': 23, '2011/2012': 23, '2012/2013': 8, '2013/2014': 8, '2014/2015': 8, '2015/2016': 24, '2016/2017': 24, '2020/2021': 8}"
a4ed0749-07dc-9bc3-c86c-c52904d763e3,6745,Mehdi Lacen,Midfielder,left,8,6.02875,0.433651433486375,"[{'season_label': '2010/2011', 'appearances': 1, 'avg_score': 6.11, 'avg_vaep': 0.7}, {'season_label': '2011/2012', 'appearances': 1, 'avg_score': 6.0, 'avg_vaep': 0.22}, {'season_label': '2012/2013', 'appearances': 2, 'avg_score': 6.04, 'avg_vaep': 0.55}, {'season_label': '2013/2014', 'appearances': 1, 'avg_score': 6.01, 'avg_vaep': 1.08}, {'season_label': '2014/2015', 'appearances': 2, 'avg_score': 6.01, 'avg_vaep': 0.11}, {'season_label': '2015/2016', 'appearances': 1, 'avg_score': 6.0, 'avg_vaep': 0.16}]","{'2010/2011': 5, '2011/2012': 6, '2012/2013': 5, '2013/2014': 5, '2014/2015': 8, '2015/2016': 8}"
06b44f22-bf01-b4ba-d313-91ffe00009c4,16567,Markus Rosenberg,Attacker,right,1,6.3,0.9051377193645749,"[{'season_label': '2010/2011', 'appearances': 1, 'avg_score': 6.3, 'avg_vaep': 0.91}]",{'2010/2011': 12}
285cf230-26fb-3ce9-11c2-e4c15a0a48a7,24075,Christian Fernández Salas,Defender,left,3,6.04,0.6292178758418837,"[{'season_label': '2010/2011', 'appearances': 1, 'avg_score': 6.03, 'avg_vaep': 0.68}, {'season_label': '2011/2012', 'appearances': 1, 'avg_score': 6.08, 'avg_vaep': 1.02}, {'season_label': '2013/2014', 'appearances': 1, 'avg_score': 6.01, 'avg_vaep': 0.19}]","{'2010/2011': 3, '2011/2012': 3, '2013/2014': 18}"
51a9c578-4bc9-4598-56a8-26362c057737,25358,Henrique Adriano Buss,Defender,right,2,6.01,0.1421918394989916,"[{'season_label': '2010/2011', 'appearances': 2, 'avg_score': 6.01, 'avg_vaep': 0.14}]",{'2010/2011': 2}
3990fefd-135f-e61a-eea3-fa3feed9faaa,26070,Antonio Rodríguez Martínez,GK,right,7,6.355714285714286,0.34086581500741886,"[{'season_label': '2010/2011', 'appearances': 2, 'avg_score': 6.67, 'avg_vaep': 0.2}, {'season_label': '2011/2012', 'appearances': 1, 'avg_score': 6.0, 'avg_vaep': 0.25}, {'season_label': '2012/2013', 'appearances': 2, 'avg_score': 6.16, 'avg_vaep': 0.4}, {'season_label': '2014/2015', 'appearances': 1, 'avg_score': 6.47, 'avg_vaep': 0.38}, {'season_label': '2015/2016', 'appearances': 1, 'avg_score': 6.37, 'avg_vaep': 0.56}]","{'2010/2011': 13, '2011/2012': 13, '2012/2013': 1, '2014/2015': 25, '2015/2016': 25}"
0bdfa70f-d489-4b47-e136-ae023e2db7c2,26073,Gonzalo Colsa Albendea,Midfielder,right,3,6.053333333333334,0.3094306902385142,"[{'season_label': '2010/2011', 'appearances': 2, 'avg_score': 6.08, 'avg_vaep': 0.31}, {'season_label': '2011/2012', 'appearances': 1, 'avg_score': 6.0, 'avg_vaep': 0.3}]","{'2010/2011': 8, '2011/2012': 8}"
9d50bcc2-d13c-9160-fcf2-a3fd160252a6,26163,Marc Torrejón Moya,Defender,right,3,6.036666666666666,0.19315993316134458,"[{'season_label': '2010/2011', 'appearances': 2, 'avg_score': 6.05, 'avg_vaep': 0.27}, {'season_label': '2011/2012', 'appearances': 1, 'avg_score': 6.0, 'avg_vaep': 0.03}]","{'2010/2011': 19, '2011/2012': 19}"
df35ddf9-0fe4-4c0a-fd1a-334f5d2aa398,26238,Domingo Cisma González,Defender,left,5,6.032,0.3630087748919323,"[{'season_label': '2010/2011', 'appearances': 2, 'avg_score': 6.02, 'avg_vaep': 0.34}, {'season_label': '2011/2012', 'appearances': 1, 'avg_score': 6.0, 'avg_vaep': 0.7}, {'season_label': '2013/2014', 'appearances': 1, 'avg_score': 6.12, 'avg_vaep': 0.21}, {'season_label': '2014/2015', 'appearances': 1, 'avg_score': 6.0, 'avg_vaep': 0.22}]","{'2010/2011': 6, '2011/2012': 6, '2013/2014': 23, '2014/2015': 5}"
6506f30b-358e-f57d-b84f-257ad7540011,26615,Francisco Jesús Pérez Malia,Defender,right,4,6.0475,0.4541101531199274,"[{'season_label': '2010/2011', 'appearances': 2, 'avg_score': 6.1, 'avg_vaep': 0.43}, {'season_label': '2011/2012', 'appearances': 2, 'avg_score': 6.0, 'avg_vaep': 0.48}]","{'2010/2011': 15, '2011/2012': 15}"
01fedae7-05fe-ceee-2750-8a08a0222e63,26665,Manuel Jesús Arana Rodríguez,Attacker,right,4,6.16,0.017889736973302206,"[{'season_label': '2010/2011', 'appearances': 2, 'avg_score': 6.22, 'avg_vaep': -0.07}, {'season_label': '2011/2012', 'appearances': 2, 'avg_score': 6.1, 'avg_vaep': 0.1}]","{'2010/2011': 7, '2011/2012': 7}"
e150c862-ec07-920e-8c0a-6809302fb2a2,26743,Ariel Gerardo Nahuelpán Osten,Attacker,left,2,6.095000000000001,-0.09445701366348658,"[{'season_label': '2010/2011', 'appearances': 2, 'avg_score': 6.1, 'avg_vaep': -0.09}]",{'2010/2011': 22}
a3171cc0-f610-fdfd-f460-831fb25a3dc7,26746,Kennedy Bakircioglu,Attacker,right,2,6.015000000000001,0.2432155916449119,"[{'season_label': '2010/2011', 'appearances': 2, 'avg_score': 6.02, 'avg_vaep': 0.24}]",{'2010/2011': 16}
b6c4f99e-bc0c-ec07-eac2-d98133094f54,26756,Julián Luque Conde,Midfielder,right,1,6.0,0.11955084339570021,"[{'season_label': '2010/2011', 'appearances': 1, 'avg_score': 6.0, 'avg_vaep': 0.12}]",{'2010/2011': 30}
972cda1e-62b7-2640-cb7a-c702714a115f,6595,Daniel Parejo Muñoz,Midfielder,right,16,6.585,0.6241383730790631,"[{'season_label': '2010/2011', 'appearances': 2, 'avg_score': 6.03, 'avg_vaep': 0.56}, {'season_label': '2013/2014', 'appearances': 2, 'avg_score': 6.67, 'avg_vaep': 0.41}, {'season_label': '2014/2015', 'appearances': 2, 'avg_score': 6.69, 'avg_vaep': 0.46}, {'season_label': '2015/2016', 'appearances': 2, 'avg_score': 6.15, 'avg_vaep': 1.09}, {'season_label': '2016/2017', 'appearances': 2, 'avg_score': 6.24, 'avg_vaep': 0.56}, {'season_label': '2017/2018', 'appearances': 2, 'avg_score': 6.79, 'avg_vaep': 0.88}, {'season_label': '2019/2020', 'appearances': 2, 'avg_score': 6.96, 'avg_vaep': 0.65}, {'season_label': '2020/2021', 'appearances': 2, 'avg_score': 7.16, 'avg_vaep': 0.37}]","{'2010/2011': 11, '2013/2014': 21, '2014/2015': 10, '2015/2016': 10, '2016/2017': 10, '2017/2018': 10, '2019/2020': 5, '2020/2021': 10}"
7ce30eeb-956b-8bbd-ecfd-b304b556edba,6758,Víctor Sánchez Mata,Midfielder,right,14,6.092142857142856,0.6638579641538465,"[{'season_label': '2010/2011', 'appearances': 2, 'avg_score': 6.07, 'avg_vaep': 0.65}, {'season_label': '2011/2012', 'appearances': 1, 'avg_score': 6.03, 'avg_vaep': 0.73}, {'season_label': '2012/2013', 'appearances': 1, 'avg_score': 6.0, 'avg_vaep': 0.43}, {'season_label': '2013/2014', 'appearances': 2, 'avg_score': 6.12, 'avg_vaep': 0.61}, {'season_label': '2014/2015', 'appearances': 1, 'avg_score': 6.01, 'avg_vaep': 0.18}, {'season_label': '2015/2016', 'appearances': 1, 'avg_score': 6.01, 'avg_vaep': 0.88}, {'season_label': '2016/2017', 'appearances': 1, 'avg_score': 6.19, 'avg_vaep': 1.97}, {'season_label': '2017/2018', 'appearances': 2, 'avg_score': 6.28, 'avg_vaep': 0.62}, {'season_label': '2018/2019', 'appearances': 1, 'avg_score': 6.0, 'avg_vaep': 0.0}, {'season_label': '2020/2021', 'appearances': 2, 'avg_score': 6.05, 'avg_vaep': 0.68}]","{'2010/2011': 17, '2011/2012': 19, '2012/2013': 4, '2013/2014': 4, '2014/2015': 4, '2015/2016': 4, '2016/2017': 4, '2017/2018': 4, '2018/2019': 4, '2020/2021': 4}"
246b2082-6799-66bc-7030-b5dbc2e63b60,24507,Manuel del Moral Fernández,Attacker,right,7,6.82,0.36972720897184835,"[{'season_label': '2010/2011', 'appearances': 2, 'avg_score': 7.69, 'avg_vaep': 0.6}, {'season_label': '2011/2012', 'appearances': 2, 'avg_score': 6.94, 'avg_vaep': 0.24}, {'season_label': '2012/2013', 'appearances': 2, 'avg_score': 6.23, 'avg_vaep': 0.25}, {'season_label': '2014/2015', 'appearances': 1, 'avg_score': 6.04, 'avg_vaep': 0.4}]","{'2010/2011': 14, '2011/2012': 20, '2012/2013': 14, '2014/2015': 20}"
a13338b3-36ac-58ab-e821-c72b19b08159,24614,Rafael López Gómez,Defender,right,3,6.006666666666667,0.37975151594218914,"[{'season_label': '2010/2011', 'appearances': 1, 'avg_score': 6.02, 'avg_vaep': 0.33}, {'season_label': '2011/2012', 'appearances': 1, 'avg_score': 6.0, 'avg_vaep': 0.61}, {'season_label': '2013/2014', 'appearances': 1, 'avg_score': 6.0, 'avg_vaep': 0.2}]","{'2010/2011': 15, '2011/2012': 15, '2013/2014': 15}"
6edf4b8e-a5fb-8603-fcf2-5f2438205094,26144,Francisco Javier Casquero Paredes,Midfielder,right,4,6.0,0.2785307914925852,"[{'season_label': '2010/2011', 'appearances': 2, 'avg_score': 6.0, 'avg_vaep': 0.07}, {'season_label': '2011/2012', 'appearances': 2, 'avg_score': 6.0, 'avg_vaep': 0.48}]","{'2010/2011': 22, '2011/2012': 22}"
794c58ac-5bc1-a201-c0dd-171621d565bd,26217,Ángel Javier Arizmendi de Lucas,Attacker,right,2,6.705,0.3566484149096141,"[{'season_label': '2010/2011', 'appearances': 2, 'avg_score': 6.71, 'avg_vaep': 0.36}]",{'2010/2011': 19}
069ad71b-cf3a-8d3f-6959-81962936b2a2,26425,Juan Ángel Albín Leites,Attacker,left,3,6.146666666666667,0.2311838101122703,"[{'season_label': '2010/2011', 'appearances': 2, 'avg_score': 6.14, 'avg_vaep': 0.24}, {'season_label': '2012/2013', 'appearances': 1, 'avg_score': 6.15, 'avg_vaep': 0.21}]","{'2010/2011': 10, '2012/2013': 17}"
cd7a3678-e92f-33f1-affa-d511486f68da,26436,José Manuel Jiménez Ortiz,Defender,left,3,6.016666666666667,0.28699353308790404,"[{'season_label': '2010/2011', 'appearances': 1, 'avg_score': 6.05, 'avg_vaep': 0.62}, {'season_label': '2011/2012', 'appearances': 1, 'avg_score': 6.0, 'avg_vaep': 0.46}, {'season_label': '2014/2015', 'appearances': 1, 'avg_score': 6.0, 'avg_vaep': -0.22}]","{'2010/2011': 3, '2011/2012': 3, '2012/2013': 3, '2014/2015': 21}"
1697fe5e-b014-1dca-1379-090a4d766cc7,26496,Daniel Alberto Díaz,Defender,right,5,6.0,0.4623862456090137,"[{'season_label': '2010/2011', 'appearances': 2, 'avg_score': 6.0, 'avg_vaep': 0.47}, {'season_label': '2011/2012', 'appearances': 2, 'avg_score': 6.0, 'avg_vaep': 0.6}, {'season_label': '2012/2013', 'appearances': 1, 'avg_score': 6.0, 'avg_vaep': 0.16}]","{'2010/2011': 2, '2011/2012': 2, '2012/2013': 18}"
389c96d5-39ed-67bd-670f-0a32d9765469,26657,Pedro Ríos Maestre,Attacker,right,4,6.03,0.16619513779232875,"[{'season_label': '2010/2011', 'appearances': 1, 'avg_score': 6.07, 'avg_vaep': 0.47}, {'season_label': '2011/2012', 'appearances': 2, 'avg_score': 6.03, 'avg_vaep': 0.02}, {'season_label': '2012/2013', 'appearances': 1, 'avg_score': 6.0, 'avg_vaep': 0.15}]","{'2010/2011': 16, '2011/2012': 16, '2012/2013': 16, '2013/2014': 20}"
1ed82386-dca8-8c28-56a8-f0ee075b34c6,26684,Derek Owusu Boateng,Defender,right,3,6.1000000000000005,0.3067509089687519,"[{'season_label': '2010/2011', 'appearances': 1, 'avg_score': 6.3, 'avg_vaep': 0.31}, {'season_label': '2014/2015', 'appearances': 2, 'avg_score': 6.0, 'avg_vaep': 0.3}]","{'2010/2011': 18, '2014/2015': 18}"
75397798-de39-2833-0fef-f52e286c9812,26685,Nicolás Ladislao Fedor Flores,Attacker,right,4,6.154999999999999,0.25580039578608194,"[{'season_label': '2010/2011', 'appearances': 2, 'avg_score': 6.1, 'avg_vaep': 0.37}, {'season_label': '2011/2012', 'appearances': 2, 'avg_score': 6.21, 'avg_vaep': 0.15}]","{'2010/2011': 7, '2011/2012': 7, '2015/2016': 7}"
cf1974d0-28f1-a6ad-6378-cdc9539853b3,26686,Jordi Codina Rodríguez,GK,right,4,6.029999999999999,0.3391107455313431,"[{'season_label': '2010/2011', 'appearances': 2, 'avg_score': 6.06, 'avg_vaep': 0.44}, {'season_label': '2012/2013', 'appearances': 1, 'avg_score': 6.0, 'avg_vaep': 0.48}, {'season_label': '2013/2014', 'appearances': 1, 'avg_score': 6.0, 'avg_vaep': 0.0}]","{'2010/2011': 13, '2012/2013': 13, '2013/2014': 13, '2014/2015': 13}"
61012619-5c0f-6e4d-f38f-399c3325aecb,26722,Pablo César Pintos Cabral,Defender,right,1,6.13,0.4112501770068775,"[{'season_label': '2010/2011', 'appearances': 1, 'avg_score': 6.13, 'avg_vaep': 0.41}]",{'2010/2011': 20}
f19fec2f-129f-bdba-7649-3451275c883a,6733,Pedro Mosquera Parada,Midfielder,left,6,6.168333333333333,0.5734574355659182,"[{'season_label': '2010/2011', 'appearances': 1, 'avg_score': 6.0, 'avg_vaep': 0.32}, {'season_label': '2013/2014', 'appearances': 1, 'avg_score': 6.0, 'avg_vaep': 0.19}, {'season_label': '2014/2015', 'appearances': 1, 'avg_score': 6.1, 'avg_vaep': 0.84}, {'season_label': '2015/2016', 'appearances': 1, 'avg_score': 6.5, 'avg_vaep': 1.1}, {'season_label': '2016/2017', 'appearances': 1, 'avg_score': 6.02, 'avg_vaep': 0.22}, {'season_label': '2019/2020', 'appearances': 1, 'avg_score': 6.39, 'avg_vaep': 0.78}]","{'2010/2011': 21, '2013/2014': 24, '2014/2015': 6, '2015/2016': 5, '2016/2017': 5, '2019/2020': 5, '2020/2021': 5}"
a33f5792-b2a9-a51d-dd01-11b3ac6e0e76,6878,Miguel Torres Gómez,Defender,left,8,6.0175,0.4374612770109252,"[{'season_label': '2010/2011', 'appearances': 1, 'avg_score': 6.04, 'avg_vaep': 0.76}, {'season_label': '2011/2012', 'appearances': 1, 'avg_score': 6.06, 'avg_vaep': 0.16}, {'season_label': '2012/2013', 'appearances': 2, 'avg_score': 6.0, 'avg_vaep': 0.41}, {'season_label': '2014/2015', 'appearances': 2, 'avg_score': 6.0, 'avg_vaep': 0.8}, {'season_label': '2015/2016', 'appearances': 2, 'avg_score': 6.02, 'avg_vaep': 0.08}]","{'2010/2011': 24, '2011/2012': 4, '2012/2013': 4, '2014/2015': 23, '2015/2016': 23}"
83d3d4b6-c957-9515-e167-9aca8cbc8033,11294,Borja Fernández Fernández,Midfielder,right,4,6.075,0.648802696734947,"[{'season_label': '2010/2011', 'appearances': 1, 'avg_score': 6.15, 'avg_vaep': 0.65}, {'season_label': '2012/2013', 'appearances': 1, 'avg_score': 6.13, 'avg_vaep': 0.57}, {'season_label': '2014/2015', 'appearances': 1, 'avg_score': 6.02, 'avg_vaep': 1.19}, {'season_label': '2017/2018', 'appearances': 1, 'avg_score': 6.0, 'avg_vaep': 0.18}]","{'2010/2011': 6, '2012/2013': 23, '2013/2014': 23, '2014/2015': 12, '2017/2018': 8}"
966b795b-c7f3-ccb3-5e3d-a08aebe98f18,13157,Ivan Marcano Sierra,Defender,left,1,6.0,0.5238120546164282,"[{'season_label': '2010/2011', 'appearances': 1, 'avg_score': 6.0, 'avg_vaep': 0.52}]",{'2010/2011': 23}
2383c7d0-7bce-3c82-e6da-7741782de416,20001,Adrián Sardinero Corpa,Attacker,right,1,6.0,0.08101120534411166,"[{'season_label': '2010/2011', 'appearances': 1, 'avg_score': 6.0, 'avg_vaep': 0.08}]",{'2010/2011': 27}
cb12d7f9-33e7-d102-c522-31bf62b8a678,2995,Ángel Fabián Di María Hernández,Attacker,left,7,6.252857142857144,0.27985610793829047,"[{'season_label': '2010/2011', 'appearances': 2, 'avg_score': 6.21, 'avg_vaep': 0.34}, {'season_label': '2011/2012', 'appearances': 2, 'avg_score': 6.16, 'avg_vaep': 0.64}, {'season_label': '2012/2013', 'appearances': 1, 'avg_score': 6.19, 'avg_vaep': 0.13}, {'season_label': '2013/2014', 'appearances': 2, 'avg_score': 6.43, 'avg_vaep': -0.07}]","{'2010/2011': 22, '2011/2012': 22, '2012/2013': 22, '2013/2014': 22}"
0a348ede-8ac3-7688-7503-7baca5de6e26,3496,Mesut Özil,Attacker,left,5,6.1240000000000006,0.3445179120746616,"[{'season_label': '2010/2011', 'appearances': 2, 'avg_score': 6.02, 'avg_vaep': 0.21}, {'season_label': '2011/2012', 'appearances': 2, 'avg_score': 6.21, 'avg_vaep': 0.35}, {'season_label': '2012/2013', 'appearances': 1, 'avg_score': 6.18, 'avg_vaep': 0.62}]","{'2010/2011': 23, '2011/2012': 10, '2012/2013': 10}"
f50c7035-e532-c49a-0f69-93d988e2e843,5201,Sergio Ramos García,Defender,right,20,6.1485,0.2716002295273029,"[{'season_label': '2010/2011', 'appearances': 2, 'avg_score': 6.0, 'avg_vaep': 0.38}, {'season_label': '2011/2012', 'appearances': 2, 'avg_score': 6.08, 'avg_vaep': 0.26}, {'season_label': '2012/2013', 'appearances': 2, 'avg_score': 6.0, 'avg_vaep': 0.63}, {'season_label': '2013/2014', 'appearances': 2, 'avg_score': 6.0, 'avg_vaep': 0.24}, {'season_label': '2014/2015', 'appearances': 2, 'avg_score': 6.07, 'avg_vaep': -0.1}, {'season_label': '2015/2016', 'appearances': 2, 'avg_score': 6.0, 'avg_vaep': 0.15}, {'season_label': '2016/2017', 'appearances': 2, 'avg_score': 6.3, 'avg_vaep': 0.28}, {'season_label': '2017/2018', 'appearances': 1, 'avg_score': 6.01, 'avg_vaep': 0.27}, {'season_label': '2018/2019', 'appearances': 2, 'avg_score': 6.13, 'avg_vaep': 0.18}, {'season_label': '2019/2020', 'appearances': 1, 'avg_score': 7.44, 'avg_vaep': 0.51}, {'season_label': '2020/2021', 'appearances': 2, 'avg_score': 6.16, 'avg_vaep': 0.3}]","{'2010/2011': 4, '2011/2012': 4, '2012/2013': 4, '2013/2014': 4, '2014/2015': 4, '2015/2016': 4, '2016/2017': 4, '2017/2018': 4, '2018/2019': 4, '2019/2020': 4, '2020/2021': 4}"
246a3c55-44fe-b054-f3ea-718f61adfa16,5207,Cristiano Ronaldo dos Santos Aveiro,Attacker,right,16,7.4875,0.29150200223568845,"[{'season_label': '2010/2011', 'appearances': 2, 'avg_score': 7.38, 'avg_vaep': 0.75}, {'season_label': '2011/2012', 'appearances': 2, 'avg_score': 7.85, 'avg_vaep': 0.07}, {'season_label': '2012/2013', 'appearances': 2, 'avg_score': 6.91, 'avg_vaep': 0.09}, {'season_label': '2013/2014', 'appearances': 2, 'avg_score': 7.3, 'avg_vaep': 0.43}, {'season_label': '2014/2015', 'appearances': 2, 'avg_score': 8.35, 'avg_vaep': 0.3}, {'season_label': '2015/2016', 'appearances': 2, 'avg_score': 7.23, 'avg_vaep': -0.03}, {'season_label': '2016/2017', 'appearances': 2, 'avg_score': 7.62, 'avg_vaep': 0.36}, {'season_label': '2020/2021', 'appearances': 2, 'avg_score': 7.26, 'avg_vaep': 0.36}]","{'2010/2011': 7, '2011/2012': 7, '2012/2013': 7, '2013/2014': 7, '2014/2015': 7, '2015/2016': 7, '2016/2017': 7, '2020/2021': 7}"
4502591a-3be0-5985-8cf9-e9d763134ee3,5552,Marcelo Vieira da Silva Júnior,Defender,left,16,6.3775,0.32446401163758765,"[{'season_label': '2010/2011', 'appearances': 2, 'avg_score': 6.0, 'avg_vaep': -0.45}, {'season_label': '2011/2012', 'appearances': 1, 'avg_score': 6.51, 'avg_vaep': 0.72}, {'season_label': '2012/2013', 'appearances': 1, 'avg_score': 6.0, 'avg_vaep': 0.23}, {'season_label': '2013/2014', 'appearances': 2, 'avg_score': 6.1, 'avg_vaep': 0.57}, {'season_label': '2014/2015', 'appearances': 2, 'avg_score': 6.64, 'avg_vaep': 0.12}, {'season_label': '2015/2016', 'appearances': 2, 'avg_score': 6.07, 'avg_vaep': 0.45}, {'season_label': '2016/2017', 'appearances': 2, 'avg_score': 6.59, 'avg_vaep': 0.68}, {'season_label': '2018/2019', 'appearances': 1, 'avg_score': 6.79, 'avg_vaep': 0.71}, {'season_label': '2019/2020', 'appearances': 1, 'avg_score': 6.0, 'avg_vaep': 0.02}, {'season_label': '2020/2021', 'appearances': 2, 'avg_score': 6.96, 'avg_vaep': 0.39}]","{'2010/2011': 12, '2011/2012': 12, '2012/2013': 12, '2013/2014': 12, '2014/2015': 12, '2015/2016': 12, '2016/2017': 12, '2017/2018': 12, '2018/2019': 12, '2019/2020': 12, '2020/2021': 12}"
b0c7ae23-16c7-e821-4fd6-59e4bc8a0dea,5566,Sami Khedira,Midfielder,right,8,6.18875,0.5235283631516268,"[{'season_label': '2010/2011', 'appearances': 2, 'avg_score': 6.04, 'avg_vaep': 0.64}, {'season_label': '2011/2012', 'appearances': 2, 'avg_score': 6.19, 'avg_vaep': 0.59}, {'season_label': '2012/2013', 'appearances': 2, 'avg_score': 6.0, 'avg_vaep': 0.52}, {'season_label': '2013/2014', 'appearances': 1, 'avg_score': 7.05, 'avg_vaep': 0.66}, {'season_label': '2014/2015', 'appearances': 1, 'avg_score': 6.0, 'avg_vaep': 0.02}]","{'2010/2011': 24, '2011/2012': 6, '2012/2013': 6, '2013/2014': 6, '2014/2015': 6}"
b25b911f-fc2b-76a6-4745-4e5a53edf8b5,7030,Raúl Albiol i Tortajada,Defender,right,5,6.25,0.20400390646827873,"[{'season_label': '2010/2011', 'appearances': 1, 'avg_score': 6.0, 'avg_vaep': 0.05}, {'season_label': '2018/2019', 'appearances': 2, 'avg_score': 6.13, 'avg_vaep': 0.4}, {'season_label': '2019/2020', 'appearances': 2, 'avg_score': 6.49, 'avg_vaep': 0.08}]","{'2010/2011': 18, '2018/2019': 3, '2019/2020': 3}"
48d23e87-eb98-cc22-27b5-a8c33fa00680,10805,Ricardo Alberto Silveira de Carvalho,Defender,right,2,6.0,0.15073354820924578,"[{'season_label': '2010/2011', 'appearances': 2, 'avg_score': 6.0, 'avg_vaep': 0.15}]",{'2010/2011': 2}
5989add1-703e-4b04-80f7-5e2390739f34,11179,Iker Casillas Fernández,GK,left,7,6.11,0.3047106960506686,"[{'season_label': '2010/2011', 'appearances': 2, 'avg_score': 6.33, 'avg_vaep': 0.21}, {'season_label': '2011/2012', 'appearances': 2, 'avg_score': 6.05, 'avg_vaep': 0.6}, {'season_label': '2012/2013', 'appearances': 1, 'avg_score': 6.0, 'avg_vaep': 0.06}, {'season_label': '2014/2015', 'appearances': 2, 'avg_score': 6.0, 'avg_vaep': 0.22}]","{'2010/2011': 1, '2011/2012': 1, '2012/2013': 1, '2014/2015': 1}"
ebce60fa-e6c3-1659-2888-11e9ccf0b47c,19677,Karim Benzema,Attacker,right,21,6.89,0.41072220512848745,"[{'season_label': '2010/2011', 'appearances': 2, 'avg_score': 6.05, 'avg_vaep': 0.39}, {'season_label': '2011/2012', 'appearances': 2, 'avg_score': 7.58, 'avg_vaep': 0.83}, {'season_label': '2012/2013', 'appearances': 2, 'avg_score': 6.6, 'avg_vaep': 0.42}, {'season_label': '2013/2014', 'appearances': 2, 'avg_score': 7.24, 'avg_vaep': 0.32}, {'season_label': '2014/2015', 'appearances': 2, 'avg_score': 7.61, 'avg_vaep': 0.14}, {'season_label': '2015/2016', 'appearances': 2, 'avg_score': 7.0, 'avg_vaep': 0.32}, {'season_label': '2016/2017', 'appearances': 2, 'avg_score': 6.47, 'avg_vaep': 0.54}, {'season_label': '2017/2018', 'appearances': 1, 'avg_score': 6.45, 'avg_vaep': 0.68}, {'season_label': '2018/2019', 'appearances': 2, 'avg_score': 7.21, 'avg_vaep': 0.51}, {'season_label': '2019/2020', 'appearances': 2, 'avg_score': 7.18, 'avg_vaep': 0.24}, {'season_label': '2020/2021', 'appearances': 2, 'avg_score': 6.2, 'avg_vaep': 0.27}]","{'2010/2011': 9, '2011/2012': 9, '2012/2013': 9, '2013/2014': 9, '2014/2015': 9, '2015/2016': 9, '2016/2017': 9, '2017/2018': 9, '2018/2019': 9, '2019/2020': 9, '2020/2021': 9}"
180123dc-cc1e-079e-b3df-f759832cb255,20016,Kléper Laveran Lima Ferreira,Defender,right,11,6.098181818181818,0.3088407094634352,"[{'season_label': '2010/2011', 'appearances': 2, 'avg_score': 6.04, 'avg_vaep': 0.54}, {'season_label': '2011/2012', 'appearances': 2, 'avg_score': 6.0, 'avg_vaep': 0.25}, {'season_label': '2012/2013', 'appearances': 2, 'avg_score': 6.22, 'avg_vaep': 0.45}, {'season_label': '2013/2014', 'appearances': 2, 'avg_score': 6.21, 'avg_vaep': 0.26}, {'season_label': '2014/2015', 'appearances': 2, 'avg_score': 6.06, 'avg_vaep': 0.52}, {'season_label': '2015/2016', 'appearances': 1, 'avg_score': 6.03, 'avg_vaep': -0.65}]","{'2010/2011': 3, '2011/2012': 3, '2012/2013': 3, '2013/2014': 3, '2014/2015': 3, '2015/2016': 3, '2016/2017': 3}"
0865860a-7cdf-4a65-d79d-d78c31f8a7d9,20133,Xabier Alonso Olano,Midfielder,right,6,6.075,0.515069551341791,"[{'season_label': '2010/2011', 'appearances': 2, 'avg_score': 6.04, 'avg_vaep': 0.53}, {'season_label': '2011/2012', 'appearances': 2, 'avg_score': 6.09, 'avg_vaep': 0.4}, {'season_label': '2012/2013', 'appearances': 1, 'avg_score': 6.15, 'avg_vaep': 0.5}, {'season_label': '2013/2014', 'appearances': 1, 'avg_score': 6.04, 'avg_vaep': 0.74}]","{'2010/2011': 14, '2011/2012': 14, '2012/2013': 14, '2013/2014': 14}"
883163b9-c71c-2b25-7653-4baf44a5d0fe,20215,Álvaro Arbeloa Coca,Defender,right,6,6.006666666666667,0.26933478584123804,"[{'season_label': '2010/2011', 'appearances': 2, 'avg_score': 6.0, 'avg_vaep': 0.39}, {'season_label': '2011/2012', 'appearances': 1, 'avg_score': 6.0, 'avg_vaep': 0.09}, {'season_label': '2012/2013', 'appearances': 2, 'avg_score': 6.02, 'avg_vaep': 0.34}, {'season_label': '2014/2015', 'appearances': 1, 'avg_score': 6.0, 'avg_vaep': 0.07}]","{'2010/2011': 17, '2011/2012': 17, '2012/2013': 17, '2014/2015': 17}"
1124ba17-7f7d-0f77-f243-297b70d5b005,26699,Emmanuel Adebayor,Midfielder,right,1,6.0,0.09994559702499828,"[{'season_label': '2010/2011', 'appearances': 1, 'avg_score': 6.0, 'avg_vaep': 0.1}]",{'2010/2011': 6}
c91e3483-cf4f-9005-7d02-aa492d2b25b1,3269,Francisco Femenía Far,Defender,right,4,6.0024999999999995,0.47990802429376345,"[{'season_label': '2010/2011', 'appearances': 2, 'avg_score': 6.0, 'avg_vaep': 0.58}, {'season_label': '2016/2017', 'appearances': 2, 'avg_score': 6.0, 'avg_vaep': 0.38}]","{'2010/2011': 15, '2016/2017': 21}"
f91ceb5a-fe88-b7ab-6023-892165de4033,6192,Abel Enrique Aguilar Tapia,Midfielder,right,4,6.1025,0.5859552541451194,"[{'season_label': '2010/2011', 'appearances': 2, 'avg_score': 6.05, 'avg_vaep': 0.9}, {'season_label': '2012/2013', 'appearances': 2, 'avg_score': 6.15, 'avg_vaep': 0.27}]","{'2010/2011': 14, '2012/2013': 14}"
5b2a8f2b-014b-b326-fd82-ee313704e78c,19311,David Sergio Trézéguet,Attacker,right,2,6.555,0.5483807437349242,"[{'season_label': '2010/2011', 'appearances': 2, 'avg_score': 6.55, 'avg_vaep': 0.55}]",{'2010/2011': 17}
04dfa789-91b5-140d-09df-3164008cd690,21568,Royston Ricky Drenthe,Attacker,left,1,6.07,0.13179253414091363,"[{'season_label': '2010/2011', 'appearances': 1, 'avg_score': 6.07, 'avg_vaep': 0.13}]",{'2010/2011': 12}
c1b8c48c-660a-e44b-22e2-50b32acae44f,25870,Juan Jesús Calatayud Sánchez,GK,right,2,6.075,-0.09069559846011543,"[{'season_label': '2010/2011', 'appearances': 2, 'avg_score': 6.08, 'avg_vaep': -0.09}]",{'2010/2011': 1}
23990927-8040-faed-b612-cb3404ecc0e1,25900,Francisco Peña Romero,Defender,left,2,6.109999999999999,0.7670431093356456,"[{'season_label': '2010/2011', 'appearances': 2, 'avg_score': 6.11, 'avg_vaep': 0.77}]",{'2010/2011': 16}
c48db0d2-4d70-bc97-285f-daf9dc8221c1,25994,David Cortés Caballero,Defender,right,3,6.07,0.7962051952842254,"[{'season_label': '2010/2011', 'appearances': 2, 'avg_score': 6.11, 'avg_vaep': 0.71}, {'season_label': '2011/2012', 'appearances': 1, 'avg_score': 6.0, 'avg_vaep': 0.96}]","{'2010/2011': 21, '2011/2012': 21}"
11567240-7a04-ac04-cbe1-a44c16ac4f26,26050,Javier García Portillo,Midfielder,left,1,6.0,0.1168991815065965,"[{'season_label': '2010/2011', 'appearances': 1, 'avg_score': 6.0, 'avg_vaep': 0.12}]",{'2010/2011': 9}
944ba20c-cf43-2f83-a48b-0879149ea2d1,26167,Francisco Joaquín Pérez Rufete,Midfielder,,0,,,[],{'2010/2011': 7}
4666e8bd-27ff-43dd-7698-2b7e27c6e4cd,26409,Sergio Rodríguez García,Defender,right,2,6.154999999999999,0.4014305819928268,"[{'season_label': '2010/2011', 'appearances': 1, 'avg_score': 6.0, 'avg_vaep': 0.56}, {'season_label': '2012/2013', 'appearances': 1, 'avg_score': 6.31, 'avg_vaep': 0.24}]","{'2010/2011': 19, '2012/2013': 6}"
6713524e-a458-bee4-d734-85010e9c682f,26744,Jorge López Marco,Attacker,left,2,6.279999999999999,0.6711293887565262,"[{'season_label': '2010/2011', 'appearances': 2, 'avg_score': 6.28, 'avg_vaep': 0.67}]",{'2010/2011': 10}
75ad20f9-c546-aef9-e9fc-c21e08a8a3dd,26745,Sendoa Aguirre Basterretxea,Attacker,left,1,6.03,0.31058998457956477,"[{'season_label': '2010/2011', 'appearances': 1, 'avg_score': 6.03, 'avg_vaep': 0.31}]",{'2010/2011': 11}
d8e04b16-451f-7f67-a5da-5005d4e032ee,26747,Noé Elias Pamarot,Defender,right,1,6.0,0.19159835383106838,"[{'season_label': '2010/2011', 'appearances': 1, 'avg_score': 6.0, 'avg_vaep': 0.19}]",{'2010/2011': 23}
8e638659-3ca0-e860-2ff0-5a069fa23777,26748,Nelson Antonio Haedo Valdez,Attacker,right,3,6.566666666666666,0.32056364787998365,"[{'season_label': '2010/2011', 'appearances': 2, 'avg_score': 6.85, 'avg_vaep': 0.4}, {'season_label': '2012/2013', 'appearances': 1, 'avg_score': 6.0, 'avg_vaep': 0.16}]","{'2010/2011': 20, '2012/2013': 16}"
a66b4d41-a1b2-1574-947d-0d6c00e1de7a,26749,Abraham Paz Cruz,Defender,right,1,6.1,0.4872745813245274,"[{'season_label': '2010/2011', 'appearances': 1, 'avg_score': 6.1, 'avg_vaep': 0.49}]",{'2010/2011': 5}
10ce671d-55af-2d7a-7be6-fbc8d028cdf1,26750,Tiago Filipe Figueiras Gomes,Attacker,right,1,6.05,0.14706141448914423,"[{'season_label': '2010/2011', 'appearances': 1, 'avg_score': 6.05, 'avg_vaep': 0.15}]",{'2010/2011': 24}
3fa14ed7-b585-5de1-e9a3-cf48677fa60c,26751,Matías Lionel Fritzler,Midfielder,right,2,6.0,0.2079298414355435,"[{'season_label': '2010/2011', 'appearances': 2, 'avg_score': 6.0, 'avg_vaep': 0.21}]",{'2010/2011': 18}
176578e8-de25-dd19-442a-4b21a008357f,93981,Piet Velthuizen,Midfielder,,0,,,[],{'2010/2011': 25}
2f3d5280-b516-0e98-4c54-72b5110a74b1,25998,Francisco Javier Farinós Zapata,Midfielder,right,2,6.0,-0.04228498463999131,"[{'season_label': '2010/2011', 'appearances': 1, 'avg_score': 6.0, 'avg_vaep': -0.02}, {'season_label': '2011/2012', 'appearances': 1, 'avg_score': 6.0, 'avg_vaep': -0.06}]","{'2010/2011': 8, '2011/2012': 4}"
d03c09dc-34c5-3657-aff1-f459a86b20ed,26212,Cristian Hidalgo González,Attacker,right,1,6.02,0.27131792552245315,"[{'season_label': '2010/2011', 'appearances': 1, 'avg_score': 6.02, 'avg_vaep': 0.27}]",{'2010/2011': 6}
aa80b018-30f8-ec60-2e9b-4de8cf6e7a97,26757,Mohamed Adama Sarr,Defender,right,1,6.0,0.21076770677609602,"[{'season_label': '2010/2011', 'appearances': 1, 'avg_score': 6.0, 'avg_vaep': 0.21}]",{'2010/2011': 4}
f78688fb-6a55-0741-3ade-54a230355acd,6724,Manuel Agudo Durán,Attacker,right,13,6.451538461538462,0.35014954040413543,"[{'season_label': '2010/2011', 'appearances': 2, 'avg_score': 6.03, 'avg_vaep': 0.16}, {'season_label': '2012/2013', 'appearances': 1, 'avg_score': 6.42, 'avg_vaep': 0.47}, {'season_label': '2013/2014', 'appearances': 1, 'avg_score': 6.18, 'avg_vaep': 0.4}, {'season_label': '2014/2015', 'appearances': 2, 'avg_score': 6.52, 'avg_vaep': 0.83}, {'season_label': '2015/2016', 'appearances': 1, 'avg_score': 8.1, 'avg_vaep': 0.57}, {'season_label': '2018/2019', 'appearances': 2, 'avg_score': 6.75, 'avg_vaep': 0.29}, {'season_label': '2019/2020', 'appearances': 2, 'avg_score': 6.29, 'avg_vaep': 0.24}, {'season_label': '2020/2021', 'appearances': 2, 'avg_score': 6.0, 'avg_vaep': 0.04}]","{'2010/2011': 27, '2012/2013': 10, '2013/2014': 10, '2014/2015': 10, '2015/2016': 10, '2017/2018': 8, '2018/2019': 3, '2019/2020': 9, '2020/2021': 24}"
4db0f8b0-fc89-5da2-63fd-77fc8aecabe4,3095,Bruno Saltor Grau,Defender,right,1,6.31,0.11413274147525954,"[{'season_label': '2010/2011', 'appearances': 1, 'avg_score': 6.31, 'avg_vaep': 0.11}]",{'2010/2011': 2}
7a430339-c10c-642c-4b22-51756fd1b484,3294,Juan Manuel Mata García,Attacker,left,2,6.109999999999999,0.4053475840637475,"[{'season_label': '2010/2011', 'appearances': 2, 'avg_score': 6.11, 'avg_vaep': 0.41}]",{'2010/2011': 10}
b52340b4-de45-66b8-04c9-880aa0b4af5f,4711,Pablo Hernández Domínguez,Attacker,right,3,7.03,0.17027979690525777,"[{'season_label': '2010/2011', 'appearances': 2, 'avg_score': 7.0, 'avg_vaep': 0.37}, {'season_label': '2011/2012', 'appearances': 1, 'avg_score': 7.09, 'avg_vaep': -0.22}]","{'2010/2011': 19, '2011/2012': 19}"
8ef0327d-29df-ae10-0751-f4ed0a042790,5211,Jordi Alba Ramos,Defender,left,242,6.876487603305785,0.45113301834148356,"[{'season_label': '2010/2011', 'appearances': 2, 'avg_score': 6.49, 'avg_vaep': 0.14}, {'season_label': '2011/2012', 'appearances': 2, 'avg_score': 6.11, 'avg_vaep': 0.32}, {'season_label': '2012/2013', 'appearances': 26, 'avg_score': 6.88, 'avg_vaep': 0.47}, {'season_label': '2013/2014', 'appearances': 11, 'avg_score': 6.84, 'avg_vaep': 0.48}, {'season_label': '2014/2015', 'appearances': 27, 'avg_score': 7.07, 'avg_vaep': 0.54}, {'season_label': '2015/2016', 'appearances': 31, 'avg_score': 6.81, 'avg_vaep': 0.47}, {'season_label': '2016/2017', 'appearances': 23, 'avg_score': 6.58, 'avg_vaep': 0.4}, {'season_label': '2017/2018', 'appearances': 33, 'avg_score': 6.89, 'avg_vaep': 0.44}, {'season_label': '2018/2019', 'appearances': 23, 'avg_score': 6.88, 'avg_vaep': 0.52}, {'season_label': '2019/2020', 'appearances': 33, 'avg_score': 7.11, 'avg_vaep': 0.33}, {'season_label': '2020/2021', 'appearances': 31, 'avg_score': 6.8, 'avg_vaep': 0.49}]","{'2010/2011': 28, '2011/2012': 17, '2012/2013': 18, '2013/2014': 18, '2014/2015': 18, '2015/2016': 18, '2016/2017': 18, '2017/2018': 18, '2018/2019': 18, '2019/2020': 18, '2020/2021': 18}"
fdaa09fc-5ed1-8d32-26b3-a1a00f1bc48c,5504,Éver Maximiliano David Banega,Midfielder,right,13,6.610769230769231,0.5538282400227147,"[{'season_label': '2010/2011', 'appearances': 2, 'avg_score': 6.42, 'avg_vaep': 0.45}, {'season_label': '2011/2012', 'appearances': 1, 'avg_score': 7.07, 'avg_vaep': 0.85}, {'season_label': '2012/2013', 'appearances': 1, 'avg_score': 6.39, 'avg_vaep': 0.81}, {'season_label': '2013/2014', 'appearances': 1, 'avg_score': 6.07, 'avg_vaep': 0.44}, {'season_label': '2014/2015', 'appearances': 2, 'avg_score': 6.38, 'avg_vaep': 0.54}, {'season_label': '2017/2018', 'appearances': 2, 'avg_score': 6.75, 'avg_vaep': 0.83}, {'season_label': '2018/2019', 'appearances': 2, 'avg_score': 6.8, 'avg_vaep': 0.27}, {'season_label': '2020/2021', 'appearances': 2, 'avg_score': 6.85, 'avg_vaep': 0.46}]","{'2010/2011': 21, '2011/2012': 10, '2012/2013': 10, '2013/2014': 10, '2014/2015': 19, '2017/2018': 10, '2018/2019': 10, '2020/2021': 10}"
3c69ccff-8acc-065a-a561-8b36b74703de,6350,Manuel Henrique Tavares Fernandes,Midfielder,right,1,6.33,0.4146103361999849,"[{'season_label': '2010/2011', 'appearances': 1, 'avg_score': 6.33, 'avg_vaep': 0.41}]",{'2010/2011': 18}
d28d76b4-5923-25c3-bafc-1840d4bb2957,6394,Aritz Aduriz Zubeldia,Attacker,right,12,6.645,0.25345548774960963,"[{'season_label': '2010/2011', 'appearances': 1, 'avg_score': 6.0, 'avg_vaep': 0.05}, {'season_label': '2012/2013', 'appearances': 2, 'avg_score': 6.58, 'avg_vaep': 0.3}, {'season_label': '2013/2014', 'appearances': 1, 'avg_score': 7.49, 'avg_vaep': 0.13}, {'season_label': '2014/2015', 'appearances': 2, 'avg_score': 7.21, 'avg_vaep': 0.1}, {'season_label': '2015/2016', 'appearances': 1, 'avg_score': 6.13, 'avg_vaep': 0.3}, {'season_label': '2016/2017', 'appearances': 2, 'avg_score': 6.2, 'avg_vaep': 0.52}, {'season_label': '2017/2018', 'appearances': 1, 'avg_score': 6.0, 'avg_vaep': 0.11}, {'season_label': '2020/2021', 'appearances': 2, 'avg_score': 7.08, 'avg_vaep': 0.31}]","{'2010/2011': 11, '2012/2013': 20, '2013/2014': 20, '2014/2015': 20, '2015/2016': 20, '2016/2017': 20, '2017/2018': 20, '2020/2021': 20}"
c974b58d-1b0d-f79a-2050-3c23e67cea69,10609,Jérémy Mathieu,Defender,left,64,6.38625,0.31753321765728515,"[{'season_label': '2010/2011', 'appearances': 2, 'avg_score': 6.05, 'avg_vaep': 0.68}, {'season_label': '2011/2012', 'appearances': 2, 'avg_score': 6.0, 'avg_vaep': 0.27}, {'season_label': '2013/2014', 'appearances': 1, 'avg_score': 6.42, 'avg_vaep': 1.02}, {'season_label': '2014/2015', 'appearances': 28, 'avg_score': 6.48, 'avg_vaep': 0.35}, {'season_label': '2015/2016', 'appearances': 21, 'avg_score': 6.25, 'avg_vaep': 0.24}, {'season_label': '2016/2017', 'appearances': 10, 'avg_score': 6.55, 'avg_vaep': 0.27}]","{'2010/2011': 22, '2011/2012': 22, '2013/2014': 22, '2014/2015': 24, '2015/2016': 24, '2016/2017': 24}"
a87bbbbe-0834-4d9c-9fd3-f6d86bb7cc88,19454,Ricardo Miguel Moreira da Costa,Defender,right,7,6.064285714285715,0.16477826826563355,"[{'season_label': '2010/2011', 'appearances': 2, 'avg_score': 6.02, 'avg_vaep': 0.19}, {'season_label': '2011/2012', 'appearances': 1, 'avg_score': 6.0, 'avg_vaep': -0.0}, {'season_label': '2012/2013', 'appearances': 1, 'avg_score': 6.0, 'avg_vaep': 0.22}, {'season_label': '2013/2014', 'appearances': 2, 'avg_score': 6.21, 'avg_vaep': 0.17}, {'season_label': '2015/2016', 'appearances': 1, 'avg_score': 6.0, 'avg_vaep': 0.22}]","{'2010/2011': 20, '2011/2012': 20, '2012/2013': 20, '2013/2014': 20, '2015/2016': 24}"
737233cb-87df-e0e7-b552-5a1b7ecc112c,20124,Vicente Rodríguez Guillén,Attacker,,1,6.0,0.5166195478232112,"[{'season_label': '2010/2011', 'appearances': 1, 'avg_score': 6.0, 'avg_vaep': 0.52}]",{'2010/2011': 14}
9abcd7ad-0d9b-1da3-87a1-9cc3fc572cde,20128,David Albelda Aliqués,Midfielder,right,4,6.015,0.5039772247864676,"[{'season_label': '2010/2011', 'appearances': 1, 'avg_score': 6.02, 'avg_vaep': 0.37}, {'season_label': '2011/2012', 'appearances': 2, 'avg_score': 6.02, 'avg_vaep': 0.48}, {'season_label': '2012/2013', 'appearances': 1, 'avg_score': 6.0, 'avg_vaep': 0.69}]","{'2010/2011': 6, '2011/2012': 6, '2012/2013': 6}"
5657a4a1-f4bb-5cc4-b95d-6e17b6ac6d62,25917,César Sánchez Domínguez,GK,right,1,7.24,0.2306745762907667,"[{'season_label': '2010/2011', 'appearances': 1, 'avg_score': 7.24, 'avg_vaep': 0.23}]",{'2010/2011': 1}
90a01a8d-c851-635a-d708-76baf3b2d216,26009,Roberto Soldado Rillo,Attacker,right,12,6.263333333333333,0.19989810408120925,"[{'season_label': '2010/2011', 'appearances': 2, 'avg_score': 6.01, 'avg_vaep': 0.16}, {'season_label': '2011/2012', 'appearances': 2, 'avg_score': 6.5, 'avg_vaep': 0.25}, {'season_label': '2012/2013', 'appearances': 2, 'avg_score': 6.79, 'avg_vaep': 0.26}, {'season_label': '2015/2016', 'appearances': 2, 'avg_score': 6.17, 'avg_vaep': 0.11}, {'season_label': '2016/2017', 'appearances': 1, 'avg_score': 6.05, 'avg_vaep': 0.23}, {'season_label': '2018/2019', 'appearances': 1, 'avg_score': 6.14, 'avg_vaep': 0.38}, {'season_label': '2019/2020', 'appearances': 2, 'avg_score': 6.01, 'avg_vaep': 0.11}]","{'2010/2011': 9, '2011/2012': 9, '2012/2013': 9, '2015/2016': 9, '2016/2017': 9, '2018/2019': 9, '2019/2020': 9}"
157ac77e-2af1-0696-364b-aec2d6cddc15,26012,David Navarro Pedrós,Defender,right,6,6.016666666666667,0.14541665374357157,"[{'season_label': '2010/2011', 'appearances': 1, 'avg_score': 6.1, 'avg_vaep': 0.21}, {'season_label': '2012/2013', 'appearances': 1, 'avg_score': 6.0, 'avg_vaep': 0.1}, {'season_label': '2013/2014', 'appearances': 2, 'avg_score': 6.0, 'avg_vaep': 0.18}, {'season_label': '2014/2015', 'appearances': 1, 'avg_score': 6.0, 'avg_vaep': 0.02}, {'season_label': '2015/2016', 'appearances': 1, 'avg_score': 6.0, 'avg_vaep': 0.19}]","{'2010/2011': 4, '2012/2013': 4, '2013/2014': 4, '2014/2015': 4, '2015/2016': 4}"
f73a9f95-7962-cd73-fce5-1078b5b9614f,6391,Raúl García Escudero,Attacker,right,16,6.318125,0.3732558899639571,"[{'season_label': '2010/2011', 'appearances': 1, 'avg_score': 6.64, 'avg_vaep': 0.33}, {'season_label': '2011/2012', 'appearances': 2, 'avg_score': 6.69, 'avg_vaep': 0.52}, {'season_label': '2013/2014', 'appearances': 2, 'avg_score': 6.21, 'avg_vaep': 0.43}, {'season_label': '2014/2015', 'appearances': 2, 'avg_score': 6.0, 'avg_vaep': 0.19}, {'season_label': '2016/2017', 'appearances': 2, 'avg_score': 6.25, 'avg_vaep': 0.25}, {'season_label': '2017/2018', 'appearances': 2, 'avg_score': 6.43, 'avg_vaep': 0.47}, {'season_label': '2018/2019', 'appearances': 1, 'avg_score': 6.0, 'avg_vaep': 0.08}, {'season_label': '2019/2020', 'appearances': 2, 'avg_score': 6.3, 'avg_vaep': 0.4}, {'season_label': '2020/2021', 'appearances': 2, 'avg_score': 6.34, 'avg_vaep': 0.52}]","{'2010/2011': 8, '2011/2012': 14, '2013/2014': 8, '2014/2015': 8, '2016/2017': 22, '2017/2018': 22, '2018/2019': 22, '2019/2020': 22, '2020/2021': 22}"
9cc2a20a-d341-38fe-a5b3-60b394fff7d1,19765,Simão Pedro Fonseca Sabrosa,Attacker,right,3,6.06,0.31175392856615264,"[{'season_label': '2010/2011', 'appearances': 1, 'avg_score': 6.12, 'avg_vaep': 0.45}, {'season_label': '2012/2013', 'appearances': 1, 'avg_score': 6.0, 'avg_vaep': 0.27}, {'season_label': '2013/2014', 'appearances': 1, 'avg_score': 6.06, 'avg_vaep': 0.22}]","{'2010/2011': 20, '2012/2013': 20, '2013/2014': 20}"
19307038-d903-8d64-a406-840acdd54e23,26120,Luis Amaranto Perea Mosquera,Defender,right,2,6.0,0.21179843995651026,"[{'season_label': '2010/2011', 'appearances': 1, 'avg_score': 6.0, 'avg_vaep': 0.03}, {'season_label': '2011/2012', 'appearances': 1, 'avg_score': 6.0, 'avg_vaep': 0.39}]","{'2010/2011': 21, '2011/2012': 21}"
07659334-56f0-74d2-c75b-bbad63af95e6,6593,Martín Montoya Torralbo,Defender,right,40,6.33975,0.39646301370476067,"[{'season_label': '2010/2011', 'appearances': 2, 'avg_score': 6.0, 'avg_vaep': 0.09}, {'season_label': '2011/2012', 'appearances': 7, 'avg_score': 6.18, 'avg_vaep': 0.16}, {'season_label': '2012/2013', 'appearances': 10, 'avg_score': 6.27, 'avg_vaep': 0.4}, {'season_label': '2013/2014', 'appearances': 9, 'avg_score': 6.43, 'avg_vaep': 0.46}, {'season_label': '2014/2015', 'appearances': 8, 'avg_score': 6.67, 'avg_vaep': 0.52}, {'season_label': '2015/2016', 'appearances': 1, 'avg_score': 6.0, 'avg_vaep': 0.4}, {'season_label': '2016/2017', 'appearances': 2, 'avg_score': 6.05, 'avg_vaep': 0.73}, {'season_label': '2020/2021', 'appearances': 1, 'avg_score': 6.26, 'avg_vaep': 0.36}]","{'2010/2011': 40, '2011/2012': 35, '2012/2013': 19, '2013/2014': 2, '2014/2015': 2, '2015/2016': 3, '2016/2017': 21, '2019/2020': 2, '2020/2021': 21}"
4f7b884f-2445-ef08-da9b-bc77b028722c,6890,Andreu Fontàs Prat,Defender,left,10,6.2700000000000005,0.48263394111654634,"[{'season_label': '2010/2011', 'appearances': 4, 'avg_score': 6.41, 'avg_vaep': 0.3}, {'season_label': '2011/2012', 'appearances': 1, 'avg_score': 6.68, 'avg_vaep': 0.02}, {'season_label': '2012/2013', 'appearances': 1, 'avg_score': 6.0, 'avg_vaep': 0.46}, {'season_label': '2013/2014', 'appearances': 2, 'avg_score': 6.09, 'avg_vaep': 0.77}, {'season_label': '2014/2015', 'appearances': 1, 'avg_score': 6.08, 'avg_vaep': 0.7}, {'season_label': '2020/2021', 'appearances': 1, 'avg_score': 6.11, 'avg_vaep': 0.92}]","{'2010/2011': 26, '2011/2012': 24, '2012/2013': 24, '2013/2014': 3, '2014/2015': 3, '2015/2016': 3, '2020/2021': 3}"
ba9fab00-1f67-381e-56e4-10575874d967,4691,Claudio Andrés Bravo Muñoz,GK,right,79,6.232658227848101,0.2251566190170476,"[{'season_label': '2010/2011', 'appearances': 2, 'avg_score': 6.04, 'avg_vaep': 0.2}, {'season_label': '2011/2012', 'appearances': 2, 'avg_score': 6.18, 'avg_vaep': 0.36}, {'season_label': '2012/2013', 'appearances': 2, 'avg_score': 6.04, 'avg_vaep': 0.43}, {'season_label': '2013/2014', 'appearances': 2, 'avg_score': 6.5, 'avg_vaep': 0.09}, {'season_label': '2014/2015', 'appearances': 37, 'avg_score': 6.12, 'avg_vaep': 0.19}, {'season_label': '2015/2016', 'appearances': 32, 'avg_score': 6.37, 'avg_vaep': 0.26}, {'season_label': '2016/2017', 'appearances': 1, 'avg_score': 6.0, 'avg_vaep': 0.18}, {'season_label': '2019/2020', 'appearances': 1, 'avg_score': 6.44, 'avg_vaep': 0.31}]","{'2010/2011': 1, '2011/2012': 1, '2012/2013': 1, '2013/2014': 1, '2014/2015': 13, '2015/2016': 13, '2016/2017': 13, '2019/2020': 25}"
139042a4-157a-773f-2098-47829d80894d,5487,Antoine Griezmann,Attacker,left,81,6.815308641975308,0.38668082091980643,"[{'season_label': '2010/2011', 'appearances': 2, 'avg_score': 6.04, 'avg_vaep': 0.57}, {'season_label': '2011/2012', 'appearances': 2, 'avg_score': 7.47, 'avg_vaep': 0.89}, {'season_label': '2012/2013', 'appearances': 2, 'avg_score': 6.37, 'avg_vaep': 0.35}, {'season_label': '2013/2014', 'appearances': 2, 'avg_score': 6.7, 'avg_vaep': 0.8}, {'season_label': '2014/2015', 'appearances': 2, 'avg_score': 6.21, 'avg_vaep': 0.89}, {'season_label': '2015/2016', 'appearances': 2, 'avg_score': 6.56, 'avg_vaep': 0.6}, {'season_label': '2016/2017', 'appearances': 2, 'avg_score': 6.77, 'avg_vaep': 0.42}, {'season_label': '2017/2018', 'appearances': 2, 'avg_score': 6.54, 'avg_vaep': 0.46}, {'season_label': '2018/2019', 'appearances': 30, 'avg_score': 6.71, 'avg_vaep': 0.32}, {'season_label': '2019/2020', 'appearances': 33, 'avg_score': 7.03, 'avg_vaep': 0.35}, {'season_label': '2020/2021', 'appearances': 2, 'avg_score': 6.64, 'avg_vaep': 0.11}]","{'2010/2011': 7, '2011/2012': 7, '2012/2013': 7, '2013/2014': 7, '2014/2015': 7, '2015/2016': 7, '2016/2017': 7, '2017/2018': 7, '2018/2019': 17, '2019/2020': 7, '2020/2021': 7}"
27934a1f-19d6-78a1-377c-257b9a780e80,6633,Markel Bergara Larrañaga,Midfielder,right,9,6.0055555555555555,0.5477150556398556,"[{'season_label': '2010/2011', 'appearances': 1, 'avg_score': 6.0, 'avg_vaep': 0.62}, {'season_label': '2011/2012', 'appearances': 1, 'avg_score': 6.03, 'avg_vaep': 0.12}, {'season_label': '2012/2013', 'appearances': 2, 'avg_score': 6.0, 'avg_vaep': 0.37}, {'season_label': '2013/2014', 'appearances': 2, 'avg_score': 6.01, 'avg_vaep': 0.44}, {'season_label': '2014/2015', 'appearances': 2, 'avg_score': 6.0, 'avg_vaep': 1.05}, {'season_label': '2020/2021', 'appearances': 1, 'avg_score': 6.0, 'avg_vaep': 0.47}]","{'2010/2011': 5, '2011/2012': 5, '2012/2013': 5, '2013/2014': 5, '2014/2015': 5, '2020/2021': 5}"
3a37abde-efe1-dab1-b30f-7c5c7e581b93,6669,David Zurutuza Veillet,Midfielder,right,10,6.161,0.44139364311322427,"[{'season_label': '2010/2011', 'appearances': 2, 'avg_score': 6.0, 'avg_vaep': 0.05}, {'season_label': '2011/2012', 'appearances': 1, 'avg_score': 6.07, 'avg_vaep': 1.01}, {'season_label': '2013/2014', 'appearances': 1, 'avg_score': 6.64, 'avg_vaep': 0.6}, {'season_label': '2015/2016', 'appearances': 1, 'avg_score': 6.11, 'avg_vaep': 0.13}, {'season_label': '2016/2017', 'appearances': 2, 'avg_score': 6.37, 'avg_vaep': 0.78}, {'season_label': '2017/2018', 'appearances': 1, 'avg_score': 6.0, 'avg_vaep': 0.25}, {'season_label': '2020/2021', 'appearances': 2, 'avg_score': 6.03, 'avg_vaep': 0.38}]","{'2010/2011': 17, '2011/2012': 17, '2013/2014': 17, '2015/2016': 17, '2016/2017': 17, '2017/2018': 17, '2020/2021': 17}"
81507461-8f19-008d-a3c7-8b95a2f5b964,6690,Xabier Prieto Argarate,Attacker,right,16,6.394375,0.2909253131489322,"[{'season_label': '2010/2011', 'appearances': 2, 'avg_score': 6.86, 'avg_vaep': -0.13}, {'season_label': '2011/2012', 'appearances': 2, 'avg_score': 6.3, 'avg_vaep': 0.64}, {'season_label': '2012/2013', 'appearances': 2, 'avg_score': 6.0, 'avg_vaep': 0.3}, {'season_label': '2013/2014', 'appearances': 2, 'avg_score': 6.0, 'avg_vaep': 0.03}, {'season_label': '2014/2015', 'appearances': 2, 'avg_score': 6.41, 'avg_vaep': 0.47}, {'season_label': '2015/2016', 'appearances': 2, 'avg_score': 6.23, 'avg_vaep': 0.1}, {'season_label': '2016/2017', 'appearances': 2, 'avg_score': 7.27, 'avg_vaep': 0.47}, {'season_label': '2020/2021', 'appearances': 2, 'avg_score': 6.08, 'avg_vaep': 0.47}]","{'2010/2011': 10, '2011/2012': 10, '2012/2013': 10, '2013/2014': 10, '2014/2015': 10, '2015/2016': 10, '2016/2017': 10, '2020/2021': 10}"
7ab6acc5-bbf2-5202-8d5f-fa1b92e6beb1,8724,Carlos Martínez Díez,Defender,right,7,6.0928571428571425,0.4757916816555995,"[{'season_label': '2010/2011', 'appearances': 2, 'avg_score': 6.05, 'avg_vaep': 0.41}, {'season_label': '2011/2012', 'appearances': 1, 'avg_score': 6.0, 'avg_vaep': 0.6}, {'season_label': '2012/2013', 'appearances': 1, 'avg_score': 6.23, 'avg_vaep': 0.78}, {'season_label': '2014/2015', 'appearances': 2, 'avg_score': 6.06, 'avg_vaep': 0.46}, {'season_label': '2016/2017', 'appearances': 1, 'avg_score': 6.19, 'avg_vaep': 0.21}]","{'2010/2011': 2, '2011/2012': 2, '2012/2013': 2, '2014/2015': 2, '2015/2016': 2, '2016/2017': 2}"
c4c28b36-7e14-df88-993a-d475dedf6b77,12191,Gorka Elustondo Urkola,Defender,right,5,6.044,0.1681031956213701,"[{'season_label': '2010/2011', 'appearances': 2, 'avg_score': 6.0, 'avg_vaep': 0.04}, {'season_label': '2012/2013', 'appearances': 1, 'avg_score': 6.0, 'avg_vaep': 0.11}, {'season_label': '2013/2014', 'appearances': 1, 'avg_score': 6.22, 'avg_vaep': 0.28}, {'season_label': '2015/2016', 'appearances': 1, 'avg_score': 6.0, 'avg_vaep': 0.36}]","{'2010/2011': 4, '2012/2013': 4, '2013/2014': 4, '2014/2015': 4, '2015/2016': 3}"
dae43844-e99e-2120-bb9f-2e00b05d7ca3,16622,Mikel González de Martín Martínez,Defender,right,9,6.036666666666666,0.37798115567865254,"[{'season_label': '2010/2011', 'appearances': 2, 'avg_score': 6.0, 'avg_vaep': 0.34}, {'season_label': '2011/2012', 'appearances': 1, 'avg_score': 6.0, 'avg_vaep': 0.57}, {'season_label': '2012/2013', 'appearances': 2, 'avg_score': 6.0, 'avg_vaep': 0.37}, {'season_label': '2013/2014', 'appearances': 1, 'avg_score': 6.33, 'avg_vaep': 0.35}, {'season_label': '2014/2015', 'appearances': 1, 'avg_score': 6.0, 'avg_vaep': 0.48}, {'season_label': '2015/2016', 'appearances': 2, 'avg_score': 6.0, 'avg_vaep': 0.29}]","{'2010/2011': 3, '2011/2012': 3, '2012/2013': 3, '2013/2014': 3, '2014/2015': 3, '2015/2016': 3, '2016/2017': 3}"
b7aee803-3526-8a4c-2bc6-bc5ba337b4e1,26060,Diego Rivas Gutiérrez,Midfielder,right,2,6.0,0.3614560403057112,"[{'season_label': '2010/2011', 'appearances': 2, 'avg_score': 6.0, 'avg_vaep': 0.36}]",{'2010/2011': 19}
0d57b292-4274-7d9e-02cf-ceab91989fa3,26109,Raúl Tamudo Montero,Attacker,right,5,6.392,0.3077788636976038,"[{'season_label': '2010/2011', 'appearances': 2, 'avg_score': 6.18, 'avg_vaep': 0.09}, {'season_label': '2011/2012', 'appearances': 2, 'avg_score': 6.15, 'avg_vaep': 0.56}, {'season_label': '2012/2013', 'appearances': 1, 'avg_score': 7.3, 'avg_vaep': 0.23}]","{'2010/2011': 20, '2011/2012': 9, '2012/2013': 15}"
fca1843a-88d8-4796-402f-2cb5cf8fead4,26441,Daniel Estrada Agirrezablaga,Defender,right,4,6.0,0.7227286174561414,"[{'season_label': '2010/2011', 'appearances': 1, 'avg_score': 6.0, 'avg_vaep': 0.34}, {'season_label': '2011/2012', 'appearances': 1, 'avg_score': 6.0, 'avg_vaep': 1.84}, {'season_label': '2012/2013', 'appearances': 1, 'avg_score': 6.0, 'avg_vaep': 0.45}, {'season_label': '2013/2014', 'appearances': 1, 'avg_score': 6.0, 'avg_vaep': 0.27}]","{'2010/2011': 22, '2011/2012': 22, '2012/2013': 22, '2013/2014': 22}"
4139cb77-8eba-e899-6577-f0a5533e4bb0,26449,Mikel Aranburu Eizagirre,Midfielder,right,4,6.0275,0.25767800584571887,"[{'season_label': '2010/2011', 'appearances': 2, 'avg_score': 6.0, 'avg_vaep': 0.21}, {'season_label': '2011/2012', 'appearances': 2, 'avg_score': 6.05, 'avg_vaep': 0.3}]","{'2010/2011': 11, '2011/2012': 11}"
60ab18c5-5fc1-bf45-b704-67fbe57fe52f,26700,Diego Ifrán Sala,Attacker,right,3,6.373333333333334,0.270683247672423,"[{'season_label': '2010/2011', 'appearances': 1, 'avg_score': 6.7, 'avg_vaep': 0.27}, {'season_label': '2011/2012', 'appearances': 1, 'avg_score': 6.42, 'avg_vaep': 0.49}, {'season_label': '2012/2013', 'appearances': 1, 'avg_score': 6.0, 'avg_vaep': 0.05}]","{'2010/2011': 21, '2011/2012': 21, '2012/2013': 21}"
99e20654-3379-8079-f216-4a8ff38630c0,26701,Vadim Demidov,Defender,right,3,6.0,0.1840480902659086,"[{'season_label': '2010/2011', 'appearances': 1, 'avg_score': 6.0, 'avg_vaep': 0.11}, {'season_label': '2011/2012', 'appearances': 1, 'avg_score': 6.0, 'avg_vaep': -0.06}, {'season_label': '2012/2013', 'appearances': 1, 'avg_score': 6.0, 'avg_vaep': 0.5}]","{'2010/2011': 16, '2011/2012': 16, '2012/2013': 15}"
4d630f93-4717-7b17-ec7a-362f19489239,6674,Alberto De La Bella Madureño,Defender,left,9,6.19,0.34120781102663184,"[{'season_label': '2010/2011', 'appearances': 1, 'avg_score': 6.04, 'avg_vaep': 0.18}, {'season_label': '2011/2012', 'appearances': 1, 'avg_score': 6.0, 'avg_vaep': 0.47}, {'season_label': '2012/2013', 'appearances': 2, 'avg_score': 6.0, 'avg_vaep': 0.24}, {'season_label': '2013/2014', 'appearances': 1, 'avg_score': 7.36, 'avg_vaep': 0.52}, {'season_label': '2014/2015', 'appearances': 2, 'avg_score': 6.08, 'avg_vaep': 0.66}, {'season_label': '2015/2016', 'appearances': 1, 'avg_score': 6.1, 'avg_vaep': 0.12}, {'season_label': '2020/2021', 'appearances': 1, 'avg_score': 6.03, 'avg_vaep': -0.01}]","{'2010/2011': 24, '2011/2012': 24, '2012/2013': 24, '2013/2014': 24, '2014/2015': 24, '2015/2016': 24, '2020/2021': 24}"
d2eca4c5-5b34-5610-eb26-099a8670910a,26191,Joseba Llorente Etxarri,Attacker,right,4,6.4174999999999995,0.2850685127264114,"[{'season_label': '2010/2011', 'appearances': 1, 'avg_score': 6.02, 'avg_vaep': 0.36}, {'season_label': '2011/2012', 'appearances': 1, 'avg_score': 6.0, 'avg_vaep': 0.12}, {'season_label': '2012/2013', 'appearances': 2, 'avg_score': 6.82, 'avg_vaep': 0.33}]","{'2010/2011': 8, '2011/2012': 8, '2012/2013': 12}"
f6968547-9011-82c9-47e2-fe1aa2d27edc,26763,Jeffrey Sarpong,Midfielder,left,1,6.0,0.21900120856480498,"[{'season_label': '2010/2011', 'appearances': 1, 'avg_score': 6.0, 'avg_vaep': 0.22}]",{'2010/2011': 14}
aa40d567-c94a-14b2-e9c1-26c1b043457d,26764,Jon Ansotegi Gorostola,Defender,right,5,6.0,0.22948819005723636,"[{'season_label': '2010/2011', 'appearances': 1, 'avg_score': 6.0, 'avg_vaep': 0.38}, {'season_label': '2012/2013', 'appearances': 1, 'avg_score': 6.0, 'avg_vaep': -0.0}, {'season_label': '2013/2014', 'appearances': 2, 'avg_score': 6.0, 'avg_vaep': -0.01}, {'season_label': '2014/2015', 'appearances': 1, 'avg_score': 6.0, 'avg_vaep': 0.79}]","{'2010/2011': 15, '2012/2013': 15, '2013/2014': 15, '2014/2015': 15, '2015/2016': 2}"
ab4f2b5f-d96c-a653-4911-9909c1eada2d,3486,Fernando Llorente Torres,Attacker,right,6,6.156666666666666,0.2230921314655158,"[{'season_label': '2010/2011', 'appearances': 1, 'avg_score': 6.82, 'avg_vaep': 0.65}, {'season_label': '2011/2012', 'appearances': 2, 'avg_score': 6.06, 'avg_vaep': 0.28}, {'season_label': '2012/2013', 'appearances': 2, 'avg_score': 6.0, 'avg_vaep': -0.02}, {'season_label': '2015/2016', 'appearances': 1, 'avg_score': 6.0, 'avg_vaep': 0.17}]","{'2010/2011': 9, '2011/2012': 9, '2012/2013': 9, '2015/2016': 24}"
23edd566-480c-510a-2d22-eb3f2fb04a62,6388,Ander Iturraspe Derteano,Midfielder,right,12,6.164166666666667,0.4251468872519884,"[{'season_label': '2010/2011', 'appearances': 1, 'avg_score': 6.0, 'avg_vaep': 0.19}, {'season_label': '2011/2012', 'appearances': 2, 'avg_score': 6.09, 'avg_vaep': 0.51}, {'season_label': '2012/2013', 'appearances': 1, 'avg_score': 6.33, 'avg_vaep': 0.96}, {'season_label': '2013/2014', 'appearances': 1, 'avg_score': 6.02, 'avg_vaep': 0.5}, {'season_label': '2014/2015', 'appearances': 1, 'avg_score': 6.55, 'avg_vaep': 0.56}, {'season_label': '2015/2016', 'appearances': 1, 'avg_score': 6.0, 'avg_vaep': 0.12}, {'season_label': '2016/2017', 'appearances': 2, 'avg_score': 6.2, 'avg_vaep': 0.38}, {'season_label': '2018/2019', 'appearances': 1, 'avg_score': 6.0, 'avg_vaep': -0.26}, {'season_label': '2020/2021', 'appearances': 2, 'avg_score': 6.25, 'avg_vaep': 0.63}]","{'2010/2011': 8, '2011/2012': 8, '2012/2013': 8, '2013/2014': 8, '2014/2015': 8, '2015/2016': 8, '2016/2017': 8, '2018/2019': 8, '2020/2021': 8}"
7298332f-04ac-004a-0ca4-4cc69ecf6f6b,6390,Markel Susaeta Laskurain,Attacker,right,14,6.409285714285715,0.4295689115779169,"[{'season_label': '2010/2011', 'appearances': 1, 'avg_score': 6.29, 'avg_vaep': 0.19}, {'season_label': '2011/2012', 'appearances': 2, 'avg_score': 6.27, 'avg_vaep': 0.72}, {'season_label': '2012/2013', 'appearances': 2, 'avg_score': 7.48, 'avg_vaep': 0.44}, {'season_label': '2013/2014', 'appearances': 1, 'avg_score': 7.02, 'avg_vaep': 0.73}, {'season_label': '2014/2015', 'appearances': 2, 'avg_score': 6.23, 'avg_vaep': 0.31}, {'season_label': '2015/2016', 'appearances': 1, 'avg_score': 6.23, 'avg_vaep': 0.37}, {'season_label': '2016/2017', 'appearances': 1, 'avg_score': 6.12, 'avg_vaep': 0.55}, {'season_label': '2017/2018', 'appearances': 2, 'avg_score': 6.05, 'avg_vaep': 0.45}, {'season_label': '2020/2021', 'appearances': 2, 'avg_score': 6.0, 'avg_vaep': 0.16}]","{'2010/2011': 14, '2011/2012': 14, '2012/2013': 14, '2013/2014': 14, '2014/2015': 14, '2015/2016': 14, '2016/2017': 14, '2017/2018': 14, '2020/2021': 14}"
412758d0-43dd-247b-ddea-07c7ec558c31,6576,Gorka Iraizoz Moreno,GK,right,13,6.454615384615384,0.24584062044903895,"[{'season_label': '2010/2011', 'appearances': 1, 'avg_score': 6.11, 'avg_vaep': 0.59}, {'season_label': '2011/2012', 'appearances': 2, 'avg_score': 7.13, 'avg_vaep': 0.36}, {'season_label': '2012/2013', 'appearances': 2, 'avg_score': 6.92, 'avg_vaep': 0.15}, {'season_label': '2013/2014', 'appearances': 1, 'avg_score': 6.31, 'avg_vaep': 0.24}, {'season_label': '2014/2015', 'appearances': 2, 'avg_score': 6.34, 'avg_vaep': 0.08}, {'season_label': '2015/2016', 'appearances': 2, 'avg_score': 6.05, 'avg_vaep': 0.08}, {'season_label': '2016/2017', 'appearances': 2, 'avg_score': 6.26, 'avg_vaep': 0.35}, {'season_label': '2020/2021', 'appearances': 1, 'avg_score': 6.08, 'avg_vaep': 0.33}]","{'2010/2011': 1, '2011/2012': 1, '2012/2013': 1, '2013/2014': 1, '2014/2015': 1, '2015/2016': 1, '2016/2017': 1, '2017/2018': 1, '2020/2021': 1}"
0baf163c-24ed-14b5-15aa-f57a9de5501c,6649,Óscar de Marcos Arana,Defender,right,17,6.139411764705883,0.3870022999827223,"[{'season_label': '2011/2012', 'appearances': 2, 'avg_score': 6.09, 'avg_vaep': 0.7}, {'season_label': '2012/2013', 'appearances': 2, 'avg_score': 6.19, 'avg_vaep': 0.29}, {'season_label': '2013/2014', 'appearances': 1, 'avg_score': 6.04, 'avg_vaep': 0.8}, {'season_label': '2014/2015', 'appearances': 2, 'avg_score': 6.22, 'avg_vaep': 0.12}, {'season_label': '2015/2016', 'appearances': 2, 'avg_score': 6.28, 'avg_vaep': 0.36}, {'season_label': '2016/2017', 'appearances': 2, 'avg_score': 6.2, 'avg_vaep': 0.55}, {'season_label': '2017/2018', 'appearances': 2, 'avg_score': 6.05, 'avg_vaep': 0.3}, {'season_label': '2018/2019', 'appearances': 1, 'avg_score': 6.01, 'avg_vaep': 0.32}, {'season_label': '2019/2020', 'appearances': 2, 'avg_score': 6.0, 'avg_vaep': 0.23}, {'season_label': '2020/2021', 'appearances': 1, 'avg_score': 6.27, 'avg_vaep': 0.37}]","{'2010/2011': 10, '2011/2012': 10, '2012/2013': 10, '2013/2014': 10, '2014/2015': 10, '2015/2016': 10, '2016/2017': 18, '2017/2018': 18, '2018/2019': 18, '2019/2020': 18, '2020/2021': 18}"
2a845d4d-23b8-83ac-b632-fefd814e175f,6781,Raúl Fernández-Cavada Mateos,Midfielder,,0,,,[],"{'2010/2011': 13, '2012/2013': 13, '2020/2021': 1}"
74961657-ae02-e93f-c17b-e9d9fc864620,6842,Iker Muniain Goñi,Attacker,right,14,6.252142857142857,0.2622282038882986,"[{'season_label': '2010/2011', 'appearances': 1, 'avg_score': 6.0, 'avg_vaep': 0.19}, {'season_label': '2011/2012', 'appearances': 2, 'avg_score': 6.37, 'avg_vaep': 0.16}, {'season_label': '2012/2013', 'appearances': 1, 'avg_score': 6.28, 'avg_vaep': 0.86}, {'season_label': '2013/2014', 'appearances': 1, 'avg_score': 6.31, 'avg_vaep': 0.47}, {'season_label': '2014/2015', 'appearances': 2, 'avg_score': 6.27, 'avg_vaep': 0.5}, {'season_label': '2015/2016', 'appearances': 1, 'avg_score': 6.0, 'avg_vaep': 0.0}, {'season_label': '2016/2017', 'appearances': 2, 'avg_score': 6.14, 'avg_vaep': 0.24}, {'season_label': '2017/2018', 'appearances': 1, 'avg_score': 6.0, 'avg_vaep': 0.3}, {'season_label': '2018/2019', 'appearances': 1, 'avg_score': 6.0, 'avg_vaep': -0.02}, {'season_label': '2019/2020', 'appearances': 2, 'avg_score': 6.7, 'avg_vaep': 0.03}]","{'2010/2011': 27, '2011/2012': 19, '2012/2013': 19, '2013/2014': 19, '2014/2015': 19, '2015/2016': 19, '2016/2017': 10, '2017/2018': 10, '2018/2019': 10, '2019/2020': 10}"
b71cad1a-a284-6b59-79cb-84c34f7ca880,9399,Javier Martínez Aginaga,Defender,right,3,6.256666666666667,0.26228936614825216,"[{'season_label': '2010/2011', 'appearances': 1, 'avg_score': 6.05, 'avg_vaep': 0.25}, {'season_label': '2011/2012', 'appearances': 2, 'avg_score': 6.36, 'avg_vaep': 0.27}]","{'2010/2011': 24, '2011/2012': 24}"
799d3f5d-e868-0c08-1517-920476881764,25869,David López Moreno,Attacker,right,1,6.0,0.1128656460205093,"[{'season_label': '2010/2011', 'appearances': 1, 'avg_score': 6.0, 'avg_vaep': 0.11}]",{'2010/2011': 7}
368c6ba2-da64-fec4-4a2a-7efd49d74e01,26028,Fernando Amorebieta Mardaras,Defender,left,3,6.006666666666667,0.6164520034302162,"[{'season_label': '2010/2011', 'appearances': 1, 'avg_score': 6.0, 'avg_vaep': 0.55}, {'season_label': '2011/2012', 'appearances': 1, 'avg_score': 6.02, 'avg_vaep': 0.93}, {'season_label': '2012/2013', 'appearances': 1, 'avg_score': 6.0, 'avg_vaep': 0.36}]","{'2010/2011': 5, '2011/2012': 5, '2012/2013': 5}"
f670becb-6af6-2308-cdbe-9f5c6c741855,26031,Andoni Iraola Sagarna,Defender,right,4,6.4,0.46301215138782936,"[{'season_label': '2010/2011', 'appearances': 1, 'avg_score': 6.89, 'avg_vaep': 0.24}, {'season_label': '2011/2012', 'appearances': 2, 'avg_score': 6.19, 'avg_vaep': 0.52}, {'season_label': '2012/2013', 'appearances': 1, 'avg_score': 6.34, 'avg_vaep': 0.57}]","{'2010/2011': 15, '2011/2012': 15, '2012/2013': 15}"
6d9014db-7e66-3482-1274-df396bc3e372,26034,Igor Gabilondo del Campo,Attacker,left,1,6.0,0.29775117478675384,"[{'season_label': '2010/2011', 'appearances': 1, 'avg_score': 6.0, 'avg_vaep': 0.3}]",{'2010/2011': 11}
cb822825-34f7-9f13-c66d-289839bbf022,26087,Carlos Gurpegi Nausia,Midfielder,right,5,6.024,0.2984873876841448,"[{'season_label': '2010/2011', 'appearances': 1, 'avg_score': 6.0, 'avg_vaep': 0.62}, {'season_label': '2012/2013', 'appearances': 1, 'avg_score': 6.11, 'avg_vaep': 0.47}, {'season_label': '2014/2015', 'appearances': 2, 'avg_score': 6.0, 'avg_vaep': 0.17}, {'season_label': '2015/2016', 'appearances': 1, 'avg_score': 6.0, 'avg_vaep': 0.06}]","{'2010/2011': 18, '2012/2013': 18, '2014/2015': 18, '2015/2016': 18}"
87ae9f68-b3b1-afa5-07a7-bf4fd7e3144e,26100,Ustaritz Aldekoaotalora Astarloa,Attacker,right,1,6.0,0.0778845097629528,"[{'season_label': '2011/2012', 'appearances': 1, 'avg_score': 6.0, 'avg_vaep': 0.08}]","{'2010/2011': 4, '2011/2012': 15}"
27d6572f-7139-6db2-0557-679f273f76e8,26479,Koikili Lertxundi Del Campo,Defender,left,1,6.0,0.688945611116651,"[{'season_label': '2010/2011', 'appearances': 1, 'avg_score': 6.0, 'avg_vaep': 0.69}]",{'2010/2011': 3}
27509720-1dab-dc5e-0b84-00380871c107,26619,Gaizka Toquero Pinedo,Attacker,right,4,6.0625,0.29981273320299806,"[{'season_label': '2010/2011', 'appearances': 1, 'avg_score': 6.1, 'avg_vaep': 0.28}, {'season_label': '2011/2012', 'appearances': 1, 'avg_score': 6.15, 'avg_vaep': 0.82}, {'season_label': '2012/2013', 'appearances': 1, 'avg_score': 6.0, 'avg_vaep': 0.06}, {'season_label': '2013/2014', 'appearances': 1, 'avg_score': 6.0, 'avg_vaep': 0.04}]","{'2010/2011': 2, '2011/2012': 2, '2012/2013': 2, '2013/2014': 2, '2016/2017': 18}"
42831652-2a9f-0838-ba03-f36d85411bec,26736,Borja Ekiza Imaz,Defender,right,6,6.083333333333333,0.4543660688671783,"[{'season_label': '2010/2011', 'appearances': 1, 'avg_score': 6.0, 'avg_vaep': 0.69}, {'season_label': '2011/2012', 'appearances': 1, 'avg_score': 6.05, 'avg_vaep': 0.07}, {'season_label': '2012/2013', 'appearances': 2, 'avg_score': 6.22, 'avg_vaep': 0.44}, {'season_label': '2014/2015', 'appearances': 2, 'avg_score': 6.0, 'avg_vaep': 0.55}]","{'2010/2011': 32, '2011/2012': 23, '2012/2013': 23, '2014/2015': 5, '2015/2016': 23}"
c05335c6-fe38-6e87-2a05-8f0aab51f79c,41724,Xabier Castillo Aranburu,Midfielder,,0,,,[],"{'2010/2011': 22, '2012/2013': 22}"
b154e7b2-1b2f-f0a1-4d96-affa6d3fb958,6692,Oier Olazábal Paredes,GK,left,3,6.046666666666667,0.5483934420056661,"[{'season_label': '2014/2015', 'appearances': 1, 'avg_score': 6.1, 'avg_vaep': 0.4}, {'season_label': '2017/2018', 'appearances': 1, 'avg_score': 6.0, 'avg_vaep': 0.6}, {'season_label': '2020/2021', 'appearances': 1, 'avg_score': 6.04, 'avg_vaep': 0.64}]","{'2010/2011': 38, '2013/2014': 25, '2014/2015': 1, '2016/2017': 1, '2017/2018': 13, '2018/2019': 25, '2020/2021': 13}"
502cbcfe-de9f-1df5-528a-f4204f33e0c8,4926,Francisco Román Alarcón Suárez,Midfielder,right,12,6.263333333333333,0.436346245442716,"[{'season_label': '2010/2011', 'appearances': 1, 'avg_score': 6.0, 'avg_vaep': -0.01}, {'season_label': '2011/2012', 'appearances': 1, 'avg_score': 6.94, 'avg_vaep': 1.78}, {'season_label': '2012/2013', 'appearances': 1, 'avg_score': 6.59, 'avg_vaep': 0.75}, {'season_label': '2013/2014', 'appearances': 1, 'avg_score': 6.0, 'avg_vaep': 0.09}, {'season_label': '2014/2015', 'appearances': 2, 'avg_score': 6.23, 'avg_vaep': -0.01}, {'season_label': '2015/2016', 'appearances': 1, 'avg_score': 6.0, 'avg_vaep': 0.54}, {'season_label': '2016/2017', 'appearances': 1, 'avg_score': 6.29, 'avg_vaep': 1.14}, {'season_label': '2017/2018', 'appearances': 1, 'avg_score': 6.0, 'avg_vaep': 0.03}, {'season_label': '2018/2019', 'appearances': 2, 'avg_score': 6.44, 'avg_vaep': 0.4}, {'season_label': '2019/2020', 'appearances': 1, 'avg_score': 6.0, 'avg_vaep': 0.14}]","{'2010/2011': 26, '2011/2012': 22, '2012/2013': 22, '2013/2014': 23, '2014/2015': 23, '2015/2016': 22, '2016/2017': 22, '2017/2018': 22, '2018/2019': 22, '2019/2020': 22, '2020/2021': 22}"
a7b7e4b2-7722-574c-611f-e91476a50238,6625,Vicente Guaita Panadero,GK,right,9,6.204444444444444,0.2607137777348625,"[{'season_label': '2010/2011', 'appearances': 1, 'avg_score': 6.49, 'avg_vaep': 0.31}, {'season_label': '2011/2012', 'appearances': 1, 'avg_score': 6.93, 'avg_vaep': 0.43}, {'season_label': '2012/2013', 'appearances': 1, 'avg_score': 6.0, 'avg_vaep': 0.09}, {'season_label': '2014/2015', 'appearances': 2, 'avg_score': 6.08, 'avg_vaep': 0.19}, {'season_label': '2015/2016', 'appearances': 2, 'avg_score': 6.03, 'avg_vaep': 0.46}, {'season_label': '2020/2021', 'appearances': 2, 'avg_score': 6.1, 'avg_vaep': 0.11}]","{'2010/2011': 13, '2011/2012': 13, '2012/2013': 13, '2014/2015': 25, '2015/2016': 13, '2020/2021': 13}"
06ccc6fa-c98a-777f-ce43-a972eaca83df,6651,Joaquín Sánchez Rodríguez,Attacker,right,9,6.232222222222223,0.45573002704744187,"[{'season_label': '2010/2011', 'appearances': 1, 'avg_score': 6.0, 'avg_vaep': 0.13}, {'season_label': '2012/2013', 'appearances': 1, 'avg_score': 6.2, 'avg_vaep': 1.13}, {'season_label': '2015/2016', 'appearances': 1, 'avg_score': 6.0, 'avg_vaep': 0.17}, {'season_label': '2017/2018', 'appearances': 2, 'avg_score': 6.71, 'avg_vaep': 0.51}, {'season_label': '2018/2019', 'appearances': 1, 'avg_score': 6.0, 'avg_vaep': -0.0}, {'season_label': '2019/2020', 'appearances': 1, 'avg_score': 6.0, 'avg_vaep': 0.19}, {'season_label': '2020/2021', 'appearances': 2, 'avg_score': 6.24, 'avg_vaep': 0.73}]","{'2010/2011': 7, '2012/2013': 7, '2015/2016': 7, '2016/2017': 17, '2017/2018': 17, '2018/2019': 17, '2019/2020': 17, '2020/2021': 17}"
9ca90a44-a71f-38e3-2bc7-6ac9117f724a,17083,Jonas Gonçalves Oliveira,Attacker,right,6,6.156666666666666,0.31119380327436375,"[{'season_label': '2010/2011', 'appearances': 1, 'avg_score': 6.0, 'avg_vaep': 0.03}, {'season_label': '2011/2012', 'appearances': 2, 'avg_score': 6.12, 'avg_vaep': 0.55}, {'season_label': '2012/2013', 'appearances': 2, 'avg_score': 6.29, 'avg_vaep': 0.23}, {'season_label': '2013/2014', 'appearances': 1, 'avg_score': 6.13, 'avg_vaep': 0.27}]","{'2010/2011': 18, '2011/2012': 7, '2012/2013': 7, '2013/2014': 7}"
a87935bb-98aa-ea40-612a-9f7015393c52,26645,Ángel Dealbert Ibáñez,Defender,right,1,6.0,0.16988422084978083,"[{'season_label': '2010/2011', 'appearances': 1, 'avg_score': 6.0, 'avg_vaep': 0.17}]",{'2010/2011': 15}
53cdd418-2f8d-7e4b-71e9-b598f46f814b,26681,Marius Stankevičius,Defender,right,1,6.61,0.7768185937129601,"[{'season_label': '2010/2011', 'appearances': 1, 'avg_score': 6.61, 'avg_vaep': 0.78}]",{'2010/2011': 17}
6c092484-0f28-f960-2614-7e2cde8420af,26728,Alberto Facundo Costa,Midfielder,left,5,6.226,0.36103527142768144,"[{'season_label': '2010/2011', 'appearances': 1, 'avg_score': 6.3, 'avg_vaep': 0.06}, {'season_label': '2011/2012', 'appearances': 2, 'avg_score': 6.08, 'avg_vaep': 0.4}, {'season_label': '2012/2013', 'appearances': 2, 'avg_score': 6.33, 'avg_vaep': 0.47}]","{'2010/2011': 24, '2011/2012': 24, '2012/2013': 24}"
fe037be4-ff04-920f-b00f-fe132c77f7e4,47490,Rubén Miño Peralta,Midfielder,,0,,,[],{'2010/2011': 31}
3e98410c-45ea-98ad-dec5-55019bbae8eb,6740,Gonzalo Castro Irizábal,Attacker,left,10,6.276999999999999,0.3494310160422174,"[{'season_label': '2010/2011', 'appearances': 2, 'avg_score': 6.17, 'avg_vaep': 0.25}, {'season_label': '2011/2012', 'appearances': 2, 'avg_score': 6.06, 'avg_vaep': 0.31}, {'season_label': '2012/2013', 'appearances': 2, 'avg_score': 6.89, 'avg_vaep': 0.35}, {'season_label': '2014/2015', 'appearances': 2, 'avg_score': 6.02, 'avg_vaep': 0.62}, {'season_label': '2015/2016', 'appearances': 1, 'avg_score': 6.1, 'avg_vaep': -0.09}, {'season_label': '2020/2021', 'appearances': 1, 'avg_score': 6.37, 'avg_vaep': 0.51}]","{'2010/2011': 11, '2011/2012': 11, '2012/2013': 18, '2014/2015': 18, '2015/2016': 5, '2020/2021': 11}"
2d4027d6-df9c-0256-b8d4-474ce88f8c88,8675,Jonathan de Guzmán,Attacker,right,2,6.18,0.9514473692915999,"[{'season_label': '2010/2011', 'appearances': 2, 'avg_score': 6.18, 'avg_vaep': 0.95}]",{'2010/2011': 20}
117cdc17-fa82-2afc-7700-8dd9ba74b6af,13581,Emilio Nsue López,Attacker,right,5,6.268,0.17839358216369874,"[{'season_label': '2010/2011', 'appearances': 2, 'avg_score': 6.65, 'avg_vaep': 0.34}, {'season_label': '2011/2012', 'appearances': 2, 'avg_score': 6.02, 'avg_vaep': -0.12}, {'season_label': '2012/2013', 'appearances': 1, 'avg_score': 6.01, 'avg_vaep': 0.45}]","{'2010/2011': 8, '2011/2012': 8, '2012/2013': 8}"
33c192a4-c5e4-534a-10a0-f8176afd7d1d,24073,Sergio Tejera Rodríguez,Midfielder,left,1,6.0,0.049330720667057903,"[{'season_label': '2010/2011', 'appearances': 1, 'avg_score': 6.0, 'avg_vaep': 0.05}]",{'2010/2011': 27}
871c97e4-e473-2049-f0e0-8079646b1f27,25860,Enrique Corrales Martín,Midfielder,,0,,,[],{'2010/2011': 23}
bb9cad60-7e75-6782-441e-479ff3d13c8a,25876,Pierre Achille Webó Kouamo,Attacker,right,2,6.24,0.5958722881578069,"[{'season_label': '2010/2011', 'appearances': 2, 'avg_score': 6.24, 'avg_vaep': 0.6}]",{'2010/2011': 9}
3824ab9a-06b2-d12d-1221-c7f79bd17da5,25948,Jose Luis Martí Soler,Midfielder,right,5,6.029999999999999,0.8812845703734637,"[{'season_label': '2010/2011', 'appearances': 2, 'avg_score': 6.0, 'avg_vaep': 1.02}, {'season_label': '2011/2012', 'appearances': 2, 'avg_score': 6.07, 'avg_vaep': 0.6}, {'season_label': '2012/2013', 'appearances': 1, 'avg_score': 6.0, 'avg_vaep': 1.16}]","{'2010/2011': 19, '2011/2012': 19, '2012/2013': 19}"
1efc1b61-5012-fad9-d233-b3f3ca069dd1,25992,José Carlos de Araújo Nunes,Defender,right,2,6.0,0.15936621883429325,"[{'season_label': '2010/2011', 'appearances': 1, 'avg_score': 6.0, 'avg_vaep': 0.45}, {'season_label': '2011/2012', 'appearances': 1, 'avg_score': 6.0, 'avg_vaep': -0.13}]","{'2010/2011': 16, '2011/2012': 16}"
5677daf2-3249-cd30-61fe-c263776483bb,26068,Rubén González Rocha,Defender,right,3,6.0,0.21308432479539383,"[{'season_label': '2010/2011', 'appearances': 1, 'avg_score': 6.0, 'avg_vaep': 0.14}, {'season_label': '2011/2012', 'appearances': 1, 'avg_score': 6.0, 'avg_vaep': 0.44}, {'season_label': '2012/2013', 'appearances': 1, 'avg_score': 6.0, 'avg_vaep': 0.06}]","{'2010/2011': 5, '2011/2012': 3, '2012/2013': 3}"
b9648e4d-c6a5-ad47-bea0-c9023e810dfd,26146,Dudú Aouate,GK,right,5,6.17,0.222185350989821,"[{'season_label': '2010/2011', 'appearances': 2, 'avg_score': 6.06, 'avg_vaep': 0.22}, {'season_label': '2011/2012', 'appearances': 2, 'avg_score': 6.36, 'avg_vaep': 0.16}, {'season_label': '2012/2013', 'appearances': 1, 'avg_score': 6.02, 'avg_vaep': 0.35}]","{'2010/2011': 13, '2011/2012': 13, '2012/2013': 13}"
b5839f3b-37f8-6762-f4e3-00e32db051ea,26147,Ayoze Díaz Díaz,Defender,left,2,6.0,0.8662766173110867,"[{'season_label': '2010/2011', 'appearances': 1, 'avg_score': 6.0, 'avg_vaep': 0.54}, {'season_label': '2012/2013', 'appearances': 1, 'avg_score': 6.0, 'avg_vaep': 1.19}]","{'2010/2011': 17, '2012/2013': 17}"
053aa79e-3797-c70d-5da6-baf6cdbd9b05,26671,Michaël Pereira,Midfielder,right,4,6.095,0.5027500695186973,"[{'season_label': '2010/2011', 'appearances': 2, 'avg_score': 6.0, 'avg_vaep': 0.39}, {'season_label': '2011/2012', 'appearances': 1, 'avg_score': 6.33, 'avg_vaep': 0.74}, {'season_label': '2012/2013', 'appearances': 1, 'avg_score': 6.05, 'avg_vaep': 0.49}]","{'2010/2011': 7, '2011/2012': 7, '2012/2013': 7}"
341b5fde-ac58-32d9-6cc6-59b4a76ce3cd,26672,Martí Crespí Pascual,Defender,right,2,6.0,0.185352385713486,"[{'season_label': '2010/2011', 'appearances': 1, 'avg_score': 6.0, 'avg_vaep': 0.33}, {'season_label': '2011/2012', 'appearances': 1, 'avg_score': 6.0, 'avg_vaep': 0.04}]","{'2010/2011': 21, '2011/2012': 21}"
26876a13-a3c4-ea77-1950-1187a7e84fc9,26673,Kevin Martín García Martínez,Defender,left,1,6.0,0.12938782782657654,"[{'season_label': '2010/2011', 'appearances': 1, 'avg_score': 6.0, 'avg_vaep': 0.13}]",{'2010/2011': 29}
e30237d8-d854-2550-5b87-0c1b197ff99d,26675,João Victor de Albuquerque Bruno,Midfielder,right,3,6.103333333333333,0.5886368645296898,"[{'season_label': '2010/2011', 'appearances': 2, 'avg_score': 6.0, 'avg_vaep': 0.66}, {'season_label': '2011/2012', 'appearances': 1, 'avg_score': 6.31, 'avg_vaep': 0.45}]","{'2010/2011': 3, '2011/2012': 3}"
83d8be72-f731-a997-7c2a-c9e41807ac0d,26735,Akihiro Ienaga,Attacker,left,1,6.0,-0.10032497546126251,"[{'season_label': '2010/2011', 'appearances': 1, 'avg_score': 6.0, 'avg_vaep': -0.1}]",{'2010/2011': 14}
89f927c7-2c91-14c5-c36b-7fdb2d1198a8,26737,Pablo Cendrós López,Defender,right,2,6.06,0.1383836267832521,"[{'season_label': '2010/2011', 'appearances': 1, 'avg_score': 6.06, 'avg_vaep': -0.38}, {'season_label': '2011/2012', 'appearances': 1, 'avg_score': 6.06, 'avg_vaep': 0.66}]","{'2010/2011': 22, '2011/2012': 22}"
4dbbafbb-5365-ffd9-4a10-62267967535f,27305,Germán Darío Lux,GK,right,3,6.07,0.2639437771928594,"[{'season_label': '2015/2016', 'appearances': 1, 'avg_score': 6.1, 'avg_vaep': 0.44}, {'season_label': '2016/2017', 'appearances': 2, 'avg_score': 6.05, 'avg_vaep': 0.17}]","{'2010/2011': 1, '2014/2015': 1, '2015/2016': 1, '2016/2017': 1}"
cd5099c7-3f75-235d-60ec-0e90c4a092aa,6599,Rubén Salvador Pérez Del Mármol,Midfielder,right,12,6.12,0.5319801809100682,"[{'season_label': '2010/2011', 'appearances': 1, 'avg_score': 6.04, 'avg_vaep': 1.03}, {'season_label': '2011/2012', 'appearances': 1, 'avg_score': 6.0, 'avg_vaep': 0.4}, {'season_label': '2012/2013', 'appearances': 1, 'avg_score': 6.25, 'avg_vaep': 0.59}, {'season_label': '2013/2014', 'appearances': 1, 'avg_score': 6.16, 'avg_vaep': 0.31}, {'season_label': '2015/2016', 'appearances': 2, 'avg_score': 6.19, 'avg_vaep': 0.43}, {'season_label': '2016/2017', 'appearances': 1, 'avg_score': 6.0, 'avg_vaep': 0.13}, {'season_label': '2017/2018', 'appearances': 1, 'avg_score': 6.0, 'avg_vaep': 0.47}, {'season_label': '2018/2019', 'appearances': 2, 'avg_score': 6.16, 'avg_vaep': 0.98}, {'season_label': '2020/2021', 'appearances': 2, 'avg_score': 6.15, 'avg_vaep': 0.32}]","{'2010/2011': 4, '2011/2012': 24, '2012/2013': 8, '2013/2014': 6, '2014/2015': 12, '2015/2016': 20, '2016/2017': 21, '2017/2018': 21, '2018/2019': 21, '2020/2021': 21}"
96a4d89b-a256-27b2-9667-03bae2947543,6735,Adrián López Álvarez,Attacker,right,11,6.181818181818182,0.31017128811436123,"[{'season_label': '2010/2011', 'appearances': 1, 'avg_score': 7.35, 'avg_vaep': 0.28}, {'season_label': '2011/2012', 'appearances': 2, 'avg_score': 6.07, 'avg_vaep': 0.33}, {'season_label': '2012/2013', 'appearances': 2, 'avg_score': 6.13, 'avg_vaep': 0.39}, {'season_label': '2013/2014', 'appearances': 1, 'avg_score': 6.03, 'avg_vaep': 0.39}, {'season_label': '2015/2016', 'appearances': 1, 'avg_score': 6.0, 'avg_vaep': 0.43}, {'season_label': '2016/2017', 'appearances': 1, 'avg_score': 6.0, 'avg_vaep': 0.07}, {'season_label': '2018/2019', 'appearances': 1, 'avg_score': 6.0, 'avg_vaep': 0.7}, {'season_label': '2019/2020', 'appearances': 1, 'avg_score': 6.0, 'avg_vaep': 0.26}, {'season_label': '2020/2021', 'appearances': 1, 'avg_score': 6.22, 'avg_vaep': -0.17}]","{'2010/2011': 10, '2011/2012': 7, '2012/2013': 7, '2013/2014': 7, '2015/2016': 20, '2016/2017': 15, '2018/2019': 22, '2019/2020': 20, '2020/2021': 15}"
13b84e27-ae88-4ad0-a24d-817d23b75be0,15602,Juan Carlos Valerón Santana,Attacker,right,4,6.0325,0.4686064801089742,"[{'season_label': '2010/2011', 'appearances': 1, 'avg_score': 6.04, 'avg_vaep': 0.01}, {'season_label': '2012/2013', 'appearances': 2, 'avg_score': 6.04, 'avg_vaep': 0.92}, {'season_label': '2015/2016', 'appearances': 1, 'avg_score': 6.0, 'avg_vaep': 0.03}]","{'2010/2011': 21, '2012/2013': 21, '2015/2016': 21}"
5159a7b4-3475-5d9b-b3d0-041e46e26f6a,23800,Laureano Sanabria Ruiz,Defender,right,7,6.038571428571429,0.5472288303073063,"[{'season_label': '2010/2011', 'appearances': 1, 'avg_score': 6.07, 'avg_vaep': 0.57}, {'season_label': '2012/2013', 'appearances': 1, 'avg_score': 6.15, 'avg_vaep': 1.13}, {'season_label': '2014/2015', 'appearances': 1, 'avg_score': 6.01, 'avg_vaep': 0.64}, {'season_label': '2015/2016', 'appearances': 2, 'avg_score': 6.02, 'avg_vaep': 0.45}, {'season_label': '2016/2017', 'appearances': 2, 'avg_score': 6.0, 'avg_vaep': 0.29}]","{'2010/2011': 15, '2012/2013': 15, '2014/2015': 15, '2015/2016': 15, '2016/2017': 15}"
11037e6c-ef90-d5fd-f6c8-11475be4b253,24234,Juan Domínguez Lamas,Midfielder,right,5,6.12,0.5831306758551363,"[{'season_label': '2010/2011', 'appearances': 1, 'avg_score': 6.11, 'avg_vaep': 0.47}, {'season_label': '2012/2013', 'appearances': 1, 'avg_score': 6.0, 'avg_vaep': 0.08}, {'season_label': '2014/2015', 'appearances': 2, 'avg_score': 6.25, 'avg_vaep': 0.38}, {'season_label': '2015/2016', 'appearances': 1, 'avg_score': 6.0, 'avg_vaep': 1.6}]","{'2010/2011': 28, '2012/2013': 10, '2014/2015': 10, '2015/2016': 10}"
16af635d-9bcc-1176-6919-e03aebcb8cf8,26029,Daniel Aranzubia Aguado,GK,right,3,6.113333333333333,0.46492412823924195,"[{'season_label': '2010/2011', 'appearances': 1, 'avg_score': 6.0, 'avg_vaep': 0.78}, {'season_label': '2012/2013', 'appearances': 2, 'avg_score': 6.17, 'avg_vaep': 0.31}]","{'2010/2011': 1, '2012/2013': 1}"
10f99288-a55b-29b1-4bd6-bc156d37f692,26064,Antonio Tomás González,Midfielder,right,1,6.02,0.672542264983349,"[{'season_label': '2010/2011', 'appearances': 1, 'avg_score': 6.02, 'avg_vaep': 0.67}]",{'2010/2011': 16}
2415eab3-1fdb-bdb7-ad80-f314d33ba11d,26107,Alberto Lopo García,Defender,right,6,6.0,0.24232479840611632,"[{'season_label': '2010/2011', 'appearances': 1, 'avg_score': 6.0, 'avg_vaep': 0.24}, {'season_label': '2011/2012', 'appearances': 1, 'avg_score': 6.0, 'avg_vaep': 0.13}, {'season_label': '2012/2013', 'appearances': 2, 'avg_score': 6.0, 'avg_vaep': 0.27}, {'season_label': '2014/2015', 'appearances': 2, 'avg_score': 6.0, 'avg_vaep': 0.27}]","{'2010/2011': 7, '2011/2012': 5, '2012/2013': 6, '2014/2015': 23, '2015/2016': 23}"
f47a0718-2433-c042-d84c-b754ddcac64f,26175,Saúl Fernández García,Attacker,right,1,6.08,1.131717186928654,"[{'season_label': '2010/2011', 'appearances': 1, 'avg_score': 6.08, 'avg_vaep': 1.13}]",{'2010/2011': 12}
1135230b-e8c1-d185-3111-db00c02d48bb,26209,Manuel Pablo García Díaz,Defender,right,2,6.0649999999999995,0.2052212930530004,"[{'season_label': '2010/2011', 'appearances': 1, 'avg_score': 6.12, 'avg_vaep': -0.12}, {'season_label': '2012/2013', 'appearances': 1, 'avg_score': 6.01, 'avg_vaep': 0.53}]","{'2010/2011': 2, '2012/2013': 2, '2015/2016': 2}"
bf99ef91-64ac-828f-4bef-7a63710757b9,26487,Pablo Álvarez Nuñez,Midfielder,right,1,6.0,0.09960212575970218,"[{'season_label': '2010/2011', 'appearances': 1, 'avg_score': 6.0, 'avg_vaep': 0.1}]",{'2010/2011': 14}
43e9fffa-9300-4c32-7ce8-8972bc528eca,26623,Diego Daniel Colotto,Defender,right,3,6.0,0.6325758184175356,"[{'season_label': '2010/2011', 'appearances': 1, 'avg_score': 6.0, 'avg_vaep': 0.82}, {'season_label': '2012/2013', 'appearances': 1, 'avg_score': 6.0, 'avg_vaep': 0.49}, {'season_label': '2013/2014', 'appearances': 1, 'avg_score': 6.0, 'avg_vaep': 0.58}]","{'2010/2011': 19, '2012/2013': 19, '2013/2014': 19, '2014/2015': 19}"
f3cd0298-c5b4-0117-edb1-5db7613d4f35,26732,Knut Olav Rindarøy,Attacker,left,1,6.0,0.11991345333808567,"[{'season_label': '2010/2011', 'appearances': 1, 'avg_score': 6.0, 'avg_vaep': 0.12}]",{'2010/2011': 24}
4ec227f2-c9f8-dd31-ccb2-3834f1022721,26733,Yves Hadley Desmarets,Attacker,left,1,6.04,0.28729100979398936,"[{'season_label': '2010/2011', 'appearances': 1, 'avg_score': 6.04, 'avg_vaep': 0.29}]",{'2010/2011': 20}
9cd78264-cf2c-d821-ba65-1485c111a29a,6867,Papa Kouly Diop,Midfielder,right,15,6.052666666666666,0.5100544855266587,"[{'season_label': '2010/2011', 'appearances': 1, 'avg_score': 6.1, 'avg_vaep': 0.14}, {'season_label': '2011/2012', 'appearances': 2, 'avg_score': 6.13, 'avg_vaep': 0.4}, {'season_label': '2012/2013', 'appearances': 1, 'avg_score': 6.09, 'avg_vaep': 0.08}, {'season_label': '2013/2014', 'appearances': 1, 'avg_score': 6.09, 'avg_vaep': 0.38}, {'season_label': '2014/2015', 'appearances': 2, 'avg_score': 6.0, 'avg_vaep': 0.53}, {'season_label': '2015/2016', 'appearances': 2, 'avg_score': 6.01, 'avg_vaep': 0.82}, {'season_label': '2016/2017', 'appearances': 1, 'avg_score': 6.0, 'avg_vaep': 1.88}, {'season_label': '2017/2018', 'appearances': 1, 'avg_score': 6.17, 'avg_vaep': 0.07}, {'season_label': '2018/2019', 'appearances': 2, 'avg_score': 6.0, 'avg_vaep': 0.45}, {'season_label': '2020/2021', 'appearances': 2, 'avg_score': 6.02, 'avg_vaep': 0.35}]","{'2010/2011': 21, '2011/2012': 5, '2012/2013': 23, '2013/2014': 23, '2014/2015': 23, '2015/2016': 12, '2016/2017': 20, '2017/2018': 8, '2018/2019': 8, '2020/2021': 3}"
b323c8ed-ba96-b335-f076-1d1dd004b26c,19577,Pedro Manuel Munitis Álvarez,Attacker,left,3,6.133333333333333,0.7076118532398444,"[{'season_label': '2010/2011', 'appearances': 1, 'avg_score': 6.1, 'avg_vaep': 0.41}, {'season_label': '2011/2012', 'appearances': 2, 'avg_score': 6.15, 'avg_vaep': 0.86}]","{'2010/2011': 10, '2011/2012': 10}"
5d73abc5-d9c6-b94b-30ad-d828e954b6a9,20538,Alexandros Tziolis,Midfielder,right,2,6.0,0.258195686838917,"[{'season_label': '2010/2011', 'appearances': 1, 'avg_score': 6.0, 'avg_vaep': 0.05}, {'season_label': '2011/2012', 'appearances': 1, 'avg_score': 6.0, 'avg_vaep': 0.47}]","{'2010/2011': 20, '2011/2012': 21}"
0dd94870-0320-28c3-e946-fab7a07a912d,25889,Pablo Pinillos Caro,Midfielder,,0,,,[],{'2010/2011': 14}
3dcfdd8d-a0bc-9ad0-27d2-e7184439ad44,26488,Fabio Coltorti,Midfielder,,0,,,[],{'2010/2011': 1}
8d9a224f-87de-1920-fca2-833749d18df3,26490,Mohamed Gasana Tchité,Midfielder,right,1,6.77,-0.08359549625311047,"[{'season_label': '2010/2011', 'appearances': 1, 'avg_score': 6.77, 'avg_vaep': -0.08}]",{'2010/2011': 7}
81bc798a-42a7-ce40-810b-f523f24deee1,5248,José Martín Cáceres Silva,Defender,right,3,6.03,0.624441722130238,"[{'season_label': '2010/2011', 'appearances': 2, 'avg_score': 6.04, 'avg_vaep': 0.55}, {'season_label': '2011/2012', 'appearances': 1, 'avg_score': 6.0, 'avg_vaep': 0.78}]","{'2010/2011': 4, '2011/2012': 4}"
baed9f51-d412-c251-4ee4-6a0942138ad6,5470,Ivan Rakitić,Midfielder,right,200,6.75945,0.4115702633367346,"[{'season_label': '2010/2011', 'appearances': 1, 'avg_score': 6.09, 'avg_vaep': 0.56}, {'season_label': '2011/2012', 'appearances': 2, 'avg_score': 6.0, 'avg_vaep': 0.23}, {'season_label': '2012/2013', 'appearances': 2, 'avg_score': 6.24, 'avg_vaep': 0.7}, {'season_label': '2013/2014', 'appearances': 2, 'avg_score': 6.5, 'avg_vaep': 0.64}, {'season_label': '2014/2015', 'appearances': 32, 'avg_score': 6.71, 'avg_vaep': 0.3}, {'season_label': '2015/2016', 'appearances': 36, 'avg_score': 6.58, 'avg_vaep': 0.49}, {'season_label': '2016/2017', 'appearances': 30, 'avg_score': 6.64, 'avg_vaep': 0.4}, {'season_label': '2017/2018', 'appearances': 32, 'avg_score': 7.22, 'avg_vaep': 0.48}, {'season_label': '2018/2019', 'appearances': 28, 'avg_score': 6.55, 'avg_vaep': 0.25}, {'season_label': '2019/2020', 'appearances': 2, 'avg_score': 6.03, 'avg_vaep': 0.58}, {'season_label': '2020/2021', 'appearances': 33, 'avg_score': 6.99, 'avg_vaep': 0.48}]","{'2010/2011': 25, '2011/2012': 11, '2012/2013': 11, '2013/2014': 11, '2014/2015': 4, '2015/2016': 4, '2016/2017': 4, '2017/2018': 4, '2018/2019': 4, '2019/2020': 10, '2020/2021': 4}"
8c514936-2e6e-7f79-47fd-2f578df6b575,6349,Federico Julián Fazio,Defender,right,4,6.07,0.32376934587955475,"[{'season_label': '2010/2011', 'appearances': 1, 'avg_score': 6.0, 'avg_vaep': 0.16}, {'season_label': '2011/2012', 'appearances': 1, 'avg_score': 6.0, 'avg_vaep': 0.25}, {'season_label': '2012/2013', 'appearances': 1, 'avg_score': 6.19, 'avg_vaep': 0.26}, {'season_label': '2013/2014', 'appearances': 1, 'avg_score': 6.09, 'avg_vaep': 0.63}]","{'2010/2011': 2, '2011/2012': 2, '2012/2013': 2, '2013/2014': 2}"
25caef3a-545a-1fff-2ff4-055484f0e758,6614,Alexis Ruano Delgado,Defender,right,13,6.005384615384615,0.1782709578745618,"[{'season_label': '2010/2011', 'appearances': 2, 'avg_score': 6.0, 'avg_vaep': 0.07}, {'season_label': '2011/2012', 'appearances': 1, 'avg_score': 6.0, 'avg_vaep': 0.02}, {'season_label': '2012/2013', 'appearances': 2, 'avg_score': 6.0, 'avg_vaep': 0.05}, {'season_label': '2013/2014', 'appearances': 1, 'avg_score': 6.0, 'avg_vaep': 0.27}, {'season_label': '2014/2015', 'appearances': 2, 'avg_score': 6.0, 'avg_vaep': 0.29}, {'season_label': '2015/2016', 'appearances': 1, 'avg_score': 6.0, 'avg_vaep': 0.35}, {'season_label': '2016/2017', 'appearances': 2, 'avg_score': 6.0, 'avg_vaep': 0.33}, {'season_label': '2020/2021', 'appearances': 2, 'avg_score': 6.04, 'avg_vaep': 0.09}]","{'2010/2011': 23, '2011/2012': 5, '2012/2013': 2, '2013/2014': 2, '2014/2015': 2, '2015/2016': 2, '2016/2017': 4, '2020/2021': 4}"
ba0a4d6e-cea3-e9e1-26dd-3b6d77291c97,6821,Jesús Navas González,Attacker,right,13,6.5200000000000005,0.4474781527959959,"[{'season_label': '2010/2011', 'appearances': 1, 'avg_score': 7.8, 'avg_vaep': 0.29}, {'season_label': '2011/2012', 'appearances': 2, 'avg_score': 6.54, 'avg_vaep': 0.38}, {'season_label': '2012/2013', 'appearances': 2, 'avg_score': 6.2, 'avg_vaep': 0.26}, {'season_label': '2017/2018', 'appearances': 2, 'avg_score': 6.68, 'avg_vaep': 0.55}, {'season_label': '2018/2019', 'appearances': 2, 'avg_score': 6.29, 'avg_vaep': 0.5}, {'season_label': '2019/2020', 'appearances': 2, 'avg_score': 6.33, 'avg_vaep': 0.57}, {'season_label': '2020/2021', 'appearances': 2, 'avg_score': 6.46, 'avg_vaep': 0.51}]","{'2010/2011': 7, '2011/2012': 7, '2012/2013': 7, '2017/2018': 16, '2018/2019': 16, '2019/2020': 16, '2020/2021': 16}"
32bbf7b2-bc4e-d14e-b1e9-c2580056a989,6913,Fernando Navarro i Corbacho,Defender,left,11,6.031818181818181,0.29701908034448105,"[{'season_label': '2010/2011', 'appearances': 1, 'avg_score': 6.0, 'avg_vaep': 0.47}, {'season_label': '2011/2012', 'appearances': 2, 'avg_score': 6.13, 'avg_vaep': -0.03}, {'season_label': '2012/2013', 'appearances': 2, 'avg_score': 6.02, 'avg_vaep': 0.46}, {'season_label': '2013/2014', 'appearances': 1, 'avg_score': 6.0, 'avg_vaep': 0.34}, {'season_label': '2015/2016', 'appearances': 2, 'avg_score': 6.0, 'avg_vaep': 0.0}, {'season_label': '2016/2017', 'appearances': 2, 'avg_score': 6.0, 'avg_vaep': 0.43}, {'season_label': '2020/2021', 'appearances': 1, 'avg_score': 6.06, 'avg_vaep': 0.73}]","{'2010/2011': 5, '2011/2012': 3, '2012/2013': 3, '2013/2014': 3, '2014/2015': 3, '2015/2016': 3, '2016/2017': 3, '2020/2021': 3}"
7dd11ae2-d5ed-3492-5bdb-dc9b01866349,7456,Diego Perotti,Midfielder,right,3,6.0,0.18307918609085996,"[{'season_label': '2010/2011', 'appearances': 2, 'avg_score': 6.0, 'avg_vaep': 0.14}, {'season_label': '2011/2012', 'appearances': 1, 'avg_score': 6.0, 'avg_vaep': 0.27}]","{'2010/2011': 9, '2011/2012': 10}"
e1ffc9eb-1d4c-1712-a43c-fa12a517ae5c,16453,Gary Alexis Medel Soto,Midfielder,right,5,6.016,0.331554391116515,"[{'season_label': '2010/2011', 'appearances': 1, 'avg_score': 6.02, 'avg_vaep': 0.26}, {'season_label': '2011/2012', 'appearances': 2, 'avg_score': 6.03, 'avg_vaep': 0.45}, {'season_label': '2012/2013', 'appearances': 2, 'avg_score': 6.0, 'avg_vaep': 0.24}]","{'2010/2011': 24, '2011/2012': 8, '2012/2013': 8}"
3f7b5208-b016-e1f6-d2ef-81964b1fb065,20542,Álvaro Negredo Sánchez,Attacker,left,8,6.52375,0.24277174132271284,"[{'season_label': '2010/2011', 'appearances': 2, 'avg_score': 6.06, 'avg_vaep': 0.27}, {'season_label': '2012/2013', 'appearances': 2, 'avg_score': 6.84, 'avg_vaep': 0.34}, {'season_label': '2014/2015', 'appearances': 2, 'avg_score': 6.42, 'avg_vaep': 0.13}, {'season_label': '2019/2020', 'appearances': 2, 'avg_score': 6.78, 'avg_vaep': 0.23}]","{'2010/2011': 18, '2012/2013': 9, '2014/2015': 7, '2015/2016': 7, '2019/2020': 18}"
c396792b-2191-8eff-5479-ce2440f63d84,24683,Diego Ángel Capel Trinidad,Attacker,left,2,6.175,0.023985879370229668,"[{'season_label': '2010/2011', 'appearances': 2, 'avg_score': 6.17, 'avg_vaep': 0.02}]",{'2010/2011': 16}
6792ca02-6fef-af3a-6329-7638dca900e9,25960,Frédéric Oumar Kanouté,Attacker,right,4,6.279999999999999,0.174897730030807,"[{'season_label': '2010/2011', 'appearances': 2, 'avg_score': 6.05, 'avg_vaep': 0.29}, {'season_label': '2011/2012', 'appearances': 2, 'avg_score': 6.51, 'avg_vaep': 0.06}]","{'2010/2011': 12, '2011/2012': 12}"
90d048af-68ca-32e1-bfb1-d645e35ab644,26480,Christian Koffi Romaric N''Dri,Attacker,left,3,6.06,0.38751704668053816,"[{'season_label': '2010/2011', 'appearances': 2, 'avg_score': 6.08, 'avg_vaep': 0.63}, {'season_label': '2011/2012', 'appearances': 1, 'avg_score': 6.03, 'avg_vaep': -0.09}]","{'2010/2011': 6, '2011/2012': 11}"
3d10d676-a603-9b5e-e9f8-1d9381ea3afa,26682,Alain Didier Zokora-Déguy,Midfielder,right,2,6.0,0.2252786067801935,"[{'season_label': '2010/2011', 'appearances': 2, 'avg_score': 6.0, 'avg_vaep': 0.23}]",{'2010/2011': 8}
8ad259d8-40bf-6a76-3d6c-1805d5c714c8,26753,Javier Varas Herrera,GK,right,9,6.177777777777778,0.32781971950619965,"[{'season_label': '2010/2011', 'appearances': 2, 'avg_score': 6.03, 'avg_vaep': 0.25}, {'season_label': '2011/2012', 'appearances': 1, 'avg_score': 6.06, 'avg_vaep': 0.15}, {'season_label': '2012/2013', 'appearances': 2, 'avg_score': 6.11, 'avg_vaep': 0.57}, {'season_label': '2015/2016', 'appearances': 2, 'avg_score': 6.38, 'avg_vaep': 0.5}, {'season_label': '2016/2017', 'appearances': 2, 'avg_score': 6.26, 'avg_vaep': 0.08}]","{'2010/2011': 13, '2011/2012': 13, '2012/2013': 13, '2015/2016': 13, '2016/2017': 13}"
4d050528-4ac5-049b-4167-eb7ebfe0791b,6622,Tomás Pina Isla,Midfielder,right,10,6.015,0.35403153487968664,"[{'season_label': '2012/2013', 'appearances': 1, 'avg_score': 6.13, 'avg_vaep': 0.72}, {'season_label': '2013/2014', 'appearances': 1, 'avg_score': 6.0, 'avg_vaep': 0.01}, {'season_label': '2014/2015', 'appearances': 2, 'avg_score': 6.01, 'avg_vaep': 0.49}, {'season_label': '2015/2016', 'appearances': 2, 'avg_score': 6.0, 'avg_vaep': 0.04}, {'season_label': '2017/2018', 'appearances': 1, 'avg_score': 6.0, 'avg_vaep': 0.33}, {'season_label': '2019/2020', 'appearances': 2, 'avg_score': 6.0, 'avg_vaep': 0.28}, {'season_label': '2020/2021', 'appearances': 1, 'avg_score': 6.0, 'avg_vaep': 0.86}]","{'2010/2011': 28, '2012/2013': 5, '2013/2014': 4, '2014/2015': 4, '2015/2016': 4, '2017/2018': 8, '2019/2020': 8, '2020/2021': 18}"
ebbac19a-6a88-726f-f792-7a79610bf6be,6778,Iván Ramis Barrios,Defender,right,7,6.0,0.3476831769055155,"[{'season_label': '2010/2011', 'appearances': 1, 'avg_score': 6.0, 'avg_vaep': 0.49}, {'season_label': '2011/2012', 'appearances': 2, 'avg_score': 6.0, 'avg_vaep': 0.64}, {'season_label': '2014/2015', 'appearances': 1, 'avg_score': 6.0, 'avg_vaep': 0.2}, {'season_label': '2015/2016', 'appearances': 1, 'avg_score': 6.0, 'avg_vaep': 0.36}, {'season_label': '2017/2018', 'appearances': 1, 'avg_score': 6.0, 'avg_vaep': -0.08}, {'season_label': '2020/2021', 'appearances': 1, 'avg_score': 6.0, 'avg_vaep': 0.17}]","{'2010/2011': 4, '2011/2012': 4, '2014/2015': 14, '2015/2016': 4, '2017/2018': 4, '2020/2021': 4}"
37db198a-94d1-b777-0f36-244f1fda20ca,26674,Edson Ramos de Silva,Defender,right,1,6.0,-0.17360585608912515,"[{'season_label': '2010/2011', 'appearances': 1, 'avg_score': 6.0, 'avg_vaep': -0.17}]",{'2010/2011': 2}
efdbf45b-fc95-0fc5-a2ac-0e1511a354b8,26676,Fernando Ezequiel Cavenaghi,Attacker,right,1,6.0,0.06653487499352195,"[{'season_label': '2010/2011', 'appearances': 1, 'avg_score': 6.0, 'avg_vaep': 0.07}]",{'2010/2011': 10}
35b50410-da00-df8e-f6c4-1f0cb537a9a3,6791,Javier López Rodríguez,Defender,right,12,6.070833333333333,0.4822864215517863,"[{'season_label': '2010/2011', 'appearances': 1, 'avg_score': 6.08, 'avg_vaep': 0.27}, {'season_label': '2011/2012', 'appearances': 2, 'avg_score': 6.02, 'avg_vaep': 0.69}, {'season_label': '2012/2013', 'appearances': 1, 'avg_score': 6.08, 'avg_vaep': 0.18}, {'season_label': '2013/2014', 'appearances': 1, 'avg_score': 6.08, 'avg_vaep': 0.81}, {'season_label': '2015/2016', 'appearances': 2, 'avg_score': 6.0, 'avg_vaep': 0.35}, {'season_label': '2016/2017', 'appearances': 2, 'avg_score': 6.04, 'avg_vaep': 0.83}, {'season_label': '2017/2018', 'appearances': 1, 'avg_score': 6.29, 'avg_vaep': 0.41}, {'season_label': '2018/2019', 'appearances': 1, 'avg_score': 6.19, 'avg_vaep': 0.39}, {'season_label': '2020/2021', 'appearances': 1, 'avg_score': 6.0, 'avg_vaep': -0.01}]","{'2010/2011': 16, '2011/2012': 16, '2012/2013': 16, '2013/2014': 16, '2014/2015': 16, '2015/2016': 16, '2016/2017': 16, '2017/2018': 16, '2018/2019': 16, '2020/2021': 16}"
16ed29ce-607d-d940-ec33-787f09b61d93,24147,Ernesto Galán Iñigo,Defender,right,1,6.05,-0.13175936806874233,"[{'season_label': '2010/2011', 'appearances': 1, 'avg_score': 6.05, 'avg_vaep': -0.13}]",{'2010/2011': 14}
b34caaa4-1c54-5122-c9b3-1631174b7015,26666,Isaías Sánchez Cortés,Midfielder,right,1,6.0,0.16512761659396347,"[{'season_label': '2010/2011', 'appearances': 1, 'avg_score': 6.0, 'avg_vaep': 0.17}]",{'2010/2011': 40}
ceff40a7-fe4e-78d7-c988-ed83759f7d91,26667,Raúl Rodríguez Navarro,Defender,right,4,6.0175,0.7589735531919359,"[{'season_label': '2010/2011', 'appearances': 1, 'avg_score': 6.0, 'avg_vaep': 0.06}, {'season_label': '2011/2012', 'appearances': 2, 'avg_score': 6.01, 'avg_vaep': 0.55}, {'season_label': '2013/2014', 'appearances': 1, 'avg_score': 6.05, 'avg_vaep': 1.87}]","{'2010/2011': 32, '2011/2012': 3, '2013/2014': 3}"
7535bbb9-1c8f-de34-7ad8-61f293126633,3497,Vicente Iborra De La Fuente,Midfielder,right,14,6.071428571428571,0.23914576207958557,"[{'season_label': '2010/2011', 'appearances': 1, 'avg_score': 6.0, 'avg_vaep': 0.38}, {'season_label': '2011/2012', 'appearances': 2, 'avg_score': 6.0, 'avg_vaep': 0.21}, {'season_label': '2012/2013', 'appearances': 1, 'avg_score': 6.0, 'avg_vaep': 0.33}, {'season_label': '2013/2014', 'appearances': 1, 'avg_score': 6.0, 'avg_vaep': 0.32}, {'season_label': '2014/2015', 'appearances': 1, 'avg_score': 6.0, 'avg_vaep': -0.09}, {'season_label': '2015/2016', 'appearances': 2, 'avg_score': 6.03, 'avg_vaep': 0.37}, {'season_label': '2016/2017', 'appearances': 2, 'avg_score': 6.0, 'avg_vaep': -0.2}, {'season_label': '2017/2018', 'appearances': 1, 'avg_score': 6.4, 'avg_vaep': 0.22}, {'season_label': '2018/2019', 'appearances': 2, 'avg_score': 6.27, 'avg_vaep': 0.52}, {'season_label': '2019/2020', 'appearances': 1, 'avg_score': 6.0, 'avg_vaep': 0.4}]","{'2010/2011': 10, '2011/2012': 10, '2012/2013': 10, '2013/2014': 12, '2014/2015': 12, '2015/2016': 8, '2016/2017': 8, '2017/2018': 10, '2018/2019': 10, '2019/2020': 10}"
c6862d63-b17d-713e-e14f-3a405d9fde77,6351,Cristhian Ricardo Stuani Curbelo,Attacker,right,8,6.37125,0.25434619954876325,"[{'season_label': '2010/2011', 'appearances': 1, 'avg_score': 6.0, 'avg_vaep': 0.04}, {'season_label': '2011/2012', 'appearances': 1, 'avg_score': 6.0, 'avg_vaep': 0.0}, {'season_label': '2012/2013', 'appearances': 1, 'avg_score': 6.0, 'avg_vaep': 0.17}, {'season_label': '2013/2014', 'appearances': 1, 'avg_score': 6.07, 'avg_vaep': 0.41}, {'season_label': '2014/2015', 'appearances': 2, 'avg_score': 6.13, 'avg_vaep': 0.18}, {'season_label': '2017/2018', 'appearances': 2, 'avg_score': 7.32, 'avg_vaep': 0.53}]","{'2010/2011': 22, '2011/2012': 22, '2012/2013': 8, '2013/2014': 8, '2014/2015': 8, '2017/2018': 7, '2020/2021': 7}"
0dfd8a39-e2a5-dd53-6c18-5e19a804a73b,7781,Felipe Salvador Caicedo Corozo,Attacker,left,7,6.352857142857142,0.48554764638174674,"[{'season_label': '2010/2011', 'appearances': 1, 'avg_score': 7.54, 'avg_vaep': 0.29}, {'season_label': '2014/2015', 'appearances': 2, 'avg_score': 6.16, 'avg_vaep': 0.34}, {'season_label': '2015/2016', 'appearances': 2, 'avg_score': 6.17, 'avg_vaep': 0.38}, {'season_label': '2016/2017', 'appearances': 2, 'avg_score': 6.13, 'avg_vaep': 0.83}]","{'2010/2011': 25, '2014/2015': 20, '2015/2016': 20, '2016/2017': 10}"
1a7fd965-c4e7-dc9a-6c66-65ca4ba813c2,24162,Xavier Torres Buigues,Midfielder,right,6,6.035,0.47967075428186945,"[{'season_label': '2010/2011', 'appearances': 1, 'avg_score': 6.0, 'avg_vaep': 0.89}, {'season_label': '2011/2012', 'appearances': 2, 'avg_score': 6.0, 'avg_vaep': 0.37}, {'season_label': '2012/2013', 'appearances': 1, 'avg_score': 6.05, 'avg_vaep': 0.26}, {'season_label': '2013/2014', 'appearances': 1, 'avg_score': 6.15, 'avg_vaep': 0.39}, {'season_label': '2016/2017', 'appearances': 1, 'avg_score': 6.0, 'avg_vaep': 0.59}]","{'2010/2011': 14, '2011/2012': 14, '2012/2013': 25, '2013/2014': 6, '2015/2016': 14, '2016/2017': 21}"
721bc4c8-0edb-ce69-921f-70cb2d1920f1,25872,Valmiro Lópes Rocha,Attacker,right,3,6.416666666666667,0.7885868933256764,"[{'season_label': '2010/2011', 'appearances': 1, 'avg_score': 7.04, 'avg_vaep': 0.81}, {'season_label': '2011/2012', 'appearances': 2, 'avg_score': 6.11, 'avg_vaep': 0.78}]","{'2010/2011': 23, '2011/2012': 23}"
3cbb08ef-13c0-3e74-7660-912d52ca58aa,25927,Francisco Sebastián Nadal Martorell,Attacker,right,1,6.04,1.1204326960651088,"[{'season_label': '2010/2011', 'appearances': 1, 'avg_score': 6.04, 'avg_vaep': 1.12}]",{'2010/2011': 7}
f5adb855-81aa-66bb-f34b-d34f6c45699c,25937,Javier Rodríguez Venta,Defender,right,2,6.0,0.19592935962464253,"[{'season_label': '2010/2011', 'appearances': 1, 'avg_score': 6.0, 'avg_vaep': 0.21}, {'season_label': '2011/2012', 'appearances': 1, 'avg_score': 6.0, 'avg_vaep': 0.18}]","{'2010/2011': 17, '2011/2012': 17}"
f24a090f-0e28-7d36-779d-ac5b428d0064,26023,Juan Francisco García García,Defender,left,7,6.032857142857142,0.3214856738967293,"[{'season_label': '2010/2011', 'appearances': 1, 'avg_score': 6.0, 'avg_vaep': 0.16}, {'season_label': '2011/2012', 'appearances': 2, 'avg_score': 6.08, 'avg_vaep': 0.22}, {'season_label': '2012/2013', 'appearances': 1, 'avg_score': 6.06, 'avg_vaep': 0.33}, {'season_label': '2013/2014', 'appearances': 2, 'avg_score': 6.0, 'avg_vaep': 0.49}, {'season_label': '2015/2016', 'appearances': 1, 'avg_score': 6.02, 'avg_vaep': 0.33}]","{'2010/2011': 12, '2011/2012': 12, '2012/2013': 12, '2013/2014': 12, '2014/2015': 12, '2015/2016': 12}"
b05b64b1-35c6-54de-acc3-3cf7c4a8aeb5,26026,Miguel Pallardó González,Midfielder,right,2,6.01,0.349448652130377,"[{'season_label': '2010/2011', 'appearances': 1, 'avg_score': 6.02, 'avg_vaep': 0.31}, {'season_label': '2013/2014', 'appearances': 1, 'avg_score': 6.0, 'avg_vaep': 0.39}]","{'2010/2011': 6, '2013/2014': 14}"
2bbcd483-def1-792b-7142-c6c2351435e8,26131,Victoriano Rivas Álvaro,Defender,left,1,6.0,0.21032234318408882,"[{'season_label': '2010/2011', 'appearances': 1, 'avg_score': 6.0, 'avg_vaep': 0.21}]",{'2010/2011': 3}
89c44761-d7ba-fba4-8b64-d0477dfb544e,26221,Gustavo Adolfo Munúa Vera,GK,right,4,6.08,0.2537722507736362,"[{'season_label': '2010/2011', 'appearances': 1, 'avg_score': 6.0, 'avg_vaep': 0.04}, {'season_label': '2011/2012', 'appearances': 2, 'avg_score': 6.12, 'avg_vaep': 0.34}, {'season_label': '2012/2013', 'appearances': 1, 'avg_score': 6.07, 'avg_vaep': 0.3}]","{'2010/2011': 13, '2011/2012': 1, '2012/2013': 1}"
096df414-5082-cce9-363b-9974fcdd13d6,26444,Sergio Martínez Ballesteros,Defender,right,4,6.0,0.4640618771413756,"[{'season_label': '2010/2011', 'appearances': 1, 'avg_score': 6.0, 'avg_vaep': -0.05}, {'season_label': '2011/2012', 'appearances': 2, 'avg_score': 6.0, 'avg_vaep': 0.75}, {'season_label': '2012/2013', 'appearances': 1, 'avg_score': 6.0, 'avg_vaep': 0.4}]","{'2010/2011': 18, '2011/2012': 18, '2012/2013': 18}"
80e0aac7-3e56-bbc7-6132-220d1a14ed52,26724,Gorka Larrea García,Midfielder,,1,6.0,0.08557354358345037,"[{'season_label': '2010/2011', 'appearances': 1, 'avg_score': 6.0, 'avg_vaep': 0.09}]",{'2010/2011': 8}
68a15b52-78e4-f7c4-c056-df9d5f1d3b1f,7063,Jefferson Antonio Montero Vite,Midfielder,right,3,6.133333333333333,0.4882285022686119,"[{'season_label': '2010/2011', 'appearances': 1, 'avg_score': 6.0, 'avg_vaep': 0.27}, {'season_label': '2011/2012', 'appearances': 2, 'avg_score': 6.2, 'avg_vaep': 0.6}]","{'2010/2011': 23, '2011/2012': 20}"
6dd04912-b9cd-ebb7-c4e5-f58a067358ed,20134,Joan Capdevila Méndez,Defender,left,2,6.0,0.5094834970277589,"[{'season_label': '2010/2011', 'appearances': 1, 'avg_score': 6.0, 'avg_vaep': 0.44}, {'season_label': '2012/2013', 'appearances': 1, 'avg_score': 6.0, 'avg_vaep': 0.58}]","{'2010/2011': 11, '2012/2013': 18}"
be54c7f7-4360-116c-d9a2-274737dc882e,20135,Marcos Antonio Senna da Silva,Attacker,right,3,6.123333333333334,0.06352922002164026,"[{'season_label': '2010/2011', 'appearances': 1, 'avg_score': 6.0, 'avg_vaep': -0.03}, {'season_label': '2011/2012', 'appearances': 2, 'avg_score': 6.19, 'avg_vaep': 0.11}]","{'2010/2011': 19, '2011/2012': 19}"
a77520dc-dffa-d519-983f-ef3884d172e1,25984,Ángel Domingo López Ruano,Defender,right,2,6.02,0.4966710955486633,"[{'season_label': '2010/2011', 'appearances': 1, 'avg_score': 6.04, 'avg_vaep': 0.64}, {'season_label': '2011/2012', 'appearances': 1, 'avg_score': 6.0, 'avg_vaep': 0.35}]","{'2010/2011': 6, '2011/2012': 6, '2015/2016': 6}"
f4aa0dd9-6052-1e04-5ae2-f20621fb4ee9,3181,Lassana Diarra,Midfielder,right,2,6.0,0.5911248328502552,"[{'season_label': '2010/2011', 'appearances': 1, 'avg_score': 6.0, 'avg_vaep': 0.68}, {'season_label': '2011/2012', 'appearances': 1, 'avg_score': 6.0, 'avg_vaep': 0.51}]","{'2010/2011': 10, '2011/2012': 24}"
bdcc4121-1aa6-2a8f-10f2-6d1a2d1727bf,5497,Gonzalo Gerardo Higuaín,Attacker,right,3,6.026666666666666,0.1510983510185421,"[{'season_label': '2011/2012', 'appearances': 2, 'avg_score': 6.0, 'avg_vaep': 0.18}, {'season_label': '2012/2013', 'appearances': 1, 'avg_score': 6.08, 'avg_vaep': 0.1}]","{'2010/2011': 20, '2011/2012': 20, '2012/2013': 20}"
b2070693-5de3-5bbe-6437-33f856d9e5d6,6907,Pedro León Sánchez Gil,Midfielder,right,9,6.0488888888888885,0.34905320429425046,"[{'season_label': '2012/2013', 'appearances': 2, 'avg_score': 6.0, 'avg_vaep': 0.37}, {'season_label': '2014/2015', 'appearances': 2, 'avg_score': 6.0, 'avg_vaep': 0.32}, {'season_label': '2015/2016', 'appearances': 2, 'avg_score': 6.0, 'avg_vaep': 0.19}, {'season_label': '2016/2017', 'appearances': 2, 'avg_score': 6.21, 'avg_vaep': 0.5}, {'season_label': '2018/2019', 'appearances': 1, 'avg_score': 6.01, 'avg_vaep': 0.39}]","{'2010/2011': 21, '2012/2013': 14, '2014/2015': 14, '2015/2016': 14, '2016/2017': 21, '2017/2018': 21, '2018/2019': 21, '2020/2021': 21}"
663c32b3-5799-61d1-1b0e-6a0c05465033,26021,Mahamadou Diarra,Midfielder,,0,,,[],{'2010/2011': 6}
befe3260-73e9-7f6b-4335-c72e186b7369,34390,Jerzy Dudek,Midfielder,,0,,,[],{'2010/2011': 25}
774b0e07-753b-0b94-d1a1-c5b0543b5fe1,3606,Ander Herrera Agüera,Midfielder,right,7,6.412857142857143,0.42779400297227504,"[{'season_label': '2010/2011', 'appearances': 2, 'avg_score': 6.0, 'avg_vaep': 0.43}, {'season_label': '2011/2012', 'appearances': 2, 'avg_score': 6.12, 'avg_vaep': 0.14}, {'season_label': '2012/2013', 'appearances': 2, 'avg_score': 6.96, 'avg_vaep': 0.79}, {'season_label': '2013/2014', 'appearances': 1, 'avg_score': 6.72, 'avg_vaep': 0.29}]","{'2010/2011': 8, '2011/2012': 21, '2012/2013': 21, '2013/2014': 21}"
ec0387f0-5770-5a01-3c09-bc5508249ea7,10815,Ádám Pintér,Defender,right,3,6.013333333333333,0.5037872269725389,"[{'season_label': '2010/2011', 'appearances': 1, 'avg_score': 6.0, 'avg_vaep': 0.22}, {'season_label': '2011/2012', 'appearances': 1, 'avg_score': 6.02, 'avg_vaep': 0.49}, {'season_label': '2012/2013', 'appearances': 1, 'avg_score': 6.02, 'avg_vaep': 0.81}]","{'2010/2011': 22, '2011/2012': 22, '2012/2013': 22}"
f9ea3010-93a1-aa4b-2374-3e432cb0e33b,23651,Ivan Obradović,Defender,left,3,6.0,0.36507845971330727,"[{'season_label': '2010/2011', 'appearances': 2, 'avg_score': 6.0, 'avg_vaep': 0.43}, {'season_label': '2011/2012', 'appearances': 1, 'avg_score': 6.0, 'avg_vaep': 0.25}]","{'2010/2011': 24, '2011/2012': 24}"
0971892e-4440-a22b-812d-649b7c4fdb3a,23930,Ikechukwu Uche,Attacker,right,5,6.006,0.21485572228048114,"[{'season_label': '2010/2011', 'appearances': 1, 'avg_score': 6.03, 'avg_vaep': 0.03}, {'season_label': '2011/2012', 'appearances': 2, 'avg_score': 6.0, 'avg_vaep': 0.47}, {'season_label': '2013/2014', 'appearances': 1, 'avg_score': 6.0, 'avg_vaep': 0.09}, {'season_label': '2014/2015', 'appearances': 1, 'avg_score': 6.0, 'avg_vaep': 0.01}]","{'2010/2011': 9, '2011/2012': 20, '2013/2014': 8, '2014/2015': 8}"
66e06d52-77b3-189b-a8dc-689f39089462,25910,José Edmílson Gomes de Moraes,Midfielder,right,1,6.0,0.48662394285202026,"[{'season_label': '2010/2011', 'appearances': 1, 'avg_score': 6.0, 'avg_vaep': 0.49}]",{'2010/2011': 5}
e855c133-ac38-e1b4-d136-b6a4c12c4826,26022,Carlos Andrés Diogo Enseñat,Defender,right,2,6.015000000000001,0.35466002067732916,"[{'season_label': '2010/2011', 'appearances': 2, 'avg_score': 6.02, 'avg_vaep': 0.35}]",{'2010/2011': 2}
c262f1b4-e591-bbe5-3a5a-cb2f325c6f81,26025,Jorge López Montaña,Midfielder,right,2,6.0,0.16663897099533642,"[{'season_label': '2010/2011', 'appearances': 2, 'avg_score': 6.0, 'avg_vaep': 0.17}]",{'2010/2011': 7}
d2fb7247-a858-5505-ca84-d40afe37eea6,26083,Florent Sinama-Pongolle,Attacker,right,1,6.18,0.2701915396610275,"[{'season_label': '2010/2011', 'appearances': 1, 'avg_score': 6.18, 'avg_vaep': 0.27}]",{'2010/2011': 11}
6ac9ae17-4352-4cdf-9197-f1ea50412d72,26429,Javier Paredes Arango,Defender,left,3,6.0,0.23894043567270273,"[{'season_label': '2011/2012', 'appearances': 2, 'avg_score': 6.0, 'avg_vaep': 0.12}, {'season_label': '2012/2013', 'appearances': 1, 'avg_score': 6.0, 'avg_vaep': 0.48}]","{'2010/2011': 3, '2011/2012': 3, '2012/2013': 3}"
8b71c85e-f2c0-088a-feda-f83ebb8ed0b2,26484,Antonio Baltasar Doblas Santana,GK,right,2,6.01,0.4897176522599693,"[{'season_label': '2010/2011', 'appearances': 2, 'avg_score': 6.01, 'avg_vaep': 0.49}]",{'2010/2011': 1}
d95b6d57-0269-84da-febd-64cf2759f413,26655,Jirí Jarošík,Defender,right,2,6.0,-0.043185623040699284,"[{'season_label': '2010/2011', 'appearances': 2, 'avg_score': 6.0, 'avg_vaep': -0.04}]",{'2010/2011': 21}
e5defb3b-5d93-915a-dfa5-e4eccca0c249,26714,Marco Jhonnier Pérez Murillo,Defender,right,1,6.0,-0.005763583292718977,"[{'season_label': '2010/2011', 'appearances': 1, 'avg_score': 6.0, 'avg_vaep': -0.01}]",{'2010/2011': 18}
36bf351d-f23d-9100-2df4-8e5c8c78e635,26715,Maurizio Lanzaro,Defender,right,4,6.0,0.24319115854132178,"[{'season_label': '2010/2011', 'appearances': 2, 'avg_score': 6.0, 'avg_vaep': 0.24}, {'season_label': '2011/2012', 'appearances': 2, 'avg_score': 6.0, 'avg_vaep': 0.24}]","{'2010/2011': 6, '2011/2012': 5}"
73bf740e-d941-e13e-76e6-7049a5165b91,26760,Guirane N''Daw,Midfielder,left,1,6.04,0.2848528315771546,"[{'season_label': '2010/2011', 'appearances': 1, 'avg_score': 6.04, 'avg_vaep': 0.28}]",{'2010/2011': 15}
9978e9e9-fb93-fb29-863f-a07903d01010,26761,Paulo César Da Silva Barrios,Defender,right,2,6.0,0.377173213288188,"[{'season_label': '2010/2011', 'appearances': 1, 'avg_score': 6.0, 'avg_vaep': 0.3}, {'season_label': '2011/2012', 'appearances': 1, 'avg_score': 6.0, 'avg_vaep': 0.46}]","{'2010/2011': 19, '2011/2012': 19}"
242f9b8a-69eb-1d7c-7285-58522ee464c1,26762,Nicolás Santiago Bertolo,Attacker,right,1,6.0,0.2124383715017757,"[{'season_label': '2010/2011', 'appearances': 1, 'avg_score': 6.0, 'avg_vaep': 0.21}]",{'2010/2011': 10}
b2d2cf77-d3f2-786e-a457-f6631a67dd04,41725,Pablo Alcolea Guerrero,Midfielder,,0,,,[],{'2010/2011': 40}
2bf1a952-038b-b170-9332-a9728f25a39b,351525,Kevin Lacruz Coscolín,Midfielder,,0,,,[],{'2010/2011': 29}
ef7a3d1d-2f03-9be1-cb6a-695f856b5ca6,8420,Luca Cigarini,Midfielder,,0,,,[],{'2010/2011': 19}
e4f21e33-0c76-5549-a369-3c71d596563a,23795,Daniel Jiménez López,Midfielder,,0,,,[],{'2010/2011': 29}
be5dfeb6-71c1-2d75-2044-5b9292e10d13,25943,Luís Fabiano Clemente,Attacker,right,1,6.0,0.49334088840623735,"[{'season_label': '2010/2011', 'appearances': 1, 'avg_score': 6.0, 'avg_vaep': 0.49}]",{'2010/2011': 10}
0b606c58-4981-1a2d-8b92-b8f4e6391fd7,26015,Renato Dirnei Florencio,Midfielder,right,1,6.0,0.9347963560830976,"[{'season_label': '2010/2011', 'appearances': 1, 'avg_score': 6.0, 'avg_vaep': 0.93}]",{'2010/2011': 11}
08648e60-ac32-d2c8-05ab-6b0e0c174180,26018,Julien Escudé,Defender,left,2,6.18,0.1347989256009896,"[{'season_label': '2011/2012', 'appearances': 2, 'avg_score': 6.18, 'avg_vaep': 0.13}]","{'2010/2011': 14, '2011/2012': 14}"
d9bd61e2-0913-9427-8ac0-7a38f8053d4e,26683,Abdoulay Konko,Defender,right,1,6.0,0.24344099256268237,"[{'season_label': '2010/2011', 'appearances': 1, 'avg_score': 6.0, 'avg_vaep': 0.24}]",{'2010/2011': 24}
9577390e-8eeb-4fae-6241-266d2f2ab279,26694,José Carlos Fernández Vázquez,Attacker,left,2,6.535,0.4499940989780953,"[{'season_label': '2012/2013', 'appearances': 2, 'avg_score': 6.54, 'avg_vaep': 0.45}]","{'2010/2011': 30, '2012/2013': 9}"
f05fb18f-e7e5-de06-57e2-2a1dbd2e3b40,26752,Mouhamadou Dabo,Attacker,right,1,6.0,0.2968058617661882,"[{'season_label': '2010/2011', 'appearances': 1, 'avg_score': 6.0, 'avg_vaep': 0.3}]",{'2010/2011': 20}
9a1335ef-5ffe-bb0d-e9d0-89c4182e4868,6384,Gabriel Fernández Arenas,Midfielder,right,15,6.168,0.8148992738297238,"[{'season_label': '2010/2011', 'appearances': 1, 'avg_score': 6.06, 'avg_vaep': 0.52}, {'season_label': '2011/2012', 'appearances': 2, 'avg_score': 6.31, 'avg_vaep': 0.56}, {'season_label': '2012/2013', 'appearances': 2, 'avg_score': 6.21, 'avg_vaep': 0.93}, {'season_label': '2013/2014', 'appearances': 2, 'avg_score': 6.38, 'avg_vaep': 0.84}, {'season_label': '2014/2015', 'appearances': 2, 'avg_score': 6.04, 'avg_vaep': 1.14}, {'season_label': '2015/2016', 'appearances': 2, 'avg_score': 6.06, 'avg_vaep': 0.6}, {'season_label': '2016/2017', 'appearances': 2, 'avg_score': 6.21, 'avg_vaep': 1.18}, {'season_label': '2020/2021', 'appearances': 2, 'avg_score': 6.01, 'avg_vaep': 0.61}]","{'2010/2011': 14, '2011/2012': 14, '2012/2013': 14, '2013/2014': 14, '2014/2015': 14, '2015/2016': 14, '2016/2017': 14, '2020/2021': 14}"
6dfae292-14d4-11ba-6382-410ba2ac1645,25922,Leonardo Daniel Ponzio,Midfielder,right,2,6.125,0.5614266051215964,"[{'season_label': '2010/2011', 'appearances': 1, 'avg_score': 6.0, 'avg_vaep': 0.28}, {'season_label': '2011/2012', 'appearances': 1, 'avg_score': 6.25, 'avg_vaep': 0.84}]","{'2010/2011': 23, '2011/2012': 23}"
c2def1ef-e40f-a99d-4735-46860a5e699b,26020,Ángel Lafita Castillo,Attacker,right,6,6.546666666666667,0.22253397683016374,"[{'season_label': '2010/2011', 'appearances': 1, 'avg_score': 6.03, 'avg_vaep': 0.33}, {'season_label': '2011/2012', 'appearances': 2, 'avg_score': 6.75, 'avg_vaep': 0.37}, {'season_label': '2013/2014', 'appearances': 1, 'avg_score': 7.45, 'avg_vaep': 0.41}, {'season_label': '2014/2015', 'appearances': 1, 'avg_score': 6.29, 'avg_vaep': -0.15}, {'season_label': '2015/2016', 'appearances': 1, 'avg_score': 6.0, 'avg_vaep': 0.01}]","{'2010/2011': 17, '2011/2012': 17, '2013/2014': 7, '2014/2015': 7, '2015/2016': 7}"
d9236c0a-634e-cbcb-339a-2646250c420c,26654,Matteo Contini,Defender,left,1,6.0,0.1435926366757485,"[{'season_label': '2010/2011', 'appearances': 1, 'avg_score': 6.0, 'avg_vaep': 0.14}]",{'2010/2011': 4}
ab443396-03db-6b7d-0ec5-1150f43a138d,26713,Saïd Boutahar,Midfielder,left,1,6.0,0.1738936298970657,"[{'season_label': '2010/2011', 'appearances': 1, 'avg_score': 6.0, 'avg_vaep': 0.17}]",{'2010/2011': 20}
4815717d-5a93-704f-7d9f-0e23dd3d78fc,26716,Braulio Nóbrega Rodríguez,Attacker,right,1,6.15,0.3684416602991405,"[{'season_label': '2010/2011', 'appearances': 1, 'avg_score': 6.15, 'avg_vaep': 0.37}]",{'2010/2011': 16}
54ebdfbb-fe6c-31c3-9aab-a9a1ee83860a,3671,José Leonardo Ulloa,Midfielder,,0,,,[],{'2010/2011': 20}
b3724292-5ffe-0da4-00d9-b98c254b9fcd,13437,Diego Hernán Váleri,Midfielder,,0,,,[],{'2010/2011': 9}
e8568f57-572b-c50d-af68-8754f4717ccc,25971,Esteban Andrés Suárez,GK,left,2,6.17,0.19389587236673833,"[{'season_label': '2013/2014', 'appearances': 2, 'avg_score': 6.17, 'avg_vaep': 0.19}]","{'2010/2011': 13, '2013/2014': 1}"
ef05c1d2-1d1d-4070-adaf-684257f2441a,26433,José Ortiz Bernal,Midfielder,,0,,,[],{'2010/2011': 10}
c5d2c718-008d-3490-546d-029cab134fb7,26439,Carlos García Badías,Defender,right,1,6.0,0.44028067209001165,"[{'season_label': '2010/2011', 'appearances': 1, 'avg_score': 6.0, 'avg_vaep': 0.44}]",{'2010/2011': 21}
e74f0b8c-c8a5-3963-2312-16f649076da0,26648,Modeste M''bami,Midfielder,right,1,6.0,0.034182573481302825,"[{'season_label': '2010/2011', 'appearances': 1, 'avg_score': 6.0, 'avg_vaep': 0.03}]",{'2010/2011': 19}
7cb32e6b-dc27-2551-1764-78f3e90288bd,26766,Fabián Andrés Vargas Rivera,Midfielder,right,1,6.0,-0.07081311524234479,"[{'season_label': '2010/2011', 'appearances': 1, 'avg_score': 6.0, 'avg_vaep': -0.07}]",{'2010/2011': 22}
22643e4a-5368-3c92-ff1b-855a0733b635,33467,Michael Jakobsen,Midfielder,,0,,,[],{'2010/2011': 2}
94739e5a-5164-b4d2-396e-253a11d57044,6610,Iván Cuéllar Sacristán,GK,left,10,6.063000000000001,0.3963212476923218,"[{'season_label': '2010/2011', 'appearances': 1, 'avg_score': 6.0, 'avg_vaep': 0.3}, {'season_label': '2015/2016', 'appearances': 2, 'avg_score': 6.1, 'avg_vaep': 0.45}, {'season_label': '2016/2017', 'appearances': 1, 'avg_score': 6.08, 'avg_vaep': 0.56}, {'season_label': '2017/2018', 'appearances': 2, 'avg_score': 6.1, 'avg_vaep': 0.66}, {'season_label': '2018/2019', 'appearances': 2, 'avg_score': 6.08, 'avg_vaep': 0.2}, {'season_label': '2020/2021', 'appearances': 2, 'avg_score': 6.0, 'avg_vaep': 0.24}]","{'2010/2011': 13, '2015/2016': 1, '2016/2017': 1, '2017/2018': 1, '2018/2019': 1, '2020/2021': 1}"
1e8a1942-6224-ca89-e83c-ef47f1e7f53b,6705,José Ángel Valdés Díaz,Defender,left,8,6.25125,0.47752409748568425,"[{'season_label': '2010/2011', 'appearances': 1, 'avg_score': 6.0, 'avg_vaep': 0.47}, {'season_label': '2012/2013', 'appearances': 1, 'avg_score': 6.0, 'avg_vaep': 0.05}, {'season_label': '2013/2014', 'appearances': 1, 'avg_score': 6.0, 'avg_vaep': 0.19}, {'season_label': '2017/2018', 'appearances': 2, 'avg_score': 6.33, 'avg_vaep': 0.37}, {'season_label': '2018/2019', 'appearances': 2, 'avg_score': 6.49, 'avg_vaep': 0.96}, {'season_label': '2020/2021', 'appearances': 1, 'avg_score': 6.39, 'avg_vaep': 0.46}]","{'2010/2011': 3, '2012/2013': 20, '2013/2014': 20, '2017/2018': 15, '2018/2019': 15, '2020/2021': 15}"
90965ec7-ae54-eb64-5931-44a456e89b14,18925,Ignacio Cases Mora,Midfielder,left,4,6.01,0.5870809157836447,"[{'season_label': '2010/2011', 'appearances': 1, 'avg_score': 6.0, 'avg_vaep': 0.41}, {'season_label': '2011/2012', 'appearances': 1, 'avg_score': 6.03, 'avg_vaep': 0.32}, {'season_label': '2015/2016', 'appearances': 1, 'avg_score': 6.01, 'avg_vaep': 1.38}, {'season_label': '2016/2017', 'appearances': 1, 'avg_score': 6.0, 'avg_vaep': 0.25}]","{'2010/2011': 31, '2011/2012': 21, '2015/2016': 10, '2016/2017': 10}"
292f541e-86a2-c616-f7da-d12cd9c820b8,23991,Miguel Ángel De las Cuevas Barberá,Attacker,right,6,6.05,0.4201387073871956,"[{'season_label': '2010/2011', 'appearances': 1, 'avg_score': 6.07, 'avg_vaep': 0.24}, {'season_label': '2011/2012', 'appearances': 1, 'avg_score': 6.06, 'avg_vaep': 0.56}, {'season_label': '2012/2013', 'appearances': 1, 'avg_score': 6.0, 'avg_vaep': -0.1}, {'season_label': '2013/2014', 'appearances': 1, 'avg_score': 6.16, 'avg_vaep': 0.4}, {'season_label': '2016/2017', 'appearances': 2, 'avg_score': 6.0, 'avg_vaep': 0.72}]","{'2010/2011': 20, '2011/2012': 20, '2012/2013': 6, '2013/2014': 8, '2016/2017': 20}"
dc38dc7e-4713-858d-62bd-478ea70b4fe9,24686,Roberto Canella Suárez,Defender,left,5,6.0,0.29908513200171,"[{'season_label': '2010/2011', 'appearances': 1, 'avg_score': 6.0, 'avg_vaep': 0.23}, {'season_label': '2011/2012', 'appearances': 1, 'avg_score': 6.0, 'avg_vaep': 0.7}, {'season_label': '2014/2015', 'appearances': 1, 'avg_score': 6.0, 'avg_vaep': 0.22}, {'season_label': '2015/2016', 'appearances': 2, 'avg_score': 6.0, 'avg_vaep': 0.17}]","{'2010/2011': 15, '2011/2012': 15, '2014/2015': 3, '2015/2016': 15}"
370abbc7-e1cb-ca7a-e9e5-d71dd316f28f,25805,Jorge García Torre,Midfielder,,0,,,[],{'2010/2011': 4}
303e5a77-002b-8f8a-cf84-ef064760f23e,25893,Alberto Rivera Pizarro,Midfielder,right,2,6.015000000000001,0.18175480798072385,"[{'season_label': '2011/2012', 'appearances': 1, 'avg_score': 6.03, 'avg_vaep': 0.32}, {'season_label': '2013/2014', 'appearances': 1, 'avg_score': 6.0, 'avg_vaep': 0.04}]","{'2010/2011': 5, '2011/2012': 5, '2013/2014': 5}"
2da535ad-78bb-2e93-aa44-8b1a4a61134e,26227,Mate Bilić,Attacker,,2,6.0,-0.034500225348892855,"[{'season_label': '2010/2011', 'appearances': 1, 'avg_score': 6.0, 'avg_vaep': -0.05}, {'season_label': '2011/2012', 'appearances': 1, 'avg_score': 6.0, 'avg_vaep': -0.02}]","{'2010/2011': 9, '2011/2012': 9}"
7ff4b602-1c6a-582a-e204-924c3e9a181f,26228,Juan Pablo Colinas Ferreras,GK,right,1,6.04,0.1754362136562122,"[{'season_label': '2011/2012', 'appearances': 1, 'avg_score': 6.04, 'avg_vaep': 0.18}]","{'2010/2011': 1, '2011/2012': 1}"
d252374c-ef7c-9c68-7b09-5cc8f7fac721,26229,Carmelo José González Jiménez,Midfielder,right,1,6.0,0.18038450043968624,"[{'season_label': '2010/2011', 'appearances': 1, 'avg_score': 6.0, 'avg_vaep': 0.18}]",{'2010/2011': 6}
8c805330-9e86-38d5-9c45-31d6da1e00be,26244,Rafael Sastre Reus,Defender,right,1,6.0,0.24426048638270004,"[{'season_label': '2010/2011', 'appearances': 1, 'avg_score': 6.0, 'avg_vaep': 0.24}]",{'2010/2011': 22}
86118085-3c3c-32a9-d297-91a80a8f21ec,26248,David Barral Torres,Attacker,right,7,6.242857142857143,0.25866532108141527,"[{'season_label': '2010/2011', 'appearances': 1, 'avg_score': 6.97, 'avg_vaep': 0.34}, {'season_label': '2011/2012', 'appearances': 1, 'avg_score': 6.13, 'avg_vaep': 0.39}, {'season_label': '2013/2014', 'appearances': 1, 'avg_score': 6.03, 'avg_vaep': 0.23}, {'season_label': '2014/2015', 'appearances': 2, 'avg_score': 6.29, 'avg_vaep': 0.37}, {'season_label': '2015/2016', 'appearances': 1, 'avg_score': 6.0, 'avg_vaep': 0.02}, {'season_label': '2016/2017', 'appearances': 1, 'avg_score': 6.0, 'avg_vaep': 0.08}]","{'2010/2011': 23, '2011/2012': 23, '2013/2014': 7, '2014/2015': 7, '2015/2016': 15, '2016/2017': 7}"
eadb3809-8fdd-ecbe-319d-0d83c840134a,26252,Diego Castro Giménez,Attacker,right,6,6.168333333333333,0.36375221987509576,"[{'season_label': '2010/2011', 'appearances': 1, 'avg_score': 6.09, 'avg_vaep': 0.35}, {'season_label': '2011/2012', 'appearances': 2, 'avg_score': 6.15, 'avg_vaep': 0.22}, {'season_label': '2012/2013', 'appearances': 2, 'avg_score': 6.25, 'avg_vaep': 0.27}, {'season_label': '2014/2015', 'appearances': 1, 'avg_score': 6.12, 'avg_vaep': 0.87}]","{'2010/2011': 17, '2011/2012': 17, '2012/2013': 17, '2014/2015': 17}"
79a00b87-195c-b584-d0b3-b5358e19f795,26638,Alberto Botía Rabasco,Defender,right,4,6.0,0.26947103227848856,"[{'season_label': '2010/2011', 'appearances': 1, 'avg_score': 6.0, 'avg_vaep': 0.08}, {'season_label': '2011/2012', 'appearances': 1, 'avg_score': 6.0, 'avg_vaep': 0.54}, {'season_label': '2012/2013', 'appearances': 2, 'avg_score': 6.0, 'avg_vaep': 0.23}]","{'2010/2011': 2, '2011/2012': 2, '2012/2013': 24}"
5c41f2f3-84ae-d106-83a0-6b2bc4ca9de9,26661,Iván Hernández Soto,Defender,right,2,6.0,0.23366787094710162,"[{'season_label': '2010/2011', 'appearances': 1, 'avg_score': 6.0, 'avg_vaep': 0.03}, {'season_label': '2011/2012', 'appearances': 1, 'avg_score': 6.0, 'avg_vaep': 0.44}]","{'2010/2011': 14, '2011/2012': 14}"
968d8656-4d7a-6e67-4ffc-4189b4e68009,26702,Ignacio Javier Gómez Novo,Midfielder,right,1,6.0,0.233956106032565,"[{'season_label': '2010/2011', 'appearances': 1, 'avg_score': 6.0, 'avg_vaep': 0.23}]",{'2010/2011': 10}
6c9732f5-f96c-2014-8599-b15c49030fd6,26703,André de Castro Pereira,Midfielder,right,2,6.005,0.4893860492775275,"[{'season_label': '2010/2011', 'appearances': 1, 'avg_score': 6.0, 'avg_vaep': 0.79}, {'season_label': '2011/2012', 'appearances': 1, 'avg_score': 6.01, 'avg_vaep': 0.19}]","{'2010/2011': 16, '2011/2012': 3}"
233da4c4-8efc-248d-a85b-3e1d440ba31f,351524,Gastón Maximiliano Sangoy,Midfielder,,0,,,[],{'2010/2011': 8}
b071cfa8-1605-a94a-d80c-fa2bbc747448,3478,Francesc Fàbregas i Soler,Midfielder,right,82,7.163536585365853,0.44749548642758097,"[{'season_label': '2011/2012', 'appearances': 27, 'avg_score': 7.27, 'avg_vaep': 0.5}, {'season_label': '2012/2013', 'appearances': 26, 'avg_score': 7.2, 'avg_vaep': 0.46}, {'season_label': '2013/2014', 'appearances': 29, 'avg_score': 7.03, 'avg_vaep': 0.39}]","{'2011/2012': 4, '2012/2013': 4, '2013/2014': 4}"
e834cb11-4d33-f729-dbc9-c7fb0c6bb607,8697,Andrés Eduardo Fernández Moreno,GK,right,9,6.133333333333334,0.3029989668898957,"[{'season_label': '2011/2012', 'appearances': 2, 'avg_score': 6.08, 'avg_vaep': 0.53}, {'season_label': '2012/2013', 'appearances': 2, 'avg_score': 6.36, 'avg_vaep': 0.3}, {'season_label': '2013/2014', 'appearances': 2, 'avg_score': 6.04, 'avg_vaep': 0.13}, {'season_label': '2015/2016', 'appearances': 2, 'avg_score': 6.12, 'avg_vaep': 0.25}, {'season_label': '2016/2017', 'appearances': 1, 'avg_score': 6.0, 'avg_vaep': 0.31}]","{'2011/2012': 25, '2012/2013': 13, '2013/2014': 13, '2015/2016': 13, '2016/2017': 13, '2017/2018': 13, '2018/2019': 13, '2019/2020': 25, '2020/2021': 13}"
5658eb3b-f034-6188-8d59-9d8a2799e7a0,15416,Jukka Raitala,Defender,left,2,6.04,0.7223381853109458,"[{'season_label': '2011/2012', 'appearances': 2, 'avg_score': 6.04, 'avg_vaep': 0.72}]",{'2011/2012': 20}
ead97089-aae4-76d3-62a9-42d978947c32,16718,Roland Conde Lamah,Attacker,left,2,6.455,0.3860129763997975,"[{'season_label': '2011/2012', 'appearances': 1, 'avg_score': 6.02, 'avg_vaep': 0.48}, {'season_label': '2012/2013', 'appearances': 1, 'avg_score': 6.89, 'avg_vaep': 0.3}]","{'2011/2012': 21, '2012/2013': 20}"
b63b53cf-aa9a-5da9-df49-9fd91469192d,24069,Ibrahima Baldé,Attacker,right,2,6.029999999999999,0.04459530427629943,"[{'season_label': '2011/2012', 'appearances': 2, 'avg_score': 6.03, 'avg_vaep': 0.04}]",{'2011/2012': 19}
d15fa69a-bab3-57f1-ff01-e3bb5f38e88b,24166,Juan Francisco Martínez Modesto,Attacker,right,4,6.08,0.2557625565386843,"[{'season_label': '2011/2012', 'appearances': 2, 'avg_score': 6.16, 'avg_vaep': 0.53}, {'season_label': '2012/2013', 'appearances': 1, 'avg_score': 6.0, 'avg_vaep': 0.02}, {'season_label': '2019/2020', 'appearances': 1, 'avg_score': 6.0, 'avg_vaep': -0.06}]","{'2011/2012': 17, '2012/2013': 17, '2019/2020': 7}"
4b2e0217-a0ed-46be-7207-c0acfe2fee53,26807,Marc Bertrán Vilanova,Defender,right,5,6.004,0.3022097775457951,"[{'season_label': '2011/2012', 'appearances': 2, 'avg_score': 6.01, 'avg_vaep': 0.2}, {'season_label': '2012/2013', 'appearances': 2, 'avg_score': 6.0, 'avg_vaep': 0.35}, {'season_label': '2013/2014', 'appearances': 1, 'avg_score': 6.0, 'avg_vaep': 0.42}]","{'2011/2012': 2, '2012/2013': 2, '2013/2014': 2}"
63f6019c-a436-ea42-e23a-670f0bca5a8f,26842,Rovérsio Rodrigues de Barros,Defender,right,1,6.0,0.09538300241547404,"[{'season_label': '2011/2012', 'appearances': 1, 'avg_score': 6.0, 'avg_vaep': 0.1}]",{'2011/2012': 15}
4ad13f04-ef43-7399-2c9d-3046200aa350,3253,Adil Rami,Defender,right,7,6.0528571428571425,0.36244692644426585,"[{'season_label': '2011/2012', 'appearances': 2, 'avg_score': 6.0, 'avg_vaep': 0.39}, {'season_label': '2012/2013', 'appearances': 2, 'avg_score': 6.12, 'avg_vaep': 0.31}, {'season_label': '2013/2014', 'appearances': 1, 'avg_score': 6.0, 'avg_vaep': 0.32}, {'season_label': '2015/2016', 'appearances': 1, 'avg_score': 6.0, 'avg_vaep': 0.19}, {'season_label': '2016/2017', 'appearances': 1, 'avg_score': 6.12, 'avg_vaep': 0.65}]","{'2011/2012': 4, '2012/2013': 4, '2013/2014': 4, '2015/2016': 3, '2016/2017': 23}"
a23156ab-fd4a-114c-35b9-30b836064e8b,11084,Mehmet Topal,Midfielder,right,1,6.0,0.1185852009584778,"[{'season_label': '2011/2012', 'appearances': 1, 'avg_score': 6.0, 'avg_vaep': 0.12}]",{'2011/2012': 5}
a211ea69-65ec-4a24-fa63-078baa56a8d4,20070,Luís Miguel Brito Garcia Monteiro,Defender,right,2,6.0,0.19891092628859042,"[{'season_label': '2011/2012', 'appearances': 2, 'avg_score': 6.0, 'avg_vaep': 0.2}]",{'2011/2012': 23}
131f383b-434f-df48-079b-ff1e44e2d9a5,3385,Alexis Alejandro Sánchez Sánchez,Attacker,right,75,6.8844,0.26843088049463404,"[{'season_label': '2011/2012', 'appearances': 24, 'avg_score': 7.0, 'avg_vaep': 0.25}, {'season_label': '2012/2013', 'appearances': 24, 'avg_score': 6.63, 'avg_vaep': 0.3}, {'season_label': '2013/2014', 'appearances': 27, 'avg_score': 7.0, 'avg_vaep': 0.26}]","{'2011/2012': 9, '2012/2013': 9, '2013/2014': 9}"
8ca01ea9-2067-9a0f-e372-8441494041b9,6658,Cristian Tello Herrera,Attacker,right,55,6.268909090909092,0.16889193916504155,"[{'season_label': '2011/2012', 'appearances': 14, 'avg_score': 6.35, 'avg_vaep': 0.09}, {'season_label': '2012/2013', 'appearances': 17, 'avg_score': 6.43, 'avg_vaep': 0.31}, {'season_label': '2013/2014', 'appearances': 18, 'avg_score': 6.04, 'avg_vaep': 0.11}, {'season_label': '2017/2018', 'appearances': 2, 'avg_score': 6.7, 'avg_vaep': 0.45}, {'season_label': '2018/2019', 'appearances': 1, 'avg_score': 6.0, 'avg_vaep': -0.0}, {'season_label': '2019/2020', 'appearances': 2, 'avg_score': 6.1, 'avg_vaep': -0.01}, {'season_label': '2020/2021', 'appearances': 1, 'avg_score': 6.28, 'avg_vaep': -0.08}]","{'2011/2012': 37, '2012/2013': 37, '2013/2014': 20, '2017/2018': 11, '2018/2019': 11, '2019/2020': 11, '2020/2021': 20}"
b9b852ac-7bd1-776b-c5ac-5ce3b41d8af7,6672,Jorge Andújar Moreno,Defender,right,11,6.117272727272728,0.3980854395816674,"[{'season_label': '2011/2012', 'appearances': 1, 'avg_score': 6.0, 'avg_vaep': 0.24}, {'season_label': '2012/2013', 'appearances': 1, 'avg_score': 6.06, 'avg_vaep': 0.45}, {'season_label': '2013/2014', 'appearances': 1, 'avg_score': 6.04, 'avg_vaep': 0.01}, {'season_label': '2014/2015', 'appearances': 2, 'avg_score': 6.02, 'avg_vaep': 0.98}, {'season_label': '2015/2016', 'appearances': 2, 'avg_score': 6.48, 'avg_vaep': 0.42}, {'season_label': '2017/2018', 'appearances': 2, 'avg_score': 6.1, 'avg_vaep': 0.16}, {'season_label': '2019/2020', 'appearances': 2, 'avg_score': 6.0, 'avg_vaep': 0.29}]","{'2011/2012': 23, '2012/2013': 23, '2013/2014': 23, '2014/2015': 23, '2015/2016': 23, '2017/2018': 12, '2018/2019': 23, '2019/2020': 23, '2020/2021': 12}"
99e7e6ce-0973-24ac-eb45-f98299ceb621,6688,José Ángel Gómez Campaña,Midfielder,right,5,6.586,0.7093750069110684,"[{'season_label': '2011/2012', 'appearances': 1, 'avg_score': 6.0, 'avg_vaep': 0.48}, {'season_label': '2017/2018', 'appearances': 2, 'avg_score': 6.7, 'avg_vaep': 0.94}, {'season_label': '2018/2019', 'appearances': 2, 'avg_score': 6.77, 'avg_vaep': 0.59}]","{'2011/2012': 16, '2017/2018': 24, '2018/2019': 24}"
64a9c037-f9a4-d1f4-ad27-1611c784a92b,26611,Emiliano Daniel Armenteros,Attacker,left,2,6.215,0.7233942364946415,"[{'season_label': '2011/2012', 'appearances': 1, 'avg_score': 6.22, 'avg_vaep': 1.19}, {'season_label': '2013/2014', 'appearances': 1, 'avg_score': 6.21, 'avg_vaep': 0.25}]","{'2011/2012': 18, '2013/2014': 9}"
d4ae8c1a-db5a-e04a-e5ba-30e9c7d249f7,26790,Piotr Trochowski,Midfielder,right,5,6.0,0.3031888673980575,"[{'season_label': '2011/2012', 'appearances': 2, 'avg_score': 6.0, 'avg_vaep': 0.16}, {'season_label': '2012/2013', 'appearances': 1, 'avg_score': 6.0, 'avg_vaep': 0.23}, {'season_label': '2013/2014', 'appearances': 2, 'avg_score': 6.0, 'avg_vaep': 0.49}]","{'2011/2012': 15, '2012/2013': 15, '2013/2014': 15}"
dc36f18a-9a0a-7766-71d4-879cae69b551,6559,Juan Carlos Pérez López,Attacker,left,8,6.1137500000000005,0.4108318886574125,"[{'season_label': '2011/2012', 'appearances': 2, 'avg_score': 6.05, 'avg_vaep': 0.22}, {'season_label': '2012/2013', 'appearances': 1, 'avg_score': 6.0, 'avg_vaep': -0.16}, {'season_label': '2013/2014', 'appearances': 2, 'avg_score': 6.37, 'avg_vaep': 0.68}, {'season_label': '2015/2016', 'appearances': 1, 'avg_score': 6.0, 'avg_vaep': 1.06}, {'season_label': '2016/2017', 'appearances': 1, 'avg_score': 6.0, 'avg_vaep': 0.23}, {'season_label': '2020/2021', 'appearances': 1, 'avg_score': 6.07, 'avg_vaep': 0.36}]","{'2011/2012': 11, '2012/2013': 17, '2013/2014': 17, '2015/2016': 7, '2016/2017': 7, '2020/2021': 7}"
ad0f7a25-211a-bc38-89cb-0f420c85e671,6571,Roberto Jiménez Gago,GK,right,5,6.022,0.2648689014495176,"[{'season_label': '2011/2012', 'appearances': 2, 'avg_score': 6.04, 'avg_vaep': 0.2}, {'season_label': '2012/2013', 'appearances': 1, 'avg_score': 6.02, 'avg_vaep': 0.61}, {'season_label': '2016/2017', 'appearances': 1, 'avg_score': 6.0, 'avg_vaep': 0.12}, {'season_label': '2018/2019', 'appearances': 1, 'avg_score': 6.0, 'avg_vaep': 0.2}]","{'2011/2012': 1, '2012/2013': 1, '2016/2017': 1, '2017/2018': 1, '2018/2019': 13, '2019/2020': 13}"
350a7f5e-e27d-22db-e366-98b10930ff96,7701,Franco Zuculini,Attacker,right,2,6.1,0.8531581510706019,"[{'season_label': '2011/2012', 'appearances': 1, 'avg_score': 6.02, 'avg_vaep': 0.54}, {'season_label': '2012/2013', 'appearances': 1, 'avg_score': 6.18, 'avg_vaep': 1.16}]","{'2011/2012': 20, '2012/2013': 20}"
2190834c-f569-ffab-4685-4f84b2124104,11161,Rúben Micael Freitas da Ressurreição,Midfielder,right,2,6.0,0.3311542766296043,"[{'season_label': '2011/2012', 'appearances': 2, 'avg_score': 6.0, 'avg_vaep': 0.33}]",{'2011/2012': 18}
ac09bdc1-0c90-d57b-d2d9-117485ce3fa7,20011,Hélder Manuel Marques Postiga,Attacker,right,4,6.4,0.026169705532993248,"[{'season_label': '2011/2012', 'appearances': 2, 'avg_score': 6.02, 'avg_vaep': -0.04}, {'season_label': '2012/2013', 'appearances': 1, 'avg_score': 6.01, 'avg_vaep': 0.03}, {'season_label': '2013/2014', 'appearances': 1, 'avg_score': 7.55, 'avg_vaep': 0.16}]","{'2011/2012': 9, '2012/2013': 9, '2013/2014': 9, '2014/2015': 9}"
b44d430b-7454-e3e7-eae0-636defd68abb,23942,Abraham Minero Fernández,Defender,left,3,6.0,0.3101385120814181,"[{'season_label': '2011/2012', 'appearances': 2, 'avg_score': 6.0, 'avg_vaep': 0.05}, {'season_label': '2014/2015', 'appearances': 1, 'avg_score': 6.0, 'avg_vaep': 0.84}]","{'2011/2012': 21, '2014/2015': 24}"
9486af7e-0d76-7abe-3859-480dd307e1b7,26522,Carlos Reina Aranda,Attacker,right,3,6.756666666666667,0.6275037348817326,"[{'season_label': '2011/2012', 'appearances': 1, 'avg_score': 7.43, 'avg_vaep': 0.45}, {'season_label': '2012/2013', 'appearances': 2, 'avg_score': 6.42, 'avg_vaep': 0.72}]","{'2011/2012': 7, '2012/2013': 7}"
65f76dcd-bd78-9fbe-2623-a33ab6b35da0,26837,Pablo Sebastián Valeira Álvarez,Defender,right,1,6.0,0.5358604077264317,"[{'season_label': '2011/2012', 'appearances': 1, 'avg_score': 6.0, 'avg_vaep': 0.54}]",{'2011/2012': 2}
1ef97cba-05f5-ab84-0144-5bec0d6d523f,26776,Juan Isaac Cuenca López,Attacker,right,18,6.488333333333333,0.3145634314541894,"[{'season_label': '2011/2012', 'appearances': 15, 'avg_score': 6.57, 'avg_vaep': 0.34}, {'season_label': '2014/2015', 'appearances': 1, 'avg_score': 6.2, 'avg_vaep': 0.43}, {'season_label': '2015/2016', 'appearances': 1, 'avg_score': 6.04, 'avg_vaep': 0.15}, {'season_label': '2016/2017', 'appearances': 1, 'avg_score': 6.03, 'avg_vaep': 0.02}]","{'2011/2012': 23, '2014/2015': 14, '2015/2016': 19, '2016/2017': 19}"
745dc8d0-c9e0-67bb-cd1e-6688a64cfcda,16268,Efraín Juárez Váldez,Defender,right,1,6.04,0.6086927114629361,"[{'season_label': '2011/2012', 'appearances': 1, 'avg_score': 6.04, 'avg_vaep': 0.61}]",{'2011/2012': 2}
ba9d98e8-e540-4117-3ea4-f3640ed79cac,20264,Fernando José da Silva Freitas Meira,Midfielder,right,1,6.0,0.6898639645569347,"[{'season_label': '2011/2012', 'appearances': 1, 'avg_score': 6.0, 'avg_vaep': 0.69}]",{'2011/2012': 6}
28b67302-3e12-3cde-fc28-fd22e24c6c98,26796,Pablo Edson Barrera Acosta,Attacker,right,1,6.0,0.36834165455729817,"[{'season_label': '2011/2012', 'appearances': 1, 'avg_score': 6.0, 'avg_vaep': 0.37}]",{'2011/2012': 16}
ceb68945-5a88-ec95-8a3c-9e3983f3f5b4,26798,David Mateos Ramajo,Defender,right,1,6.0,0.21667634995174012,"[{'season_label': '2011/2012', 'appearances': 1, 'avg_score': 6.0, 'avg_vaep': 0.22}]",{'2011/2012': 4}
09ba3f0d-f144-7f40-e986-74ba9d62c747,3445,Radamel Falcao García Zárate,Attacker,right,4,7.2675,0.39745138492708065,"[{'season_label': '2011/2012', 'appearances': 2, 'avg_score': 7.19, 'avg_vaep': 0.46}, {'season_label': '2012/2013', 'appearances': 2, 'avg_score': 7.34, 'avg_vaep': 0.34}]","{'2011/2012': 9, '2012/2013': 9}"
0141a8ae-db1b-5397-0fac-7c81dac79fbe,3509,Thibaut Courtois,GK,left,11,6.009090909090909,0.07540865912878045,"[{'season_label': '2011/2012', 'appearances': 2, 'avg_score': 6.0, 'avg_vaep': 0.09}, {'season_label': '2012/2013', 'appearances': 2, 'avg_score': 6.0, 'avg_vaep': 0.01}, {'season_label': '2013/2014', 'appearances': 2, 'avg_score': 6.0, 'avg_vaep': 0.09}, {'season_label': '2017/2018', 'appearances': 1, 'avg_score': 6.0, 'avg_vaep': 0.28}, {'season_label': '2018/2019', 'appearances': 2, 'avg_score': 6.0, 'avg_vaep': -0.03}, {'season_label': '2019/2020', 'appearances': 2, 'avg_score': 6.05, 'avg_vaep': 0.11}]","{'2011/2012': 13, '2012/2013': 13, '2013/2014': 13, '2017/2018': 25, '2018/2019': 13, '2019/2020': 1}"
44e6b86a-eefa-3eca-5832-a98043a7b6fa,5513,Eduardo Antonio Salvio,Attacker,right,2,6.025,0.36294496211939986,"[{'season_label': '2011/2012', 'appearances': 2, 'avg_score': 6.03, 'avg_vaep': 0.36}]",{'2011/2012': 8}
38685413-1f58-a556-343e-056f03626e00,5551,João Miranda de Souza Filho,Defender,right,6,6.0,0.14752412174675555,"[{'season_label': '2011/2012', 'appearances': 2, 'avg_score': 6.0, 'avg_vaep': -0.06}, {'season_label': '2012/2013', 'appearances': 2, 'avg_score': 6.0, 'avg_vaep': 0.54}, {'season_label': '2013/2014', 'appearances': 2, 'avg_score': 6.0, 'avg_vaep': -0.04}]","{'2011/2012': 23, '2012/2013': 23, '2013/2014': 23, '2014/2015': 23}"
e9462095-9256-3be0-f01c-844ab2170f0c,11094,Arda Turan,Midfielder,right,41,6.318292682926829,0.4072211466705639,"[{'season_label': '2011/2012', 'appearances': 2, 'avg_score': 6.08, 'avg_vaep': 0.47}, {'season_label': '2012/2013', 'appearances': 2, 'avg_score': 6.06, 'avg_vaep': 0.46}, {'season_label': '2013/2014', 'appearances': 2, 'avg_score': 6.21, 'avg_vaep': 0.42}, {'season_label': '2014/2015', 'appearances': 2, 'avg_score': 6.07, 'avg_vaep': 0.8}, {'season_label': '2015/2016', 'appearances': 18, 'avg_score': 6.32, 'avg_vaep': 0.29}, {'season_label': '2016/2017', 'appearances': 15, 'avg_score': 6.43, 'avg_vaep': 0.48}]","{'2011/2012': 11, '2012/2013': 10, '2013/2014': 10, '2014/2015': 10, '2015/2016': 7, '2016/2017': 7, '2020/2021': 7}"
a487e134-4b14-e77f-d389-4b4e43464bd5,23364,Sílvio Manuel Azevedo Ferreira Sá Pereira,Defender,right,2,6.0,0.14125624842381512,"[{'season_label': '2011/2012', 'appearances': 1, 'avg_score': 6.0, 'avg_vaep': 0.04}, {'season_label': '2012/2013', 'appearances': 1, 'avg_score': 6.0, 'avg_vaep': 0.24}]","{'2011/2012': 17, '2012/2013': 19}"
6600e06f-e935-0b62-c1e3-43504d4a7b86,6573,Bernardo José Espinosa Zúñiga,Defender,right,8,6.0024999999999995,0.4110234186246089,"[{'season_label': '2011/2012', 'appearances': 2, 'avg_score': 6.0, 'avg_vaep': 0.42}, {'season_label': '2017/2018', 'appearances': 2, 'avg_score': 6.0, 'avg_vaep': 0.42}, {'season_label': '2018/2019', 'appearances': 2, 'avg_score': 6.0, 'avg_vaep': 0.34}, {'season_label': '2020/2021', 'appearances': 2, 'avg_score': 6.01, 'avg_vaep': 0.46}]","{'2011/2012': 18, '2017/2018': 2, '2018/2019': 20, '2020/2021': 2}"
01ded425-9d10-1feb-739b-06c399e9cd9c,6762,Álvaro González Soberón,Defender,right,11,6.06,0.4065252828502046,"[{'season_label': '2011/2012', 'appearances': 2, 'avg_score': 6.0, 'avg_vaep': 0.63}, {'season_label': '2012/2013', 'appearances': 1, 'avg_score': 6.12, 'avg_vaep': 0.25}, {'season_label': '2014/2015', 'appearances': 2, 'avg_score': 6.0, 'avg_vaep': 0.56}, {'season_label': '2015/2016', 'appearances': 1, 'avg_score': 6.0, 'avg_vaep': 0.28}, {'season_label': '2016/2017', 'appearances': 1, 'avg_score': 6.0, 'avg_vaep': 0.16}, {'season_label': '2017/2018', 'appearances': 2, 'avg_score': 6.24, 'avg_vaep': 0.27}, {'season_label': '2020/2021', 'appearances': 2, 'avg_score': 6.04, 'avg_vaep': 0.44}]","{'2011/2012': 14, '2012/2013': 4, '2014/2015': 22, '2015/2016': 22, '2016/2017': 12, '2017/2018': 3, '2020/2021': 3}"
7ef2f13f-0e9d-3478-d7c3-6f6483d38a86,6925,Jairo Samperio Bustara,Attacker,right,5,6.023999999999999,0.16207907792413606,"[{'season_label': '2011/2012', 'appearances': 2, 'avg_score': 6.05, 'avg_vaep': 0.16}, {'season_label': '2013/2014', 'appearances': 2, 'avg_score': 6.0, 'avg_vaep': 0.13}, {'season_label': '2020/2021', 'appearances': 1, 'avg_score': 6.02, 'avg_vaep': 0.24}]","{'2011/2012': 29, '2013/2014': 17, '2020/2021': 16}"
80f7325f-a857-de62-fafe-85f7a30273cb,7125,Khouma El Hadji Babacar,Attacker,right,1,6.03,0.12599708566995105,"[{'season_label': '2011/2012', 'appearances': 1, 'avg_score': 6.03, 'avg_vaep': 0.13}]",{'2011/2012': 11}
a38c30b2-766c-4353-d929-a8afe1f2e831,26786,Mario Fernández Cuesta,GK,right,1,6.1,0.38855191654511145,"[{'season_label': '2011/2012', 'appearances': 1, 'avg_score': 6.1, 'avg_vaep': 0.39}]","{'2011/2012': 1, '2016/2017': 1}"
56c12a45-12e8-4416-de45-0db11ab040c3,26787,Marcos Gullón Ferrera,Midfielder,right,1,6.02,1.0351273960877734,"[{'season_label': '2011/2012', 'appearances': 1, 'avg_score': 6.02, 'avg_vaep': 1.04}]",{'2011/2012': 21}
f05f78cb-eb96-21b3-e8c5-4bdf592be604,5560,Carlos Alberto Vela Garrido,Attacker,left,11,6.382727272727274,0.35631135515905044,"[{'season_label': '2011/2012', 'appearances': 2, 'avg_score': 6.26, 'avg_vaep': 0.21}, {'season_label': '2012/2013', 'appearances': 2, 'avg_score': 6.04, 'avg_vaep': 0.25}, {'season_label': '2013/2014', 'appearances': 1, 'avg_score': 7.07, 'avg_vaep': 0.46}, {'season_label': '2014/2015', 'appearances': 2, 'avg_score': 6.05, 'avg_vaep': 0.52}, {'season_label': '2015/2016', 'appearances': 2, 'avg_score': 6.11, 'avg_vaep': 0.39}, {'season_label': '2016/2017', 'appearances': 2, 'avg_score': 7.11, 'avg_vaep': 0.36}]","{'2011/2012': 23, '2012/2013': 11, '2013/2014': 11, '2014/2015': 11, '2015/2016': 11, '2016/2017': 11}"
cd9508fd-aa5c-1390-e9cc-329001cf1459,6665,Íñigo Martínez Berridi,Defender,left,15,6.093999999999999,0.273341878594753,"[{'season_label': '2011/2012', 'appearances': 2, 'avg_score': 6.0, 'avg_vaep': 0.17}, {'season_label': '2012/2013', 'appearances': 1, 'avg_score': 6.0, 'avg_vaep': 0.25}, {'season_label': '2013/2014', 'appearances': 2, 'avg_score': 6.04, 'avg_vaep': 0.06}, {'season_label': '2014/2015', 'appearances': 2, 'avg_score': 6.0, 'avg_vaep': 0.35}, {'season_label': '2015/2016', 'appearances': 1, 'avg_score': 6.05, 'avg_vaep': 0.12}, {'season_label': '2016/2017', 'appearances': 2, 'avg_score': 6.17, 'avg_vaep': 0.58}, {'season_label': '2017/2018', 'appearances': 2, 'avg_score': 6.11, 'avg_vaep': 0.14}, {'season_label': '2019/2020', 'appearances': 2, 'avg_score': 6.27, 'avg_vaep': 0.46}, {'season_label': '2020/2021', 'appearances': 1, 'avg_score': 6.17, 'avg_vaep': 0.23}]","{'2011/2012': 6, '2012/2013': 6, '2013/2014': 6, '2014/2015': 6, '2015/2016': 6, '2016/2017': 6, '2017/2018': 4, '2018/2019': 4, '2019/2020': 4, '2020/2021': 4}"
9d741ec3-7c23-18c1-bcff-253bbe7ab92b,6677,Imanol Agirretxe Arruti,Attacker,right,5,6.481999999999999,0.31387789071632144,"[{'season_label': '2011/2012', 'appearances': 2, 'avg_score': 6.75, 'avg_vaep': 0.32}, {'season_label': '2012/2013', 'appearances': 1, 'avg_score': 6.8, 'avg_vaep': 0.04}, {'season_label': '2013/2014', 'appearances': 1, 'avg_score': 6.09, 'avg_vaep': 0.62}, {'season_label': '2015/2016', 'appearances': 1, 'avg_score': 6.03, 'avg_vaep': 0.28}]","{'2011/2012': 9, '2012/2013': 9, '2013/2014': 9, '2014/2015': 9, '2015/2016': 9, '2020/2021': 9}"
8471bda5-e620-1d30-893c-3582ee131d4d,6899,Rubén Pardo Gutiérrez,Midfielder,right,11,6.155454545454546,0.2560812009814981,"[{'season_label': '2011/2012', 'appearances': 1, 'avg_score': 6.0, 'avg_vaep': 0.32}, {'season_label': '2012/2013', 'appearances': 1, 'avg_score': 6.0, 'avg_vaep': 0.03}, {'season_label': '2013/2014', 'appearances': 2, 'avg_score': 6.0, 'avg_vaep': -0.01}, {'season_label': '2014/2015', 'appearances': 2, 'avg_score': 6.08, 'avg_vaep': 0.06}, {'season_label': '2015/2016', 'appearances': 2, 'avg_score': 6.08, 'avg_vaep': 0.48}, {'season_label': '2016/2017', 'appearances': 1, 'avg_score': 6.21, 'avg_vaep': 0.43}, {'season_label': '2017/2018', 'appearances': 2, 'avg_score': 6.6, 'avg_vaep': 0.49}]","{'2011/2012': 27, '2012/2013': 14, '2013/2014': 14, '2014/2015': 14, '2015/2016': 14, '2016/2017': 7, '2017/2018': 14, '2020/2021': 14}"
c2c701fe-341a-7756-ca7f-d4eaa83ff63f,7321,Liassine Cadamuro-Bentaïba,Defender,left,3,6.0,0.6083880755880576,"[{'season_label': '2011/2012', 'appearances': 2, 'avg_score': 6.0, 'avg_vaep': 0.75}, {'season_label': '2013/2014', 'appearances': 1, 'avg_score': 6.0, 'avg_vaep': 0.32}]","{'2011/2012': 19, '2013/2014': 19}"
f77ecc17-109b-1b80-6350-eb7e7bbfd861,6751,Javier Fuego Martínez,Midfielder,right,11,6.023636363636364,0.6452819905192552,"[{'season_label': '2011/2012', 'appearances': 1, 'avg_score': 6.0, 'avg_vaep': 0.92}, {'season_label': '2012/2013', 'appearances': 1, 'avg_score': 6.04, 'avg_vaep': 0.66}, {'season_label': '2013/2014', 'appearances': 2, 'avg_score': 6.04, 'avg_vaep': 0.71}, {'season_label': '2014/2015', 'appearances': 2, 'avg_score': 6.05, 'avg_vaep': 0.49}, {'season_label': '2015/2016', 'appearances': 1, 'avg_score': 6.0, 'avg_vaep': 0.72}, {'season_label': '2016/2017', 'appearances': 2, 'avg_score': 6.0, 'avg_vaep': 0.71}, {'season_label': '2020/2021', 'appearances': 2, 'avg_score': 6.01, 'avg_vaep': 0.5}]","{'2011/2012': 18, '2012/2013': 18, '2013/2014': 15, '2014/2015': 18, '2015/2016': 18, '2016/2017': 18, '2020/2021': 19}"
15f28fbc-8c6e-099a-1e98-b8a555d72374,6869,Alejandro Arribas Garrido,Defender,right,9,6.0,0.39185143194279387,"[{'season_label': '2011/2012', 'appearances': 2, 'avg_score': 6.0, 'avg_vaep': 0.59}, {'season_label': '2012/2013', 'appearances': 2, 'avg_score': 6.0, 'avg_vaep': 0.35}, {'season_label': '2013/2014', 'appearances': 2, 'avg_score': 6.0, 'avg_vaep': 0.45}, {'season_label': '2015/2016', 'appearances': 1, 'avg_score': 6.0, 'avg_vaep': 0.24}, {'season_label': '2016/2017', 'appearances': 2, 'avg_score': 6.0, 'avg_vaep': 0.24}]","{'2011/2012': 5, '2012/2013': 14, '2013/2014': 14, '2015/2016': 14, '2016/2017': 14}"
7f0c1838-d4c8-4c1f-022d-0776ce925ace,23761,Alhassane Bangoura,Midfielder,right,6,6.218333333333334,0.319180382782785,"[{'season_label': '2011/2012', 'appearances': 2, 'avg_score': 6.12, 'avg_vaep': 0.18}, {'season_label': '2012/2013', 'appearances': 2, 'avg_score': 6.0, 'avg_vaep': 0.32}, {'season_label': '2014/2015', 'appearances': 1, 'avg_score': 6.29, 'avg_vaep': 0.18}, {'season_label': '2015/2016', 'appearances': 1, 'avg_score': 6.77, 'avg_vaep': 0.73}]","{'2011/2012': 27, '2012/2013': 19, '2014/2015': 15, '2015/2016': 19}"
709732b5-2c5b-f782-d327-f289404e5491,25920,Jose María Movilla Cubero,Midfielder,right,3,6.21,0.49346079113881086,"[{'season_label': '2011/2012', 'appearances': 2, 'avg_score': 6.06, 'avg_vaep': 0.28}, {'season_label': '2012/2013', 'appearances': 1, 'avg_score': 6.5, 'avg_vaep': 0.92}]","{'2011/2012': 7, '2012/2013': 2}"
9cdef155-fb46-f275-b78d-8c9eb523d7a0,26438,David Cobeño Iglesias,GK,right,2,6.15,0.2815107635133245,"[{'season_label': '2011/2012', 'appearances': 2, 'avg_score': 6.15, 'avg_vaep': 0.28}]","{'2011/2012': 1, '2013/2014': 1, '2014/2015': 1}"
2ebb3462-3d19-b133-d4c5-4b80d68a90d6,26612,José Manuel Casado Bizcocho,Defender,left,3,6.123333333333334,0.4735842494931906,"[{'season_label': '2011/2012', 'appearances': 1, 'avg_score': 6.34, 'avg_vaep': 0.46}, {'season_label': '2012/2013', 'appearances': 1, 'avg_score': 6.03, 'avg_vaep': 0.42}, {'season_label': '2014/2015', 'appearances': 1, 'avg_score': 6.0, 'avg_vaep': 0.54}]","{'2011/2012': 3, '2012/2013': 3, '2014/2015': 14}"
1c3ef503-ecad-c5b8-674b-e1540c609009,26797,Francisco Medina Luna,Attacker,left,6,6.215,0.29858799607548764,"[{'season_label': '2011/2012', 'appearances': 1, 'avg_score': 6.0, 'avg_vaep': 0.08}, {'season_label': '2012/2013', 'appearances': 2, 'avg_score': 6.64, 'avg_vaep': 0.54}, {'season_label': '2013/2014', 'appearances': 1, 'avg_score': 6.0, 'avg_vaep': 0.31}, {'season_label': '2014/2015', 'appearances': 1, 'avg_score': 6.0, 'avg_vaep': 0.05}, {'season_label': '2015/2016', 'appearances': 1, 'avg_score': 6.0, 'avg_vaep': 0.27}]","{'2011/2012': 10, '2012/2013': 10, '2013/2014': 20, '2014/2015': 10, '2015/2016': 12}"
91106b31-6903-93b4-f36b-8c2ac7b9ff39,26799,Rafael García García,Midfielder,left,1,6.0,-0.17690593068255112,"[{'season_label': '2011/2012', 'appearances': 1, 'avg_score': 6.0, 'avg_vaep': -0.18}]",{'2011/2012': 6}
9092e7be-e2d6-22e7-c6c5-ef8476928917,26800,Mikel Labaka Zurriarain,Defender,right,1,6.0,0.4557338360355061,"[{'season_label': '2011/2012', 'appearances': 1, 'avg_score': 6.0, 'avg_vaep': 0.46}]",{'2011/2012': 4}
004dbbb7-3c0e-3933-d191-fa195500d018,26801,Jordi Figueras Montel,Defender,left,4,6.0575,0.591341797604855,"[{'season_label': '2011/2012', 'appearances': 1, 'avg_score': 6.13, 'avg_vaep': 0.57}, {'season_label': '2012/2013', 'appearances': 1, 'avg_score': 6.0, 'avg_vaep': 0.78}, {'season_label': '2013/2014', 'appearances': 2, 'avg_score': 6.05, 'avg_vaep': 0.51}]","{'2011/2012': 21, '2012/2013': 22, '2013/2014': 25}"
75ab8ec9-0f11-a4f0-a172-aee44bc801bc,26802,Miguel Ángel Sánchez Muñoz,Attacker,left,1,6.13,0.82492156769149,"[{'season_label': '2011/2012', 'appearances': 1, 'avg_score': 6.13, 'avg_vaep': 0.82}]",{'2011/2012': 8}
1b3ecca1-02b5-7d73-5ac3-85a9c03fd15b,26803,Pedro Roberto Silva Botelho,Attacker,left,2,6.16,0.4165739852014667,"[{'season_label': '2011/2012', 'appearances': 2, 'avg_score': 6.16, 'avg_vaep': 0.42}]",{'2011/2012': 11}
22f266a9-9874-40c2-fcba-09a845b638b1,26804,Miguel Pérez Cuesta,Midfielder,left,2,6.105,0.4400807699184952,"[{'season_label': '2011/2012', 'appearances': 2, 'avg_score': 6.11, 'avg_vaep': 0.44}]",{'2011/2012': 20}
07845cd9-aefa-6cde-3f89-26d25138a3a2,3659,Wilfredo Daniel Caballero,GK,right,3,6.13,0.20520568752363033,"[{'season_label': '2011/2012', 'appearances': 1, 'avg_score': 6.05, 'avg_vaep': 0.39}, {'season_label': '2012/2013', 'appearances': 1, 'avg_score': 6.29, 'avg_vaep': -0.0}, {'season_label': '2013/2014', 'appearances': 1, 'avg_score': 6.05, 'avg_vaep': 0.23}]","{'2011/2012': 13, '2012/2013': 13, '2013/2014': 13}"
48c00ae9-65e2-3b28-69f8-eaa13d2dcefa,4788,Jesús Gámez Duarte,Defender,right,4,6.03,0.15437291142552567,"[{'season_label': '2011/2012', 'appearances': 2, 'avg_score': 6.05, 'avg_vaep': 0.05}, {'season_label': '2014/2015', 'appearances': 1, 'avg_score': 6.01, 'avg_vaep': 0.52}, {'season_label': '2015/2016', 'appearances': 1, 'avg_score': 6.0, 'avg_vaep': -0.01}]","{'2011/2012': 2, '2014/2015': 18, '2015/2016': 18}"
2b8bbaca-ad06-5fb8-9e67-5fb0255c8d8e,19729,Ruud van Nistelrooy,Attacker,right,2,6.17,0.28169386476383806,"[{'season_label': '2011/2012', 'appearances': 2, 'avg_score': 6.17, 'avg_vaep': 0.28}]",{'2011/2012': 9}
c9041cfd-2a40-9326-9185-5abd98fd219a,20269,Joris Mathijsen,Defender,left,1,6.0,-0.13427697186125442,"[{'season_label': '2011/2012', 'appearances': 1, 'avg_score': 6.0, 'avg_vaep': -0.13}]",{'2011/2012': 14}
630393c0-6fc4-c7c2-5d76-bd60bbdc9e73,26806,Sebastián Bruno Fernández Miglierina,Midfielder,right,2,6.0,0.1299799127255028,"[{'season_label': '2011/2012', 'appearances': 2, 'avg_score': 6.0, 'avg_vaep': 0.13}]",{'2011/2012': 11}
4eab60e5-5fe4-c7dd-567a-0be28016bff3,6389,Mikel San José Domínguez,Defender,right,11,6.015454545454546,0.3650076493322558,"[{'season_label': '2011/2012', 'appearances': 1, 'avg_score': 6.0, 'avg_vaep': 0.06}, {'season_label': '2012/2013', 'appearances': 2, 'avg_score': 6.0, 'avg_vaep': 0.4}, {'season_label': '2013/2014', 'appearances': 1, 'avg_score': 6.1, 'avg_vaep': 0.4}, {'season_label': '2014/2015', 'appearances': 1, 'avg_score': 6.01, 'avg_vaep': 0.84}, {'season_label': '2015/2016', 'appearances': 1, 'avg_score': 6.0, 'avg_vaep': 0.35}, {'season_label': '2016/2017', 'appearances': 1, 'avg_score': 6.0, 'avg_vaep': -0.05}, {'season_label': '2017/2018', 'appearances': 2, 'avg_score': 6.0, 'avg_vaep': 0.28}, {'season_label': '2020/2021', 'appearances': 2, 'avg_score': 6.03, 'avg_vaep': 0.52}]","{'2011/2012': 6, '2012/2013': 6, '2013/2014': 6, '2014/2015': 6, '2015/2016': 6, '2016/2017': 6, '2017/2018': 6, '2018/2019': 6, '2020/2021': 6}"
95f2b84d-e566-0ddf-45c8-a34933a2e66f,6617,Ibai Gómez Pérez,Attacker,right,10,6.3549999999999995,0.26883343048757524,"[{'season_label': '2011/2012', 'appearances': 2, 'avg_score': 6.03, 'avg_vaep': 0.46}, {'season_label': '2012/2013', 'appearances': 2, 'avg_score': 6.75, 'avg_vaep': 0.26}, {'season_label': '2014/2015', 'appearances': 1, 'avg_score': 6.0, 'avg_vaep': 0.03}, {'season_label': '2015/2016', 'appearances': 1, 'avg_score': 6.0, 'avg_vaep': 0.09}, {'season_label': '2016/2017', 'appearances': 1, 'avg_score': 7.05, 'avg_vaep': 0.49}, {'season_label': '2017/2018', 'appearances': 1, 'avg_score': 6.0, 'avg_vaep': 0.04}, {'season_label': '2020/2021', 'appearances': 2, 'avg_score': 6.46, 'avg_vaep': 0.3}]","{'2011/2012': 28, '2012/2013': 11, '2014/2015': 11, '2015/2016': 11, '2016/2017': 11, '2017/2018': 19, '2019/2020': 7, '2020/2021': 11}"
c7a37dd1-e972-ec27-bcf0-858a893d00a4,23945,Iñigo Pérez Soto,Midfielder,left,4,6.0375,0.37726252512038627,"[{'season_label': '2011/2012', 'appearances': 2, 'avg_score': 6.0, 'avg_vaep': 0.3}, {'season_label': '2018/2019', 'appearances': 1, 'avg_score': 6.03, 'avg_vaep': 0.8}, {'season_label': '2019/2020', 'appearances': 1, 'avg_score': 6.12, 'avg_vaep': 0.12}]","{'2011/2012': 17, '2018/2019': 21, '2019/2020': 21}"
2aa5c500-d507-e80b-97ab-244d3d80c4d7,26788,Jon Aurtenetxe Borde,Defender,left,7,6.064285714285715,0.47401076930041847,"[{'season_label': '2011/2012', 'appearances': 2, 'avg_score': 6.08, 'avg_vaep': 0.28}, {'season_label': '2012/2013', 'appearances': 2, 'avg_score': 6.11, 'avg_vaep': 0.49}, {'season_label': '2013/2014', 'appearances': 2, 'avg_score': 6.04, 'avg_vaep': 0.87}, {'season_label': '2014/2015', 'appearances': 1, 'avg_score': 6.0, 'avg_vaep': 0.02}]","{'2011/2012': 3, '2012/2013': 3, '2013/2014': 15, '2014/2015': 3}"
f24589b3-29c4-8eaa-d3ef-1c9a9779f076,23488,Mario Suárez Mata,Midfielder,right,4,6.0,0.3733687141334485,"[{'season_label': '2011/2012', 'appearances': 1, 'avg_score': 6.0, 'avg_vaep': 0.11}, {'season_label': '2012/2013', 'appearances': 1, 'avg_score': 6.0, 'avg_vaep': 0.2}, {'season_label': '2014/2015', 'appearances': 1, 'avg_score': 6.0, 'avg_vaep': 0.56}, {'season_label': '2016/2017', 'appearances': 1, 'avg_score': 6.0, 'avg_vaep': 0.63}]","{'2011/2012': 4, '2012/2013': 4, '2014/2015': 4, '2016/2017': 7, '2017/2018': 15}"
be419cdf-098b-ae8c-8530-ea4f19af3837,25145,Diego Ribas da Cunha,Attacker,right,1,6.76,0.24811137888900703,"[{'season_label': '2011/2012', 'appearances': 1, 'avg_score': 6.76, 'avg_vaep': 0.25}]",{'2011/2012': 22}
9023effe-3c16-b047-7df9-b93e26d57e2c,3040,Tomer Hemed,Attacker,right,3,6.3,0.14891001304567908,"[{'season_label': '2011/2012', 'appearances': 1, 'avg_score': 6.78, 'avg_vaep': 0.07}, {'season_label': '2012/2013', 'appearances': 1, 'avg_score': 6.12, 'avg_vaep': 0.32}, {'season_label': '2014/2015', 'appearances': 1, 'avg_score': 6.0, 'avg_vaep': 0.05}]","{'2011/2012': 10, '2012/2013': 10, '2014/2015': 10}"
908e9281-295d-1803-48ec-77afe6be6b01,19431,Fernando Damián Tissone,Midfielder,right,4,6.035,0.4456225003191321,"[{'season_label': '2011/2012', 'appearances': 2, 'avg_score': 6.04, 'avg_vaep': 0.4}, {'season_label': '2013/2014', 'appearances': 1, 'avg_score': 6.01, 'avg_vaep': 0.89}, {'season_label': '2015/2016', 'appearances': 1, 'avg_score': 6.04, 'avg_vaep': 0.1}]","{'2011/2012': 23, '2013/2014': 12, '2014/2015': 12, '2015/2016': 12}"
9096403c-b29d-a13b-c9bf-505a6d6a30d7,23791,Víctor Casadesús Castaño,Attacker,right,6,6.484999999999999,0.40280820488563523,"[{'season_label': '2011/2012', 'appearances': 2, 'avg_score': 6.08, 'avg_vaep': 0.05}, {'season_label': '2012/2013', 'appearances': 1, 'avg_score': 7.96, 'avg_vaep': 1.07}, {'season_label': '2014/2015', 'appearances': 2, 'avg_score': 6.0, 'avg_vaep': 0.53}, {'season_label': '2015/2016', 'appearances': 1, 'avg_score': 6.78, 'avg_vaep': 0.19}]","{'2011/2012': 18, '2012/2013': 18, '2014/2015': 18, '2015/2016': 18}"
e3fce7f4-788a-4b8a-7e03-04aff2b6f974,24053,Álvaro Giménez Candela,Attacker,left,4,6.5175,0.24000864258368892,"[{'season_label': '2011/2012', 'appearances': 2, 'avg_score': 6.11, 'avg_vaep': 0.13}, {'season_label': '2014/2015', 'appearances': 1, 'avg_score': 6.0, 'avg_vaep': 0.09}, {'season_label': '2019/2020', 'appearances': 1, 'avg_score': 7.85, 'avg_vaep': 0.61}]","{'2011/2012': 30, '2014/2015': 19, '2019/2020': 21}"
b4839d20-c9a1-3ccf-4a0a-61b863bdd56c,24191,Alejandro Alfaro Ligero,Attacker,right,2,6.029999999999999,0.17724225452548126,"[{'season_label': '2011/2012', 'appearances': 1, 'avg_score': 6.0, 'avg_vaep': 0.06}, {'season_label': '2012/2013', 'appearances': 1, 'avg_score': 6.06, 'avg_vaep': 0.3}]","{'2011/2012': 24, '2012/2013': 21}"
b2bad271-983f-f843-34d9-59a884cc337c,26653,José Manuel Flores Moreno,Defender,right,2,6.1850000000000005,0.4636833670847409,"[{'season_label': '2011/2012', 'appearances': 2, 'avg_score': 6.19, 'avg_vaep': 0.46}]",{'2011/2012': 12}
5a77f528-519c-d437-03fd-9a8401cd1c34,26789,Pablo Domingo Cáceres Rodríguez,Defender,left,1,6.04,0.32036118438554695,"[{'season_label': '2011/2012', 'appearances': 1, 'avg_score': 6.04, 'avg_vaep': 0.32}]",{'2011/2012': 15}
06bf16f1-f037-2a63-d520-eac6cf7c5af7,6770,Esteban Félix Granero Molina,Midfielder,right,10,6.09,0.4080175905182841,"[{'season_label': '2011/2012', 'appearances': 1, 'avg_score': 6.0, 'avg_vaep': 0.02}, {'season_label': '2014/2015', 'appearances': 2, 'avg_score': 6.12, 'avg_vaep': 1.02}, {'season_label': '2015/2016', 'appearances': 2, 'avg_score': 6.27, 'avg_vaep': 0.46}, {'season_label': '2016/2017', 'appearances': 2, 'avg_score': 6.0, 'avg_vaep': -0.04}, {'season_label': '2017/2018', 'appearances': 2, 'avg_score': 6.05, 'avg_vaep': 0.43}, {'season_label': '2020/2021', 'appearances': 1, 'avg_score': 6.0, 'avg_vaep': 0.33}]","{'2011/2012': 11, '2014/2015': 8, '2015/2016': 8, '2016/2017': 8, '2017/2018': 23, '2020/2021': 23}"
2979158b-9c1e-7275-5a89-61f03e3580f5,19047,Fábio Alexandre da Silva Coentrão,Defender,left,3,6.0,0.24892819709930336,"[{'season_label': '2011/2012', 'appearances': 2, 'avg_score': 6.0, 'avg_vaep': 0.26}, {'season_label': '2012/2013', 'appearances': 1, 'avg_score': 6.0, 'avg_vaep': 0.22}]","{'2011/2012': 15, '2012/2013': 5}"
28a543c2-a9ee-e8c0-d6fb-faff7ca7e224,5458,Odion Jude Ighalo,Attacker,right,2,7.175000000000001,0.32140272342621756,"[{'season_label': '2011/2012', 'appearances': 1, 'avg_score': 6.05, 'avg_vaep': 0.29}, {'season_label': '2012/2013', 'appearances': 1, 'avg_score': 8.3, 'avg_vaep': 0.35}]","{'2011/2012': 7, '2012/2013': 25}"
a16f3a5b-da35-f1de-8732-8623f0a1711f,6656,Mikel Rico Moreno,Midfielder,right,10,6.1240000000000006,0.4253623816422987,"[{'season_label': '2011/2012', 'appearances': 2, 'avg_score': 6.0, 'avg_vaep': 0.48}, {'season_label': '2012/2013', 'appearances': 2, 'avg_score': 6.03, 'avg_vaep': 0.75}, {'season_label': '2013/2014', 'appearances': 1, 'avg_score': 6.07, 'avg_vaep': 0.15}, {'season_label': '2014/2015', 'appearances': 2, 'avg_score': 6.36, 'avg_vaep': 0.18}, {'season_label': '2015/2016', 'appearances': 1, 'avg_score': 6.0, 'avg_vaep': 0.35}, {'season_label': '2019/2020', 'appearances': 2, 'avg_score': 6.2, 'avg_vaep': 0.46}]","{'2011/2012': 14, '2012/2013': 14, '2013/2014': 17, '2014/2015': 17, '2015/2016': 17, '2019/2020': 17, '2020/2021': 17}"
788d86ca-ae98-6ef0-263c-78f1a7fee0b9,26162,Moisés Hurtado Pérez,Midfielder,right,1,6.0,0.1606409859159612,"[{'season_label': '2011/2012', 'appearances': 1, 'avg_score': 6.0, 'avg_vaep': 0.16}]",{'2011/2012': 24}
dcb5060f-ba01-23ff-56d2-53331f28db6a,26171,Carlos Jorge Neto Martins,Midfielder,right,1,6.02,0.6223600084013015,"[{'season_label': '2011/2012', 'appearances': 1, 'avg_score': 6.02, 'avg_vaep': 0.62}]",{'2011/2012': 17}
5b5c772a-9de5-01b3-e045-ffa86178f800,26182,Alexandre Geijo Pazos,Attacker,right,2,6.0,0.11015068196320499,"[{'season_label': '2011/2012', 'appearances': 2, 'avg_score': 6.0, 'avg_vaep': 0.11}]",{'2011/2012': 22}
a6d01d2e-4f6c-c4bb-4109-0e25bcc1fdcf,26503,Abel Gómez Moreno,Midfielder,right,2,6.0,0.5094602020471939,"[{'season_label': '2011/2012', 'appearances': 2, 'avg_score': 6.0, 'avg_vaep': 0.51}]","{'2011/2012': 23, '2014/2015': 23}"
9c9a06df-136e-82eb-b47c-92b32ef7a61b,26779,Daniel González Benítez,Attacker,left,2,6.125,0.20177060054174945,"[{'season_label': '2011/2012', 'appearances': 2, 'avg_score': 6.12, 'avg_vaep': 0.2}]",{'2011/2012': 11}
3b74ab8e-b83f-af09-92aa-d7a123d02707,26780,Guilherme Magdalena Siqueira,Defender,left,7,6.1899999999999995,0.42619763621041784,"[{'season_label': '2011/2012', 'appearances': 2, 'avg_score': 6.62, 'avg_vaep': 0.42}, {'season_label': '2012/2013', 'appearances': 2, 'avg_score': 6.04, 'avg_vaep': 0.48}, {'season_label': '2014/2015', 'appearances': 2, 'avg_score': 6.0, 'avg_vaep': 0.09}, {'season_label': '2015/2016', 'appearances': 1, 'avg_score': 6.01, 'avg_vaep': 0.99}]","{'2011/2012': 6, '2012/2013': 6, '2014/2015': 3, '2015/2016': 6, '2016/2017': 6}"
9c32c3ce-b9d3-7c51-7bf8-ff4b2c517e6d,26781,Diego Mainz García,Defender,right,5,6.016,0.45117286653257904,"[{'season_label': '2011/2012', 'appearances': 2, 'avg_score': 6.04, 'avg_vaep': 0.67}, {'season_label': '2012/2013', 'appearances': 1, 'avg_score': 6.0, 'avg_vaep': 0.78}, {'season_label': '2013/2014', 'appearances': 1, 'avg_score': 6.0, 'avg_vaep': 0.0}, {'season_label': '2015/2016', 'appearances': 1, 'avg_score': 6.0, 'avg_vaep': 0.12}]","{'2011/2012': 5, '2012/2013': 5, '2013/2014': 5, '2015/2016': 5}"
ba8e2e45-0af2-03ab-114d-338707251486,26849,Júlio César Jacobi,GK,right,2,6.07,0.592833993376189,"[{'season_label': '2011/2012', 'appearances': 1, 'avg_score': 6.13, 'avg_vaep': 0.67}, {'season_label': '2013/2014', 'appearances': 1, 'avg_score': 6.01, 'avg_vaep': 0.52}]","{'2011/2012': 25, '2013/2014': 25}"
7d9a49f7-4cd1-c174-0ce0-5485e41258b8,26850,Franco Daniel Jara,Attacker,right,1,6.04,0.024176453949621646,"[{'season_label': '2011/2012', 'appearances': 1, 'avg_score': 6.04, 'avg_vaep': 0.02}]",{'2011/2012': 12}
50ab6aa4-2d20-6917-721e-d0e79778ab9f,26851,Borja Gómez Pérez,Defender,left,2,6.0,0.20468130499466497,"[{'season_label': '2011/2012', 'appearances': 1, 'avg_score': 6.0, 'avg_vaep': 0.29}, {'season_label': '2012/2013', 'appearances': 1, 'avg_score': 6.0, 'avg_vaep': 0.12}]","{'2011/2012': 9, '2012/2013': 20}"
206b469d-9ef3-7b26-0a78-ca51f4675d09,26553,Mamadou Koné,Attacker,right,2,6.305,0.4329557539213056,"[{'season_label': '2011/2012', 'appearances': 1, 'avg_score': 6.4, 'avg_vaep': 0.53}, {'season_label': '2016/2017', 'appearances': 1, 'avg_score': 6.21, 'avg_vaep': 0.34}]","{'2011/2012': 33, '2016/2017': 14}"
ead3f24f-650f-cf6d-8936-af5c23ecafc4,26754,Eduardo Bedia Peláez,Midfielder,left,1,6.0,0.12929470171002322,"[{'season_label': '2011/2012', 'appearances': 1, 'avg_score': 6.0, 'avg_vaep': 0.13}]",{'2011/2012': 20}
580760fb-5def-6e2c-a8ea-f601236d5b08,6673,Sergio Canales Madrazo,Midfielder,left,16,6.2425,0.32448298251267715,"[{'season_label': '2011/2012', 'appearances': 1, 'avg_score': 6.0, 'avg_vaep': 0.02}, {'season_label': '2012/2013', 'appearances': 1, 'avg_score': 6.0, 'avg_vaep': 0.24}, {'season_label': '2013/2014', 'appearances': 2, 'avg_score': 6.09, 'avg_vaep': 0.38}, {'season_label': '2014/2015', 'appearances': 2, 'avg_score': 6.05, 'avg_vaep': 0.37}, {'season_label': '2015/2016', 'appearances': 1, 'avg_score': 6.0, 'avg_vaep': 0.4}, {'season_label': '2016/2017', 'appearances': 2, 'avg_score': 6.0, 'avg_vaep': 0.11}, {'season_label': '2017/2018', 'appearances': 2, 'avg_score': 6.65, 'avg_vaep': 0.42}, {'season_label': '2018/2019', 'appearances': 1, 'avg_score': 6.83, 'avg_vaep': 0.23}, {'season_label': '2019/2020', 'appearances': 2, 'avg_score': 6.17, 'avg_vaep': 0.32}, {'season_label': '2020/2021', 'appearances': 2, 'avg_score': 6.56, 'avg_vaep': 0.56}]","{'2011/2012': 16, '2012/2013': 23, '2013/2014': 23, '2014/2015': 16, '2015/2016': 16, '2016/2017': 16, '2017/2018': 6, '2018/2019': 10, '2019/2020': 10, '2020/2021': 16}"
a667f4e7-b0c8-a3ba-be33-1569d3eac6bd,6608,Nabil El Zhar,Attacker,right,12,6.2749999999999995,0.17235354688818916,"[{'season_label': '2011/2012', 'appearances': 1, 'avg_score': 6.0, 'avg_vaep': 0.26}, {'season_label': '2012/2013', 'appearances': 1, 'avg_score': 6.0, 'avg_vaep': -0.08}, {'season_label': '2013/2014', 'appearances': 2, 'avg_score': 6.0, 'avg_vaep': 0.22}, {'season_label': '2015/2016', 'appearances': 2, 'avg_score': 6.0, 'avg_vaep': 0.18}, {'season_label': '2016/2017', 'appearances': 2, 'avg_score': 6.61, 'avg_vaep': 0.29}, {'season_label': '2017/2018', 'appearances': 2, 'avg_score': 6.31, 'avg_vaep': 0.15}, {'season_label': '2020/2021', 'appearances': 2, 'avg_score': 6.72, 'avg_vaep': 0.11}]","{'2011/2012': 25, '2012/2013': 8, '2013/2014': 8, '2015/2016': 25, '2016/2017': 8, '2017/2018': 10, '2020/2021': 10}"
fcf1d8d2-f36c-0cde-8eca-4b86a8fe1df8,6787,Pedro López Muñoz,Defender,right,6,6.101666666666667,0.32896775293071795,"[{'season_label': '2011/2012', 'appearances': 2, 'avg_score': 6.08, 'avg_vaep': 0.37}, {'season_label': '2013/2014', 'appearances': 2, 'avg_score': 6.19, 'avg_vaep': 0.08}, {'season_label': '2014/2015', 'appearances': 1, 'avg_score': 6.07, 'avg_vaep': 0.89}, {'season_label': '2019/2020', 'appearances': 1, 'avg_score': 6.0, 'avg_vaep': 0.18}]","{'2011/2012': 19, '2013/2014': 19, '2014/2015': 19, '2017/2018': 19, '2019/2020': 19}"
2e5ac40b-5a02-c5a2-c35f-e028a266aa91,6794,Gustavo Daniel Cabral Cáceres,Defender,right,11,6.026363636363637,0.3601273557006524,"[{'season_label': '2011/2012', 'appearances': 2, 'avg_score': 6.0, 'avg_vaep': 0.09}, {'season_label': '2012/2013', 'appearances': 1, 'avg_score': 6.0, 'avg_vaep': 0.33}, {'season_label': '2013/2014', 'appearances': 2, 'avg_score': 6.05, 'avg_vaep': 0.18}, {'season_label': '2014/2015', 'appearances': 2, 'avg_score': 6.04, 'avg_vaep': 0.73}, {'season_label': '2015/2016', 'appearances': 2, 'avg_score': 6.02, 'avg_vaep': 0.47}, {'season_label': '2016/2017', 'appearances': 1, 'avg_score': 6.01, 'avg_vaep': 0.36}, {'season_label': '2020/2021', 'appearances': 1, 'avg_score': 6.07, 'avg_vaep': 0.35}]","{'2011/2012': 22, '2012/2013': 12, '2013/2014': 22, '2014/2015': 22, '2015/2016': 22, '2016/2017': 22, '2017/2018': 22, '2020/2021': 22}"
5f678063-2f5d-27dd-0cde-d5fc9361169e,26398,Asier del Horno Cosgaya,Defender,left,1,6.0,0.5851625067807618,"[{'season_label': '2011/2012', 'appearances': 1, 'avg_score': 6.0, 'avg_vaep': 0.59}]",{'2011/2012': 15}
a03175e6-8893-309a-3c69-d0b9e018bcca,26696,Arouna Koné,Attacker,right,2,6.24,0.6088019306862407,"[{'season_label': '2011/2012', 'appearances': 2, 'avg_score': 6.24, 'avg_vaep': 0.61}]",{'2011/2012': 2}
0bf4193e-6462-2cc3-5e7a-f3715e30f1d6,26805,Rubén Suárez Estrada,Defender,left,2,6.0,0.0002589846681075869,"[{'season_label': '2011/2012', 'appearances': 2, 'avg_score': 6.0, 'avg_vaep': 0.0}]",{'2011/2012': 21}
a1e865a9-b106-5392-ed60-35d8ccd072d9,6671,Asier Illarramendi Andonegi,Midfielder,right,11,6.256363636363636,0.45081192608218273,"[{'season_label': '2011/2012', 'appearances': 1, 'avg_score': 6.02, 'avg_vaep': 0.45}, {'season_label': '2012/2013', 'appearances': 2, 'avg_score': 6.05, 'avg_vaep': 0.5}, {'season_label': '2013/2014', 'appearances': 1, 'avg_score': 6.0, 'avg_vaep': 0.42}, {'season_label': '2014/2015', 'appearances': 1, 'avg_score': 6.0, 'avg_vaep': 0.07}, {'season_label': '2015/2016', 'appearances': 1, 'avg_score': 6.0, 'avg_vaep': 0.62}, {'season_label': '2016/2017', 'appearances': 2, 'avg_score': 6.75, 'avg_vaep': 0.78}, {'season_label': '2017/2018', 'appearances': 1, 'avg_score': 6.0, 'avg_vaep': 0.49}, {'season_label': '2020/2021', 'appearances': 2, 'avg_score': 6.6, 'avg_vaep': 0.17}]","{'2011/2012': 20, '2012/2013': 8, '2013/2014': 24, '2014/2015': 24, '2015/2016': 4, '2016/2017': 4, '2017/2018': 4, '2019/2020': 4, '2020/2021': 4}"
d73421d9-fcf0-ac43-f1ae-bb2bb6ab3909,26717,MacDonald Mariga Wanyama,Midfielder,right,1,6.0,0.4927932278733351,"[{'season_label': '2011/2012', 'appearances': 1, 'avg_score': 6.0, 'avg_vaep': 0.49}]",{'2011/2012': 18}
f7525829-86d7-0327-ae2e-8dd9aea7f976,6560,Marc Muniesa Martínez,Defender,left,2,6.035,0.3806409577282466,"[{'season_label': '2011/2012', 'appearances': 1, 'avg_score': 6.0, 'avg_vaep': 0.17}, {'season_label': '2017/2018', 'appearances': 1, 'avg_score': 6.07, 'avg_vaep': 0.59}]","{'2011/2012': 26, '2017/2018': 20, '2020/2021': 20}"
83187550-749e-6b80-24a0-97630f9d4722,7069,Miguel Ángel Moyà Rumbo,GK,right,5,6.12,0.270973504333233,"[{'season_label': '2011/2012', 'appearances': 2, 'avg_score': 6.11, 'avg_vaep': 0.28}, {'season_label': '2012/2013', 'appearances': 1, 'avg_score': 6.18, 'avg_vaep': 0.31}, {'season_label': '2014/2015', 'appearances': 1, 'avg_score': 6.0, 'avg_vaep': 0.33}, {'season_label': '2020/2021', 'appearances': 1, 'avg_score': 6.2, 'avg_vaep': 0.15}]","{'2011/2012': 25, '2012/2013': 1, '2014/2015': 1, '2015/2016': 1, '2016/2017': 1, '2017/2018': 13, '2018/2019': 13, '2020/2021': 1}"
1a5292fc-9141-39fa-b8b9-e7e26cf30af6,23933,Abdelaziz Barrada,Midfielder,right,3,6.1499999999999995,0.1270126439806821,"[{'season_label': '2011/2012', 'appearances': 1, 'avg_score': 6.0, 'avg_vaep': 0.09}, {'season_label': '2012/2013', 'appearances': 2, 'avg_score': 6.22, 'avg_vaep': 0.15}]","{'2011/2012': 28, '2012/2013': 19}"
29eb4001-9c86-740a-5300-84b0f1fb07ba,24506,Álvaro Arroyo Martínez,Defender,right,2,6.0,0.305232831916328,"[{'season_label': '2011/2012', 'appearances': 1, 'avg_score': 6.0, 'avg_vaep': -0.0}, {'season_label': '2014/2015', 'appearances': 1, 'avg_score': 6.0, 'avg_vaep': 0.61}]","{'2011/2012': 29, '2013/2014': 12, '2014/2015': 12}"
abbf2703-3c07-c296-a1d7-cf850ecc1af6,24580,Jaime Gavilán Martínez,Midfielder,left,3,6.0,0.16525664056947184,"[{'season_label': '2011/2012', 'appearances': 1, 'avg_score': 6.0, 'avg_vaep': -0.02}, {'season_label': '2012/2013', 'appearances': 1, 'avg_score': 6.0, 'avg_vaep': 0.38}, {'season_label': '2013/2014', 'appearances': 1, 'avg_score': 6.0, 'avg_vaep': 0.14}]","{'2011/2012': 8, '2012/2013': 10, '2013/2014': 10}"
bddad3b1-6ee4-fcc5-f24b-228a8f78a111,25881,Juan Antonio Rodríguez Villamuela,Midfielder,right,6,6.0,0.2982600583803408,"[{'season_label': '2011/2012', 'appearances': 2, 'avg_score': 6.0, 'avg_vaep': 0.2}, {'season_label': '2013/2014', 'appearances': 1, 'avg_score': 6.0, 'avg_vaep': 0.38}, {'season_label': '2014/2015', 'appearances': 1, 'avg_score': 6.0, 'avg_vaep': 0.39}, {'season_label': '2015/2016', 'appearances': 2, 'avg_score': 6.0, 'avg_vaep': 0.31}]","{'2011/2012': 23, '2013/2014': 22, '2014/2015': 22, '2015/2016': 22}"
4e257179-772a-18e4-dc9c-f9280e57c56c,26815,Tsepo Peter Masilela,Defender,left,1,6.0,0.4309532440820476,"[{'season_label': '2011/2012', 'appearances': 1, 'avg_score': 6.0, 'avg_vaep': 0.43}]",{'2011/2012': 18}
abc99d6b-9938-aa86-d1f3-0f8ee0fd169f,7068,Marc Bartra Aregall,Defender,right,53,6.370377358490566,0.3877263722769436,"[{'season_label': '2011/2012', 'appearances': 1, 'avg_score': 6.0, 'avg_vaep': 0.24}, {'season_label': '2012/2013', 'appearances': 6, 'avg_score': 6.04, 'avg_vaep': 0.14}, {'season_label': '2013/2014', 'appearances': 15, 'avg_score': 6.41, 'avg_vaep': 0.39}, {'season_label': '2014/2015', 'appearances': 14, 'avg_score': 6.55, 'avg_vaep': 0.52}, {'season_label': '2015/2016', 'appearances': 13, 'avg_score': 6.33, 'avg_vaep': 0.26}, {'season_label': '2017/2018', 'appearances': 2, 'avg_score': 6.41, 'avg_vaep': 0.8}, {'season_label': '2018/2019', 'appearances': 1, 'avg_score': 6.14, 'avg_vaep': 0.91}, {'season_label': '2019/2020', 'appearances': 1, 'avg_score': 6.4, 'avg_vaep': 0.35}]","{'2011/2012': 32, '2012/2013': 15, '2013/2014': 15, '2014/2015': 15, '2015/2016': 15, '2017/2018': 5, '2018/2019': 5, '2019/2020': 5}"
abdf6bdb-7570-e8f9-d433-8f84bd169130,6873,Francisco Portillo Soler,Midfielder,right,7,6.031428571428571,0.35292055502109826,"[{'season_label': '2011/2012', 'appearances': 1, 'avg_score': 6.22, 'avg_vaep': 0.85}, {'season_label': '2012/2013', 'appearances': 1, 'avg_score': 6.0, 'avg_vaep': 0.06}, {'season_label': '2015/2016', 'appearances': 1, 'avg_score': 6.0, 'avg_vaep': 0.44}, {'season_label': '2017/2018', 'appearances': 2, 'avg_score': 6.0, 'avg_vaep': 0.57}, {'season_label': '2020/2021', 'appearances': 2, 'avg_score': 6.0, 'avg_vaep': -0.01}]","{'2011/2012': 27, '2012/2013': 19, '2015/2016': 22, '2017/2018': 8, '2019/2020': 8, '2020/2021': 12}"
0db2e204-0104-00f5-c506-620adcd1ae68,6904,Sergio Sánchez Ortega,Defender,right,4,6.055,0.3284714384403742,"[{'season_label': '2011/2012', 'appearances': 1, 'avg_score': 6.0, 'avg_vaep': 0.33}, {'season_label': '2012/2013', 'appearances': 1, 'avg_score': 6.15, 'avg_vaep': 0.34}, {'season_label': '2013/2014', 'appearances': 1, 'avg_score': 6.07, 'avg_vaep': 0.27}, {'season_label': '2014/2015', 'appearances': 1, 'avg_score': 6.0, 'avg_vaep': 0.37}]","{'2011/2012': 21, '2012/2013': 21, '2013/2014': 21, '2014/2015': 21}"
078a070b-015e-e414-f228-d88194551206,26809,Diego Mario Buonanotte Rende,Attacker,left,3,6.096666666666667,0.11317864894105394,"[{'season_label': '2011/2012', 'appearances': 1, 'avg_score': 6.0, 'avg_vaep': 0.2}, {'season_label': '2012/2013', 'appearances': 2, 'avg_score': 6.14, 'avg_vaep': 0.07}]","{'2011/2012': 20, '2012/2013': 20}"
eed43ed9-5207-149c-ed1c-0f1f8a2c0f67,11540,Óscar Guido Trejo,Attacker,right,1,6.16,0.6427105421735178,"[{'season_label': '2011/2012', 'appearances': 1, 'avg_score': 6.16, 'avg_vaep': 0.64}]","{'2011/2012': 24, '2017/2018': 8}"
8009ab6a-c1e3-6d02-b4a7-f30b0206d3d3,26628,Ayoze García Pérez,Attacker,left,1,6.0,0.02049182358678081,"[{'season_label': '2011/2012', 'appearances': 1, 'avg_score': 6.0, 'avg_vaep': 0.02}]",{'2011/2012': 7}
72812062-5113-9f8d-b2f8-320509cca5d7,26633,Alberto Lora Ramos,Defender,right,2,6.0,0.5635651974607754,"[{'season_label': '2011/2012', 'appearances': 1, 'avg_score': 6.0, 'avg_vaep': 0.77}, {'season_label': '2015/2016', 'appearances': 1, 'avg_score': 6.0, 'avg_vaep': 0.36}]","{'2011/2012': 11, '2015/2016': 11, '2016/2017': 11}"
05a62416-6c8e-b827-3b84-64e8d9cb5bd9,6396,Beñat Etxebarria Urkiaga,Midfielder,right,14,6.125714285714286,0.3806659936660383,"[{'season_label': '2011/2012', 'appearances': 1, 'avg_score': 6.33, 'avg_vaep': 0.37}, {'season_label': '2012/2013', 'appearances': 2, 'avg_score': 6.33, 'avg_vaep': 0.4}, {'season_label': '2013/2014', 'appearances': 1, 'avg_score': 6.0, 'avg_vaep': 0.09}, {'season_label': '2014/2015', 'appearances': 2, 'avg_score': 6.0, 'avg_vaep': 0.87}, {'season_label': '2015/2016', 'appearances': 2, 'avg_score': 6.08, 'avg_vaep': 0.27}, {'season_label': '2016/2017', 'appearances': 2, 'avg_score': 6.3, 'avg_vaep': 0.47}, {'season_label': '2017/2018', 'appearances': 2, 'avg_score': 6.0, 'avg_vaep': 0.13}, {'season_label': '2020/2021', 'appearances': 2, 'avg_score': 6.0, 'avg_vaep': 0.3}]","{'2011/2012': 10, '2012/2013': 10, '2013/2014': 7, '2014/2015': 7, '2015/2016': 7, '2016/2017': 7, '2017/2018': 7, '2020/2021': 7}"
349f36aa-789a-f083-b8e2-6839bd498af9,6832,Rubén Castro Martín,Attacker,right,10,6.861,0.3168672226884155,"[{'season_label': '2011/2012', 'appearances': 2, 'avg_score': 8.29, 'avg_vaep': 0.5}, {'season_label': '2012/2013', 'appearances': 2, 'avg_score': 6.5, 'avg_vaep': 0.11}, {'season_label': '2013/2014', 'appearances': 1, 'avg_score': 6.57, 'avg_vaep': -0.04}, {'season_label': '2015/2016', 'appearances': 2, 'avg_score': 6.0, 'avg_vaep': 0.15}, {'season_label': '2016/2017', 'appearances': 2, 'avg_score': 7.23, 'avg_vaep': 0.78}, {'season_label': '2020/2021', 'appearances': 1, 'avg_score': 6.0, 'avg_vaep': 0.13}]","{'2011/2012': 24, '2012/2013': 24, '2013/2014': 24, '2015/2016': 24, '2016/2017': 24, '2020/2021': 24}"
119cfdda-78d6-eb10-cb33-fa329c735eb4,11543,José Antonio Dorado Ramírez,Defender,left,4,6.02,0.37209607805698397,"[{'season_label': '2011/2012', 'appearances': 2, 'avg_score': 6.04, 'avg_vaep': 0.47}, {'season_label': '2012/2013', 'appearances': 1, 'avg_score': 6.0, 'avg_vaep': 0.22}, {'season_label': '2015/2016', 'appearances': 1, 'avg_score': 6.0, 'avg_vaep': 0.33}]","{'2011/2012': 5, '2012/2013': 5, '2014/2015': 16, '2015/2016': 5}"
79e6455a-e883-1ef8-8ed8-ae05359dce4c,16558,Alejandro Pozuelo Melero,Attacker,right,2,6.02,0.2375090995701612,"[{'season_label': '2011/2012', 'appearances': 1, 'avg_score': 6.04, 'avg_vaep': 0.43}, {'season_label': '2012/2013', 'appearances': 1, 'avg_score': 6.0, 'avg_vaep': 0.04}]","{'2011/2012': 35, '2012/2013': 11, '2014/2015': 24}"
566e96da-65fa-4b84-7660-a8c1c2f80170,18407,José Alberto Cañas Ruiz Herrera,Midfielder,right,6,6.023333333333333,0.41658889629313006,"[{'season_label': '2011/2012', 'appearances': 2, 'avg_score': 6.07, 'avg_vaep': 0.32}, {'season_label': '2012/2013', 'appearances': 1, 'avg_score': 6.0, 'avg_vaep': 0.42}, {'season_label': '2014/2015', 'appearances': 2, 'avg_score': 6.0, 'avg_vaep': 0.33}, {'season_label': '2015/2016', 'appearances': 1, 'avg_score': 6.0, 'avg_vaep': 0.79}]","{'2011/2012': 21, '2012/2013': 21, '2014/2015': 14, '2015/2016': 14}"
53698d89-8e67-a266-904e-0386e6457dfd,23804,Jonathan Pereira Rodríguez,Attacker,right,2,6.109999999999999,0.14962807649862953,"[{'season_label': '2011/2012', 'appearances': 1, 'avg_score': 6.16, 'avg_vaep': 0.36}, {'season_label': '2013/2014', 'appearances': 1, 'avg_score': 6.06, 'avg_vaep': -0.06}]","{'2011/2012': 9, '2013/2014': 24}"
e84ac9a0-edc8-b549-6612-05c41bbf297f,23815,Casto Espinosa Barriga,GK,right,2,6.140000000000001,0.23011555900302483,"[{'season_label': '2011/2012', 'appearances': 2, 'avg_score': 6.14, 'avg_vaep': 0.23}]",{'2011/2012': 13}
a06dfaed-c1e4-4136-66a9-40fb0e84fbd6,25892,Ignacio Pérez Santamaría,Defender,left,4,6.15,0.7965772715106141,"[{'season_label': '2011/2012', 'appearances': 2, 'avg_score': 6.08, 'avg_vaep': 1.08}, {'season_label': '2012/2013', 'appearances': 1, 'avg_score': 6.1, 'avg_vaep': 0.62}, {'season_label': '2013/2014', 'appearances': 1, 'avg_score': 6.33, 'avg_vaep': 0.41}]","{'2011/2012': 23, '2012/2013': 23, '2013/2014': 23}"
17fa420c-99b3-094d-cacd-f8677789c983,26455,José Isidoro Gómez Torres,Defender,right,2,6.0,0.10689820507832337,"[{'season_label': '2011/2012', 'appearances': 2, 'avg_score': 6.0, 'avg_vaep': 0.11}]",{'2011/2012': 2}
ec4a4272-58aa-615c-c0b5-6df3b79683ac,26782,José Antonio Delgado Villar,Midfielder,right,3,6.266666666666667,0.6370129697152151,"[{'season_label': '2011/2012', 'appearances': 1, 'avg_score': 6.0, 'avg_vaep': 0.36}, {'season_label': '2013/2014', 'appearances': 2, 'avg_score': 6.4, 'avg_vaep': 0.78}]","{'2011/2012': 29, '2013/2014': 8}"
38550530-32eb-fd54-d04e-184091bcbe34,26783,Roque Luis Santa Cruz Cantero,Attacker,right,5,6.1579999999999995,0.04933788562520931,"[{'season_label': '2011/2012', 'appearances': 2, 'avg_score': 6.2, 'avg_vaep': 0.12}, {'season_label': '2012/2013', 'appearances': 1, 'avg_score': 6.4, 'avg_vaep': 0.01}, {'season_label': '2013/2014', 'appearances': 1, 'avg_score': 6.0, 'avg_vaep': 0.02}, {'season_label': '2015/2016', 'appearances': 1, 'avg_score': 6.0, 'avg_vaep': -0.02}]","{'2011/2012': 16, '2012/2013': 24, '2013/2014': 9, '2015/2016': 24}"
8f02e3fa-67ac-7f91-3160-628c8f46b8aa,26784,Paulo Afonso Santos Júnior,Defender,right,1,6.19,0.9125107729923911,"[{'season_label': '2011/2012', 'appearances': 1, 'avg_score': 6.19, 'avg_vaep': 0.91}]",{'2011/2012': 12}
621937d0-e97e-2559-f217-0a66a2218089,26712,Ricardo Izecson dos Santos Leite,Midfielder,right,3,6.013333333333333,0.154126974091317,"[{'season_label': '2011/2012', 'appearances': 1, 'avg_score': 6.04, 'avg_vaep': 0.32}, {'season_label': '2012/2013', 'appearances': 2, 'avg_score': 6.0, 'avg_vaep': 0.07}]","{'2011/2012': 8, '2012/2013': 8}"
4de1ed74-128a-96a8-b590-0186486aacba,6630,Jorge Molina Vidal,Attacker,right,11,6.54,0.2363925991364588,"[{'season_label': '2011/2012', 'appearances': 1, 'avg_score': 6.7, 'avg_vaep': 0.61}, {'season_label': '2012/2013', 'appearances': 2, 'avg_score': 6.42, 'avg_vaep': -0.0}, {'season_label': '2013/2014', 'appearances': 2, 'avg_score': 7.11, 'avg_vaep': 0.26}, {'season_label': '2017/2018', 'appearances': 2, 'avg_score': 6.69, 'avg_vaep': 0.39}, {'season_label': '2018/2019', 'appearances': 1, 'avg_score': 6.01, 'avg_vaep': 0.35}, {'season_label': '2019/2020', 'appearances': 1, 'avg_score': 6.33, 'avg_vaep': 0.0}, {'season_label': '2020/2021', 'appearances': 2, 'avg_score': 6.25, 'avg_vaep': 0.16}]","{'2011/2012': 19, '2012/2013': 19, '2013/2014': 19, '2017/2018': 19, '2018/2019': 19, '2019/2020': 23, '2020/2021': 19}"
13dd806f-1e82-bd0f-a111-d92a1afeb454,24072,Salvador Sevilla López,Midfielder,right,7,6.095714285714286,0.3917685481748257,"[{'season_label': '2011/2012', 'appearances': 1, 'avg_score': 6.03, 'avg_vaep': 0.41}, {'season_label': '2012/2013', 'appearances': 2, 'avg_score': 6.14, 'avg_vaep': 0.16}, {'season_label': '2014/2015', 'appearances': 2, 'avg_score': 6.0, 'avg_vaep': 0.53}, {'season_label': '2018/2019', 'appearances': 2, 'avg_score': 6.17, 'avg_vaep': 0.48}]","{'2011/2012': 14, '2012/2013': 14, '2014/2015': 6, '2015/2016': 8, '2018/2019': 8}"
937315cf-79eb-4801-d847-4c4bc6558eee,25978,Iriney Santos Da Silva,Midfielder,right,2,6.0,0.7072688633979851,"[{'season_label': '2011/2012', 'appearances': 1, 'avg_score': 6.0, 'avg_vaep': 1.01}, {'season_label': '2012/2013', 'appearances': 1, 'avg_score': 6.0, 'avg_vaep': 0.4}]","{'2011/2012': 18, '2012/2013': 24}"
a383d5fd-aea2-75d6-a06a-1958beaf4db4,26081,Pedro Mario Álvarez Abrante,Defender,right,2,6.0,0.14868077688697667,"[{'season_label': '2011/2012', 'appearances': 1, 'avg_score': 6.0, 'avg_vaep': 0.15}, {'season_label': '2012/2013', 'appearances': 1, 'avg_score': 6.0, 'avg_vaep': 0.14}]","{'2011/2012': 3, '2012/2013': 3}"
3af65294-001d-efdf-7d60-d4b9e3151fff,26794,Javier Magro Matilla,Midfielder,right,2,6.0,0.31434650177652657,"[{'season_label': '2011/2012', 'appearances': 1, 'avg_score': 6.0, 'avg_vaep': 0.4}, {'season_label': '2013/2014', 'appearances': 1, 'avg_score': 6.0, 'avg_vaep': 0.23}]","{'2011/2012': 8, '2013/2014': 5}"
41f860e3-b7f5-48ab-c1f8-b812059137bf,6720,Pablo Sarabia García,Attacker,left,11,6.33909090909091,0.5705648405086818,"[{'season_label': '2011/2012', 'appearances': 1, 'avg_score': 6.05, 'avg_vaep': 0.19}, {'season_label': '2012/2013', 'appearances': 2, 'avg_score': 6.0, 'avg_vaep': 0.12}, {'season_label': '2013/2014', 'appearances': 1, 'avg_score': 6.87, 'avg_vaep': 0.78}, {'season_label': '2014/2015', 'appearances': 1, 'avg_score': 6.22, 'avg_vaep': 0.35}, {'season_label': '2015/2016', 'appearances': 1, 'avg_score': 6.01, 'avg_vaep': 0.32}, {'season_label': '2016/2017', 'appearances': 2, 'avg_score': 6.39, 'avg_vaep': 0.72}, {'season_label': '2017/2018', 'appearances': 2, 'avg_score': 6.84, 'avg_vaep': 0.83}, {'season_label': '2020/2021', 'appearances': 1, 'avg_score': 6.11, 'avg_vaep': 1.31}]","{'2011/2012': 8, '2012/2013': 8, '2013/2014': 8, '2014/2015': 10, '2015/2016': 10, '2016/2017': 17, '2017/2018': 17, '2020/2021': 17}"
548c579b-82d7-0ac5-3cf1-8c68c0f505e3,16478,Miguel Marcos Madera,Midfielder,right,3,6.003333333333333,0.29685110389618785,"[{'season_label': '2011/2012', 'appearances': 1, 'avg_score': 6.01, 'avg_vaep': 0.65}, {'season_label': '2012/2013', 'appearances': 1, 'avg_score': 6.0, 'avg_vaep': 0.2}, {'season_label': '2013/2014', 'appearances': 1, 'avg_score': 6.0, 'avg_vaep': 0.04}]","{'2011/2012': 21, '2012/2013': 21, '2013/2014': 21}"
92c3b916-311a-5517-d929-0576e3ea37ad,6379,Sergi Roberto Carnicer,Defender,right,180,6.59,0.394733381421626,"[{'season_label': '2011/2012', 'appearances': 1, 'avg_score': 6.78, 'avg_vaep': 0.53}, {'season_label': '2013/2014', 'appearances': 11, 'avg_score': 6.0, 'avg_vaep': 0.06}, {'season_label': '2014/2015', 'appearances': 12, 'avg_score': 6.36, 'avg_vaep': 0.28}, {'season_label': '2015/2016', 'appearances': 31, 'avg_score': 6.33, 'avg_vaep': 0.31}, {'season_label': '2016/2017', 'appearances': 28, 'avg_score': 6.59, 'avg_vaep': 0.49}, {'season_label': '2017/2018', 'appearances': 27, 'avg_score': 6.7, 'avg_vaep': 0.48}, {'season_label': '2018/2019', 'appearances': 26, 'avg_score': 6.99, 'avg_vaep': 0.39}, {'season_label': '2019/2020', 'appearances': 15, 'avg_score': 6.7, 'avg_vaep': 0.29}, {'season_label': '2020/2021', 'appearances': 29, 'avg_score': 6.66, 'avg_vaep': 0.55}]","{'2011/2012': 30, '2013/2014': 24, '2014/2015': 20, '2015/2016': 20, '2016/2017': 20, '2017/2018': 20, '2018/2019': 20, '2019/2020': 20, '2020/2021': 20}"
a957aa96-221d-0b7c-b99a-b072eaed7bf9,6861,Juan Torres Ruiz,Defender,right,4,6.0225,0.14031466953429117,"[{'season_label': '2011/2012', 'appearances': 1, 'avg_score': 6.0, 'avg_vaep': -0.02}, {'season_label': '2013/2014', 'appearances': 1, 'avg_score': 6.09, 'avg_vaep': 0.12}, {'season_label': '2014/2015', 'appearances': 1, 'avg_score': 6.0, 'avg_vaep': 0.16}, {'season_label': '2020/2021', 'appearances': 1, 'avg_score': 6.0, 'avg_vaep': 0.3}]","{'2011/2012': 31, '2013/2014': 4, '2014/2015': 19, '2020/2021': 16}"
36a6cb79-6236-4107-dbd2-aeee06d11814,25946,Andrés Palop Cervera,GK,right,2,6.79,0.23042879089098278,"[{'season_label': '2011/2012', 'appearances': 1, 'avg_score': 7.38, 'avg_vaep': 0.21}, {'season_label': '2012/2013', 'appearances': 1, 'avg_score': 6.2, 'avg_vaep': 0.25}]","{'2011/2012': 1, '2012/2013': 1}"
5571df47-9aa0-24d2-8e17-f555babd1fcb,26791,Emir Spahić,Defender,right,2,6.025,0.18829698354602442,"[{'season_label': '2011/2012', 'appearances': 1, 'avg_score': 6.0, 'avg_vaep': 0.32}, {'season_label': '2012/2013', 'appearances': 1, 'avg_score': 6.05, 'avg_vaep': 0.06}]","{'2011/2012': 6, '2012/2013': 4}"
7fd29ee0-cb4b-910d-96d0-ef86f16c8854,6360,Cristian Eduardo Zapata Valencia,Defender,right,1,6.0,0.3691268051843508,"[{'season_label': '2011/2012', 'appearances': 1, 'avg_score': 6.0, 'avg_vaep': 0.37}]",{'2011/2012': 12}
3483e5ec-0489-e5c3-94b0-28ec4e81f3e1,6626,Mubarak Wakaso,Midfielder,left,7,6.008571428571429,0.5494815751784959,"[{'season_label': '2011/2012', 'appearances': 1, 'avg_score': 6.0, 'avg_vaep': 0.34}, {'season_label': '2015/2016', 'appearances': 1, 'avg_score': 6.0, 'avg_vaep': 1.01}, {'season_label': '2017/2018', 'appearances': 2, 'avg_score': 6.02, 'avg_vaep': 0.44}, {'season_label': '2018/2019', 'appearances': 1, 'avg_score': 6.02, 'avg_vaep': 0.23}, {'season_label': '2020/2021', 'appearances': 2, 'avg_score': 6.0, 'avg_vaep': 0.7}]","{'2011/2012': 18, '2015/2016': 12, '2017/2018': 22, '2018/2019': 22, '2020/2021': 22}"
a16b5a3c-25b7-3ce4-e344-5e369749dd43,26721,Joan Oriol i Gràcia,Defender,left,2,6.109999999999999,0.33735913646160043,"[{'season_label': '2011/2012', 'appearances': 2, 'avg_score': 6.11, 'avg_vaep': 0.34}]",{'2011/2012': 3}
d494020f-f8ec-181e-f98e-d97ac3f25453,3501,Philippe Coutinho Correia,Attacker,right,59,6.966949152542373,0.31376401851698804,"[{'season_label': '2011/2012', 'appearances': 1, 'avg_score': 6.0, 'avg_vaep': 0.14}, {'season_label': '2017/2018', 'appearances': 31, 'avg_score': 7.01, 'avg_vaep': 0.38}, {'season_label': '2019/2020', 'appearances': 11, 'avg_score': 7.08, 'avg_vaep': 0.25}, {'season_label': '2020/2021', 'appearances': 16, 'avg_score': 6.86, 'avg_vaep': 0.25}]","{'2011/2012': 23, '2017/2018': 7, '2019/2020': 14, '2020/2021': 14}"
80f24ef4-9398-2c55-2b69-43f1411f7e2c,5573,Héctor Alfredo Moreno Herrera,Defender,left,8,6.06125,0.1926651771732395,"[{'season_label': '2011/2012', 'appearances': 2, 'avg_score': 6.22, 'avg_vaep': 0.16}, {'season_label': '2012/2013', 'appearances': 1, 'avg_score': 6.0, 'avg_vaep': 0.08}, {'season_label': '2013/2014', 'appearances': 2, 'avg_score': 6.0, 'avg_vaep': 0.25}, {'season_label': '2014/2015', 'appearances': 2, 'avg_score': 6.02, 'avg_vaep': -0.03}, {'season_label': '2017/2018', 'appearances': 1, 'avg_score': 6.0, 'avg_vaep': 0.71}]","{'2011/2012': 15, '2012/2013': 15, '2013/2014': 15, '2014/2015': 15, '2017/2018': 6}"
4219840f-5b40-1ebe-7639-efe00a1fb982,10922,Vladimír Weiss,Attacker,right,2,6.335,0.21307056034220295,"[{'season_label': '2011/2012', 'appearances': 2, 'avg_score': 6.33, 'avg_vaep': 0.21}]",{'2011/2012': 17}
19e321d9-f307-ccfc-1c37-106191cbbc74,15867,Rui Pedro da Rocha Fonte,Midfielder,right,1,6.0,0.14937334704518435,"[{'season_label': '2011/2012', 'appearances': 1, 'avg_score': 6.0, 'avg_vaep': 0.15}]",{'2011/2012': 6}
8eef6ff9-91f6-9d43-6ef3-8262bb3eef52,26785,Cristian Gómez García,Attacker,left,1,6.0,0.6414525597501779,"[{'season_label': '2011/2012', 'appearances': 1, 'avg_score': 6.0, 'avg_vaep': 0.64}]",{'2011/2012': 42}
228e338f-ddcd-f62a-8065-110d0b5f87fb,6706,Francisco Casilla Cortés,GK,right,6,6.105,0.5142106583249794,"[{'season_label': '2011/2012', 'appearances': 1, 'avg_score': 6.0, 'avg_vaep': 0.3}, {'season_label': '2012/2013', 'appearances': 1, 'avg_score': 6.24, 'avg_vaep': 0.84}, {'season_label': '2013/2014', 'appearances': 2, 'avg_score': 6.18, 'avg_vaep': 0.54}, {'season_label': '2014/2015', 'appearances': 2, 'avg_score': 6.02, 'avg_vaep': 0.44}]","{'2011/2012': 13, '2012/2013': 13, '2013/2014': 13, '2014/2015': 13, '2015/2016': 13, '2016/2017': 13, '2020/2021': 13}"
2948bc9a-490e-9251-ad1c-9be2bc2796cb,26775,Thievy Guivane Bifouma Koulossa,Attacker,right,4,6.61,0.4997608947305707,"[{'season_label': '2011/2012', 'appearances': 1, 'avg_score': 6.87, 'avg_vaep': 0.56}, {'season_label': '2013/2014', 'appearances': 1, 'avg_score': 6.07, 'avg_vaep': -0.05}, {'season_label': '2014/2015', 'appearances': 2, 'avg_score': 6.75, 'avg_vaep': 0.74}]","{'2011/2012': 39, '2013/2014': 7, '2014/2015': 9}"
9fe77ac7-060e-716f-2d42-631d156825c0,3726,Gerard Deulofeu Lázaro,Midfielder,right,12,6.199166666666667,0.27132005805363707,"[{'season_label': '2011/2012', 'appearances': 1, 'avg_score': 6.0, 'avg_vaep': 0.3}, {'season_label': '2014/2015', 'appearances': 1, 'avg_score': 6.0, 'avg_vaep': 0.14}, {'season_label': '2020/2021', 'appearances': 10, 'avg_score': 6.24, 'avg_vaep': 0.28}]","{'2011/2012': 27, '2012/2013': 27, '2014/2015': 18, '2020/2021': 16}"
10b4945a-be2e-627d-b646-b3c5226a4e50,7907,Pedro Bigas Rigo,Defender,right,6,6.103333333333333,0.4728551582941994,"[{'season_label': '2011/2012', 'appearances': 1, 'avg_score': 6.0, 'avg_vaep': 0.72}, {'season_label': '2012/2013', 'appearances': 1, 'avg_score': 6.0, 'avg_vaep': 1.41}, {'season_label': '2015/2016', 'appearances': 2, 'avg_score': 6.0, 'avg_vaep': 0.19}, {'season_label': '2016/2017', 'appearances': 1, 'avg_score': 6.62, 'avg_vaep': 0.3}, {'season_label': '2017/2018', 'appearances': 1, 'avg_score': 6.0, 'avg_vaep': 0.02}]","{'2011/2012': 28, '2012/2013': 17, '2015/2016': 17, '2016/2017': 17, '2017/2018': 3, '2018/2019': 3}"
aa48055d-254b-34d0-8c1a-88a7c92c58cd,26777,Gianni Michel Eugene Zuiverloon,Midfielder,right,1,6.0,0.3318607563705882,"[{'season_label': '2011/2012', 'appearances': 1, 'avg_score': 6.0, 'avg_vaep': 0.33}]",{'2011/2012': 2}
dfbd282c-1830-0fa0-eccc-eea6c5fac41f,3991,Allan Romeo Nyom,Defender,right,10,6.046,0.515414250053982,"[{'season_label': '2011/2012', 'appearances': 1, 'avg_score': 6.0, 'avg_vaep': 1.94}, {'season_label': '2012/2013', 'appearances': 2, 'avg_score': 6.02, 'avg_vaep': 0.04}, {'season_label': '2013/2014', 'appearances': 1, 'avg_score': 6.0, 'avg_vaep': 0.1}, {'season_label': '2014/2015', 'appearances': 2, 'avg_score': 6.21, 'avg_vaep': 0.82}, {'season_label': '2017/2018', 'appearances': 2, 'avg_score': 6.0, 'avg_vaep': 0.22}, {'season_label': '2018/2019', 'appearances': 1, 'avg_score': 6.01, 'avg_vaep': 0.28}, {'season_label': '2019/2020', 'appearances': 1, 'avg_score': 6.0, 'avg_vaep': 0.67}]","{'2011/2012': 2, '2012/2013': 2, '2013/2014': 2, '2014/2015': 2, '2017/2018': 12, '2018/2019': 12, '2019/2020': 12}"
f95b0d66-a5c3-00fb-374e-8af7a3e651f2,23315,Yohan Mollo,Midfielder,right,1,6.0,0.10752437540213577,"[{'season_label': '2011/2012', 'appearances': 1, 'avg_score': 6.0, 'avg_vaep': 0.11}]",{'2011/2012': 9}
de24e1cb-8921-2805-96f8-2fe71298847e,23995,Jaime Romero Gómez,Midfielder,left,3,6.036666666666666,0.36198782790476497,"[{'season_label': '2011/2012', 'appearances': 1, 'avg_score': 6.0, 'avg_vaep': 0.27}, {'season_label': '2012/2013', 'appearances': 1, 'avg_score': 6.0, 'avg_vaep': 0.07}, {'season_label': '2016/2017', 'appearances': 1, 'avg_score': 6.11, 'avg_vaep': 0.74}]","{'2011/2012': 10, '2012/2013': 10, '2016/2017': 17}"
3d585791-2169-d963-59cb-6c7df01db19d,25707,Francisco Manuel Rico Castro,Midfielder,right,6,6.19,0.4145366456280802,"[{'season_label': '2011/2012', 'appearances': 1, 'avg_score': 6.0, 'avg_vaep': -0.08}, {'season_label': '2013/2014', 'appearances': 1, 'avg_score': 6.0, 'avg_vaep': 0.36}, {'season_label': '2014/2015', 'appearances': 2, 'avg_score': 6.33, 'avg_vaep': 0.27}, {'season_label': '2015/2016', 'appearances': 1, 'avg_score': 6.47, 'avg_vaep': 1.61}, {'season_label': '2016/2017', 'appearances': 1, 'avg_score': 6.0, 'avg_vaep': 0.04}]","{'2011/2012': 4, '2013/2014': 4, '2014/2015': 4, '2015/2016': 4, '2016/2017': 16}"
17865668-9427-a1c3-b74f-44d9f4fc0754,26573,Íñigo López Montaña,Defender,right,6,6.026666666666666,0.18569223771434432,"[{'season_label': '2011/2012', 'appearances': 1, 'avg_score': 6.0, 'avg_vaep': -0.07}, {'season_label': '2012/2013', 'appearances': 2, 'avg_score': 6.08, 'avg_vaep': 0.19}, {'season_label': '2013/2014', 'appearances': 1, 'avg_score': 6.0, 'avg_vaep': 0.43}, {'season_label': '2014/2015', 'appearances': 2, 'avg_score': 6.0, 'avg_vaep': 0.18}]","{'2011/2012': 8, '2012/2013': 8, '2013/2014': 21, '2014/2015': 12}"
715b66f8-b96f-2267-89e7-40c8c9b21153,26659,Roberto Fernández Alvarellos,GK,right,2,6.515000000000001,0.8333052241341647,"[{'season_label': '2011/2012', 'appearances': 1, 'avg_score': 6.82, 'avg_vaep': 1.01}, {'season_label': '2014/2015', 'appearances': 1, 'avg_score': 6.21, 'avg_vaep': 0.66}]","{'2011/2012': 13, '2014/2015': 13}"
a67ff68f-b341-13ac-300a-f9dde46b8aec,24068,José Luis Moreno Barroso,Attacker,right,1,6.25,0.742667913891637,"[{'season_label': '2011/2012', 'appearances': 1, 'avg_score': 6.25, 'avg_vaep': 0.74}]",{'2011/2012': 41}
b191b91c-bd52-c3fc-ff21-b16d6aafa259,26808,Gonzalo Pablo Castellani,Midfielder,right,1,6.0,0.06654310474914382,"[{'season_label': '2011/2012', 'appearances': 1, 'avg_score': 6.0, 'avg_vaep': 0.07}]",{'2011/2012': 16}
4c525a48-acc0-084b-0777-50ac333c67c1,6620,Daniel Pacheco Lobato,Midfielder,,0,,,[],{'2011/2012': 24}
8b2dfbe0-c1d4-3f95-37da-e01e96458ff1,6914,Roberto Román Triguero,Defender,right,9,6.064444444444444,0.4482690689700475,"[{'season_label': '2011/2012', 'appearances': 1, 'avg_score': 6.0, 'avg_vaep': 0.14}, {'season_label': '2012/2013', 'appearances': 2, 'avg_score': 6.16, 'avg_vaep': 0.9}, {'season_label': '2013/2014', 'appearances': 2, 'avg_score': 6.0, 'avg_vaep': 0.19}, {'season_label': '2014/2015', 'appearances': 2, 'avg_score': 6.0, 'avg_vaep': 0.44}, {'season_label': '2015/2016', 'appearances': 1, 'avg_score': 6.18, 'avg_vaep': 0.55}, {'season_label': '2016/2017', 'appearances': 1, 'avg_score': 6.09, 'avg_vaep': 0.31}]","{'2011/2012': 2, '2012/2013': 2, '2013/2014': 2, '2014/2015': 2, '2015/2016': 2, '2016/2017': 2, '2017/2018': 2, '2020/2021': 2}"
31d64389-a45a-aeb7-a61c-9b76b72be555,11677,Jorge Pulido Mayoral,Defender,right,4,6.0525,0.4025804575994698,"[{'season_label': '2011/2012', 'appearances': 1, 'avg_score': 6.0, 'avg_vaep': 0.25}, {'season_label': '2017/2018', 'appearances': 1, 'avg_score': 6.0, 'avg_vaep': 0.25}, {'season_label': '2019/2020', 'appearances': 2, 'avg_score': 6.11, 'avg_vaep': 0.56}]","{'2011/2012': 12, '2017/2018': 14, '2019/2020': 14}"
9e8a5c1f-4174-912f-20cd-ad10d566a2d2,23855,Pape Maly Diamanka,Midfielder,right,1,6.0,0.3520756805482961,"[{'season_label': '2011/2012', 'appearances': 1, 'avg_score': 6.0, 'avg_vaep': 0.35}]",{'2011/2012': 32}
bcf72cf0-c112-64b5-bd65-830efe8feaf8,23974,Roberto Antonio Correa Silva,Attacker,right,2,6.0,0.07673860654540476,"[{'season_label': '2011/2012', 'appearances': 1, 'avg_score': 6.0, 'avg_vaep': 0.07}, {'season_label': '2015/2016', 'appearances': 1, 'avg_score': 6.0, 'avg_vaep': 0.09}]","{'2011/2012': 38, '2015/2016': 2}"
bceca960-386f-f1b9-b627-b4db3d12bf0e,26846,Diego Benito Rey,Attacker,right,1,6.0,0.06274059009592747,"[{'season_label': '2011/2012', 'appearances': 1, 'avg_score': 6.0, 'avg_vaep': 0.06}]",{'2011/2012': 29}
8e959726-dba7-c579-f0a0-5b0b62597fb0,26847,Aitor Núñez Martín,Defender,right,1,6.0,0.2807983121383586,"[{'season_label': '2011/2012', 'appearances': 1, 'avg_score': 6.0, 'avg_vaep': 0.28}]",{'2011/2012': 39}
1fc3b24f-7a2d-eb8b-63dc-3505eb1196f4,26848,Roberto Trashorras Gayoso,Midfielder,right,8,6.805,0.4135990813160788,"[{'season_label': '2011/2012', 'appearances': 1, 'avg_score': 6.2, 'avg_vaep': 0.2}, {'season_label': '2012/2013', 'appearances': 1, 'avg_score': 7.38, 'avg_vaep': 0.3}, {'season_label': '2013/2014', 'appearances': 2, 'avg_score': 7.21, 'avg_vaep': 0.55}, {'season_label': '2014/2015', 'appearances': 2, 'avg_score': 6.56, 'avg_vaep': 0.41}, {'season_label': '2015/2016', 'appearances': 2, 'avg_score': 6.67, 'avg_vaep': 0.44}]","{'2011/2012': 17, '2012/2013': 17, '2013/2014': 10, '2014/2015': 10, '2015/2016': 10}"
79ab7934-39ae-af01-b4e2-c8d4ceab0b70,27121,Andrija Delibašić,Attacker,right,2,6.275,0.3043103601612529,"[{'season_label': '2012/2013', 'appearances': 2, 'avg_score': 6.28, 'avg_vaep': 0.3}]","{'2011/2012': 23, '2012/2013': 23}"
1e360e45-6bb3-46d5-ec2e-9d6b411a323f,26226,José Javier Barkero Saludes,Midfielder,left,2,7.33,0.39116555545933807,"[{'season_label': '2011/2012', 'appearances': 1, 'avg_score': 7.3, 'avg_vaep': 0.36}, {'season_label': '2012/2013', 'appearances': 1, 'avg_score': 7.36, 'avg_vaep': 0.43}]","{'2011/2012': 7, '2012/2013': 7}"
719653e6-75f2-4537-d4cb-647537a2a04f,26843,Juan Luis Gómez López,Attacker,left,2,6.01,0.34294896647952555,"[{'season_label': '2011/2012', 'appearances': 1, 'avg_score': 6.0, 'avg_vaep': 0.0}, {'season_label': '2012/2013', 'appearances': 1, 'avg_score': 6.02, 'avg_vaep': 0.68}]","{'2011/2012': 20, '2012/2013': 20}"
b599334e-079a-6a76-7ca8-5659336408fc,26844,Abdelkader Mohamed Ghezzal,Attacker,right,1,6.0,0.03407731493643951,"[{'season_label': '2011/2012', 'appearances': 1, 'avg_score': 6.0, 'avg_vaep': 0.03}]",{'2011/2012': 24}
288a8d4e-8014-cf08-9c28-ac2eba7c7d0b,27053,Alexandre Dimitri Song-Billong,Midfielder,right,29,6.5037931034482765,0.43227820192742944,"[{'season_label': '2012/2013', 'appearances': 16, 'avg_score': 6.68, 'avg_vaep': 0.43}, {'season_label': '2013/2014', 'appearances': 13, 'avg_score': 6.29, 'avg_vaep': 0.44}]","{'2012/2013': 25, '2013/2014': 17}"
baf4f1a5-938b-8d52-0b32-8c13b51ccf11,6887,Jonás Ramalho Chimeno,Defender,right,4,6.005,0.27348904446535016,"[{'season_label': '2012/2013', 'appearances': 2, 'avg_score': 6.01, 'avg_vaep': -0.14}, {'season_label': '2020/2021', 'appearances': 2, 'avg_score': 6.0, 'avg_vaep': 0.69}]","{'2012/2013': 28, '2017/2018': 4, '2019/2020': 15, '2020/2021': 4}"
90415f9b-8d0f-e2da-891b-58a2dab18f8d,5588,Antonio Rukavina,Defender,right,4,6.08,0.5374204646877843,"[{'season_label': '2012/2013', 'appearances': 1, 'avg_score': 6.28, 'avg_vaep': 0.96}, {'season_label': '2013/2014', 'appearances': 1, 'avg_score': 6.04, 'avg_vaep': 0.43}, {'season_label': '2015/2016', 'appearances': 1, 'avg_score': 6.0, 'avg_vaep': 0.69}, {'season_label': '2020/2021', 'appearances': 1, 'avg_score': 6.0, 'avg_vaep': 0.07}]","{'2012/2013': 2, '2013/2014': 2, '2014/2015': 22, '2015/2016': 22, '2016/2017': 22, '2020/2021': 22}"
7caf5e22-ea3e-b817-5ab5-18429c8589a4,6607,Julián Omar Ramos Suárez,Attacker,left,3,6.046666666666667,0.05498868456803999,"[{'season_label': '2012/2013', 'appearances': 1, 'avg_score': 6.06, 'avg_vaep': -0.1}, {'season_label': '2016/2017', 'appearances': 1, 'avg_score': 6.0, 'avg_vaep': 0.06}, {'season_label': '2020/2021', 'appearances': 1, 'avg_score': 6.08, 'avg_vaep': 0.2}]","{'2012/2013': 14, '2016/2017': 23, '2020/2021': 23}"
dffbb6ef-d376-d8db-b22c-df491e481edc,6710,Rubén Peña Jiménez,Attacker,right,7,6.174285714285714,0.3253514734580157,"[{'season_label': '2012/2013', 'appearances': 1, 'avg_score': 6.0, 'avg_vaep': 0.04}, {'season_label': '2016/2017', 'appearances': 2, 'avg_score': 6.1, 'avg_vaep': 0.22}, {'season_label': '2017/2018', 'appearances': 1, 'avg_score': 6.61, 'avg_vaep': 1.12}, {'season_label': '2018/2019', 'appearances': 1, 'avg_score': 6.31, 'avg_vaep': -0.03}, {'season_label': '2020/2021', 'appearances': 2, 'avg_score': 6.05, 'avg_vaep': 0.35}]","{'2012/2013': 28, '2016/2017': 11, '2017/2018': 11, '2018/2019': 20, '2020/2021': 11}"
46d045ff-5190-f6ea-9373-9da6c0aa19bc,6789,Mikel Balenziaga Oruesagasti,Defender,left,12,6.04,0.42441618129669223,"[{'season_label': '2012/2013', 'appearances': 1, 'avg_score': 6.32, 'avg_vaep': 0.22}, {'season_label': '2013/2014', 'appearances': 1, 'avg_score': 6.05, 'avg_vaep': 1.01}, {'season_label': '2014/2015', 'appearances': 2, 'avg_score': 6.03, 'avg_vaep': 0.63}, {'season_label': '2015/2016', 'appearances': 2, 'avg_score': 6.0, 'avg_vaep': 0.07}, {'season_label': '2016/2017', 'appearances': 2, 'avg_score': 6.03, 'avg_vaep': 0.38}, {'season_label': '2017/2018', 'appearances': 2, 'avg_score': 6.0, 'avg_vaep': 0.34}, {'season_label': '2018/2019', 'appearances': 1, 'avg_score': 6.0, 'avg_vaep': 0.57}, {'season_label': '2019/2020', 'appearances': 1, 'avg_score': 6.01, 'avg_vaep': 0.45}]","{'2012/2013': 24, '2013/2014': 24, '2014/2015': 24, '2015/2016': 24, '2016/2017': 24, '2017/2018': 24, '2018/2019': 24, '2019/2020': 24}"
0502a70e-ae9d-62be-d6cd-32d7e1a0cb45,6879,Alberto Bueno Calvo,Attacker,right,5,6.848000000000001,0.31187225052854045,"[{'season_label': '2012/2013', 'appearances': 1, 'avg_score': 6.0, 'avg_vaep': 0.04}, {'season_label': '2013/2014', 'appearances': 2, 'avg_score': 6.52, 'avg_vaep': 0.26}, {'season_label': '2014/2015', 'appearances': 2, 'avg_score': 7.6, 'avg_vaep': 0.5}]","{'2012/2013': 15, '2013/2014': 23, '2014/2015': 23, '2016/2017': 10}"
ba484941-1c8b-bdd3-8615-0e5e32204198,11542,Javier Guerra Rodríguez,Attacker,right,4,7.375,0.21703427818829368,"[{'season_label': '2012/2013', 'appearances': 1, 'avg_score': 7.81, 'avg_vaep': 0.12}, {'season_label': '2013/2014', 'appearances': 1, 'avg_score': 7.2, 'avg_vaep': 0.9}, {'season_label': '2015/2016', 'appearances': 2, 'avg_score': 7.25, 'avg_vaep': -0.08}]","{'2012/2013': 9, '2013/2014': 9, '2014/2015': 9, '2015/2016': 24}"
3ad238e6-05b8-5c86-6380-2847e45dac99,19396,Lluis Sastre Reus,Midfielder,right,3,6.006666666666667,0.19688742469952558,"[{'season_label': '2012/2013', 'appearances': 1, 'avg_score': 6.02, 'avg_vaep': 0.17}, {'season_label': '2013/2014', 'appearances': 1, 'avg_score': 6.0, 'avg_vaep': 0.4}, {'season_label': '2016/2017', 'appearances': 1, 'avg_score': 6.0, 'avg_vaep': 0.01}]","{'2012/2013': 16, '2013/2014': 16, '2016/2017': 22, '2017/2018': 22}"
4ffac7ef-d410-b9e9-16a6-a401e4e0c73e,24264,Daniel Hernández Santos,GK,right,1,6.31,0.0977840984814975,"[{'season_label': '2012/2013', 'appearances': 1, 'avg_score': 6.31, 'avg_vaep': 0.1}]",{'2012/2013': 13}
24b482e0-e758-1adb-4d2f-9ec2a4abf347,25911,Óscar Javier González Marcos,Attacker,right,2,6.07,0.13925595359614817,"[{'season_label': '2012/2013', 'appearances': 1, 'avg_score': 6.13, 'avg_vaep': 0.04}, {'season_label': '2013/2014', 'appearances': 1, 'avg_score': 6.01, 'avg_vaep': 0.24}]","{'2012/2013': 10, '2013/2014': 10}"
005fa89d-a7d4-8e0c-0cd6-536000ed2cb5,26690,Alberto Mateus Contreiras Gonçalves,Attacker,left,5,6.362,0.28125367788088623,"[{'season_label': '2012/2013', 'appearances': 1, 'avg_score': 6.02, 'avg_vaep': 0.25}, {'season_label': '2013/2014', 'appearances': 1, 'avg_score': 6.17, 'avg_vaep': 1.02}, {'season_label': '2014/2015', 'appearances': 2, 'avg_score': 6.0, 'avg_vaep': 0.11}, {'season_label': '2015/2016', 'appearances': 1, 'avg_score': 7.62, 'avg_vaep': -0.07}]","{'2012/2013': 25, '2013/2014': 23, '2014/2015': 9, '2015/2016': 9}"
2d564b42-a715-a624-dbc9-39d5434e6262,26692,Henrique Sereno Fonseca,Defender,right,1,6.0,0.33959156866330886,"[{'season_label': '2012/2013', 'appearances': 1, 'avg_score': 6.0, 'avg_vaep': 0.34}]",{'2012/2013': 5}
14d9f3a2-9e7f-b452-9756-4da4fe44473e,26693,Javier Baraja Vegas,Midfielder,right,1,6.0,0.06907344318460673,"[{'season_label': '2012/2013', 'appearances': 1, 'avg_score': 6.0, 'avg_vaep': 0.07}]","{'2012/2013': 8, '2013/2014': 8}"
ff0a431a-29c7-28e7-6616-8d412be85567,26695,Marc Valiente Hernández,Defender,right,2,6.0,0.43161594145840354,"[{'season_label': '2012/2013', 'appearances': 1, 'avg_score': 6.0, 'avg_vaep': 0.29}, {'season_label': '2013/2014', 'appearances': 1, 'avg_score': 6.0, 'avg_vaep': 0.57}]","{'2012/2013': 4, '2013/2014': 4}"
68e4bdc2-4afc-c811-0cfb-cbec24f12770,27201,Víctor Pérez Alonso,Midfielder,right,1,6.06,0.3599471788111259,"[{'season_label': '2012/2013', 'appearances': 1, 'avg_score': 6.06, 'avg_vaep': 0.36}]",{'2012/2013': 22}
4cc05b35-c2f9-37c5-bd9e-7d41d3686fff,7105,Fabián Ariel Orellana Valenzuela,Attacker,right,14,6.292142857142857,0.40996679593328217,"[{'season_label': '2012/2013', 'appearances': 2, 'avg_score': 6.28, 'avg_vaep': 0.34}, {'season_label': '2013/2014', 'appearances': 2, 'avg_score': 6.17, 'avg_vaep': 0.31}, {'season_label': '2014/2015', 'appearances': 2, 'avg_score': 6.12, 'avg_vaep': 0.24}, {'season_label': '2015/2016', 'appearances': 1, 'avg_score': 6.45, 'avg_vaep': 0.57}, {'season_label': '2016/2017', 'appearances': 1, 'avg_score': 6.02, 'avg_vaep': 0.17}, {'season_label': '2017/2018', 'appearances': 2, 'avg_score': 6.57, 'avg_vaep': 0.44}, {'season_label': '2018/2019', 'appearances': 2, 'avg_score': 6.48, 'avg_vaep': 1.01}, {'season_label': '2019/2020', 'appearances': 1, 'avg_score': 6.12, 'avg_vaep': 0.05}, {'season_label': '2020/2021', 'appearances': 1, 'avg_score': 6.26, 'avg_vaep': 0.25}]","{'2012/2013': 19, '2013/2014': 14, '2014/2015': 14, '2015/2016': 14, '2016/2017': 15, '2017/2018': 14, '2018/2019': 14, '2019/2020': 12, '2020/2021': 2}"
4e506257-1663-0673-6b63-d7e6c9f6d693,10731,Gabriel Andrei Torje,Attacker,right,3,6.153333333333333,0.21389920705951226,"[{'season_label': '2012/2013', 'appearances': 2, 'avg_score': 6.09, 'avg_vaep': 0.35}, {'season_label': '2013/2014', 'appearances': 1, 'avg_score': 6.28, 'avg_vaep': -0.06}]","{'2012/2013': 22, '2013/2014': 25}"
8337a736-5ec4-4f3d-6543-4a5ea4d73d17,11165,Yacine Brahimi,Attacker,right,3,6.363333333333333,0.1461481084334082,"[{'season_label': '2012/2013', 'appearances': 2, 'avg_score': 6.16, 'avg_vaep': 0.04}, {'season_label': '2013/2014', 'appearances': 1, 'avg_score': 6.78, 'avg_vaep': 0.37}]","{'2012/2013': 3, '2013/2014': 10}"
0a7c5acf-d5d2-e3f8-c5ef-b3a9f9f465f3,27109,Youssef El-Arabi,Attacker,right,5,6.4159999999999995,0.6307884803274646,"[{'season_label': '2012/2013', 'appearances': 2, 'avg_score': 6.11, 'avg_vaep': 0.64}, {'season_label': '2013/2014', 'appearances': 1, 'avg_score': 7.32, 'avg_vaep': 0.31}, {'season_label': '2014/2015', 'appearances': 1, 'avg_score': 6.41, 'avg_vaep': 0.5}, {'season_label': '2015/2016', 'appearances': 1, 'avg_score': 6.13, 'avg_vaep': 1.06}]","{'2012/2013': 9, '2013/2014': 9, '2014/2015': 9, '2015/2016': 9}"
5b80518d-fa5c-c096-6a11-e1cd13e71721,27110,Antonio Floro Flores,Attacker,right,1,6.04,0.7772939887872781,"[{'season_label': '2012/2013', 'appearances': 1, 'avg_score': 6.04, 'avg_vaep': 0.78}]",{'2012/2013': 7}
ecdcd675-b3a4-cbb5-578b-af72f255ec21,3623,Adrián San Miguel del Castillo,GK,right,2,6.045,0.3521867660074349,"[{'season_label': '2012/2013', 'appearances': 2, 'avg_score': 6.04, 'avg_vaep': 0.35}]",{'2012/2013': 13}
a084f26f-690d-bc23-a52e-67027693f2b2,5581,Joel Nathaniel Campbell Samuels,Attacker,left,2,6.0,0.2517307940761384,"[{'season_label': '2012/2013', 'appearances': 2, 'avg_score': 6.0, 'avg_vaep': 0.25}]",{'2012/2013': 15}
ef52eb83-68b6-c043-4f0a-44527ffbd9e9,24143,Álvaro Vadillo Cifuentes,Attacker,right,6,6.376666666666666,0.21167936583272726,"[{'season_label': '2012/2013', 'appearances': 2, 'avg_score': 6.04, 'avg_vaep': 0.18}, {'season_label': '2013/2014', 'appearances': 2, 'avg_score': 6.44, 'avg_vaep': 0.36}, {'season_label': '2018/2019', 'appearances': 2, 'avg_score': 6.65, 'avg_vaep': 0.09}]","{'2012/2013': 9, '2013/2014': 7, '2018/2019': 7, '2019/2020': 7}"
c84f741b-048a-0721-739a-c52c241ba5df,25022,Alejandro Martínez Sánchez,Defender,left,1,6.1,0.9433296113893448,"[{'season_label': '2012/2013', 'appearances': 1, 'avg_score': 6.1, 'avg_vaep': 0.94}]","{'2012/2013': 6, '2016/2017': 3}"
76565ca9-1f9b-e865-0a0f-81f0d5de106b,26257,Dorlan Mauricio Pabón Ríos,Attacker,right,2,6.87,0.1577382037658026,"[{'season_label': '2012/2013', 'appearances': 1, 'avg_score': 6.95, 'avg_vaep': 0.24}, {'season_label': '2013/2014', 'appearances': 1, 'avg_score': 6.79, 'avg_vaep': 0.08}]","{'2012/2013': 22, '2013/2014': 11}"
dfa61f05-64c8-bfb6-28a3-54da42279660,27144,Antonio Amaya Carazo,Defender,right,5,6.0,0.3915807403245708,"[{'season_label': '2012/2013', 'appearances': 2, 'avg_score': 6.0, 'avg_vaep': 0.06}, {'season_label': '2013/2014', 'appearances': 1, 'avg_score': 6.0, 'avg_vaep': 0.47}, {'season_label': '2014/2015', 'appearances': 1, 'avg_score': 6.0, 'avg_vaep': 0.58}, {'season_label': '2015/2016', 'appearances': 1, 'avg_score': 6.0, 'avg_vaep': 0.79}]","{'2012/2013': 4, '2013/2014': 4, '2014/2015': 4, '2015/2016': 4}"
b5628fed-964d-280a-ab18-f11d1afcd3fe,27145,Emmanuel Nosakhare Igiebor,Midfielder,right,1,6.06,0.4693195387626474,"[{'season_label': '2012/2013', 'appearances': 1, 'avg_score': 6.06, 'avg_vaep': 0.47}]",{'2012/2013': 20}
5a7b238b-a0f6-502e-5d6b-e14424b20ded,5217,Iago Aspas Juncal,Attacker,left,11,7.096363636363637,0.35333256147416914,"[{'season_label': '2012/2013', 'appearances': 1, 'avg_score': 7.11, 'avg_vaep': 0.21}, {'season_label': '2014/2015', 'appearances': 1, 'avg_score': 6.03, 'avg_vaep': -0.03}, {'season_label': '2015/2016', 'appearances': 1, 'avg_score': 8.77, 'avg_vaep': 0.5}, {'season_label': '2016/2017', 'appearances': 1, 'avg_score': 7.59, 'avg_vaep': 0.68}, {'season_label': '2017/2018', 'appearances': 1, 'avg_score': 6.01, 'avg_vaep': 0.28}, {'season_label': '2018/2019', 'appearances': 2, 'avg_score': 6.95, 'avg_vaep': 0.31}, {'season_label': '2019/2020', 'appearances': 2, 'avg_score': 6.19, 'avg_vaep': 0.25}, {'season_label': '2020/2021', 'appearances': 2, 'avg_score': 8.14, 'avg_vaep': 0.56}]","{'2012/2013': 10, '2014/2015': 14, '2015/2016': 9, '2016/2017': 10, '2017/2018': 10, '2018/2019': 10, '2019/2020': 10, '2020/2021': 10}"
495360cb-f18a-7d50-04ff-72f49254e069,6356,Michael Krohn-Dehli,Attacker,right,6,6.401666666666666,0.43346462420595344,"[{'season_label': '2012/2013', 'appearances': 1, 'avg_score': 6.04, 'avg_vaep': 0.53}, {'season_label': '2014/2015', 'appearances': 2, 'avg_score': 6.12, 'avg_vaep': 0.54}, {'season_label': '2015/2016', 'appearances': 2, 'avg_score': 6.81, 'avg_vaep': 0.5}, {'season_label': '2020/2021', 'appearances': 1, 'avg_score': 6.5, 'avg_vaep': 0.01}]","{'2012/2013': 23, '2014/2015': 23, '2015/2016': 7, '2020/2021': 14}"
5faf461e-ff30-9967-1ad6-3c6f3f094f7f,6805,Hugo Mallo Novegil,Defender,right,12,6.1575,0.5000389197712897,"[{'season_label': '2012/2013', 'appearances': 1, 'avg_score': 6.0, 'avg_vaep': 0.21}, {'season_label': '2013/2014', 'appearances': 2, 'avg_score': 6.12, 'avg_vaep': 0.75}, {'season_label': '2014/2015', 'appearances': 2, 'avg_score': 6.12, 'avg_vaep': 0.74}, {'season_label': '2015/2016', 'appearances': 2, 'avg_score': 6.08, 'avg_vaep': 0.44}, {'season_label': '2016/2017', 'appearances': 1, 'avg_score': 6.05, 'avg_vaep': 0.28}, {'season_label': '2017/2018', 'appearances': 1, 'avg_score': 6.1, 'avg_vaep': 0.54}, {'season_label': '2018/2019', 'appearances': 1, 'avg_score': 6.18, 'avg_vaep': -0.07}, {'season_label': '2019/2020', 'appearances': 1, 'avg_score': 6.66, 'avg_vaep': 0.21}, {'season_label': '2020/2021', 'appearances': 1, 'avg_score': 6.25, 'avg_vaep': 0.98}]","{'2012/2013': 2, '2013/2014': 2, '2014/2015': 2, '2015/2016': 2, '2016/2017': 2, '2017/2018': 2, '2018/2019': 2, '2019/2020': 2, '2020/2021': 2}"
97c62a53-3e5f-e5ff-bbe8-d57be31b7063,19668,Augusto Matías Fernández,Attacker,right,8,6.32125,0.595781332950537,"[{'season_label': '2012/2013', 'appearances': 2, 'avg_score': 6.28, 'avg_vaep': 1.0}, {'season_label': '2013/2014', 'appearances': 2, 'avg_score': 6.63, 'avg_vaep': 0.88}, {'season_label': '2014/2015', 'appearances': 1, 'avg_score': 6.33, 'avg_vaep': 0.92}, {'season_label': '2015/2016', 'appearances': 2, 'avg_score': 6.21, 'avg_vaep': 0.04}, {'season_label': '2019/2020', 'appearances': 1, 'avg_score': 6.0, 'avg_vaep': 0.02}]","{'2012/2013': 24, '2013/2014': 24, '2014/2015': 24, '2015/2016': 12, '2019/2020': 17}"
e40dfc94-3a07-2c76-5a6e-cf618443d386,25986,Borja Oubiña Meléndez,Midfielder,right,4,6.2925,0.4221622141003536,"[{'season_label': '2012/2013', 'appearances': 2, 'avg_score': 6.37, 'avg_vaep': 0.57}, {'season_label': '2013/2014', 'appearances': 2, 'avg_score': 6.22, 'avg_vaep': 0.27}]","{'2012/2013': 4, '2013/2014': 4}"
b9d6b4f1-3602-d540-206e-a2911ad2245d,26511,Enrique de Lucas Martínez,Midfielder,right,2,6.0,0.14684804954231367,"[{'season_label': '2012/2013', 'appearances': 2, 'avg_score': 6.0, 'avg_vaep': 0.15}]",{'2012/2013': 22}
469825fb-94f9-782f-5442-5c4673f53011,26617,Mario Bermejo Castanedo,Attacker,right,3,6.56,0.16444789993208056,"[{'season_label': '2012/2013', 'appearances': 2, 'avg_score': 6.84, 'avg_vaep': 0.14}, {'season_label': '2013/2014', 'appearances': 1, 'avg_score': 6.0, 'avg_vaep': 0.21}]","{'2012/2013': 9, '2013/2014': 9}"
a8cbe7cb-86fe-200a-4a80-40b74844af2a,27054,Roberto Lago Soto,Defender,left,4,6.0225,0.38344839780666007,"[{'season_label': '2012/2013', 'appearances': 2, 'avg_score': 6.04, 'avg_vaep': 0.37}, {'season_label': '2014/2015', 'appearances': 1, 'avg_score': 6.0, 'avg_vaep': 0.61}, {'season_label': '2015/2016', 'appearances': 1, 'avg_score': 6.01, 'avg_vaep': 0.17}]","{'2012/2013': 3, '2013/2014': 3, '2014/2015': 3, '2015/2016': 3}"
647eb89e-04e0-5801-9792-46bd0d2ec15b,27055,Chu-Young Park,Attacker,right,2,6.0,0.12975099524192046,"[{'season_label': '2012/2013', 'appearances': 2, 'avg_score': 6.0, 'avg_vaep': 0.13}]",{'2012/2013': 18}
54dad358-824f-03aa-b794-d5b5567cf2cd,27194,Antonio Rodríguez Dovale,Attacker,left,2,6.0,0.1828271387857967,"[{'season_label': '2012/2013', 'appearances': 1, 'avg_score': 6.0, 'avg_vaep': 0.04}, {'season_label': '2013/2014', 'appearances': 1, 'avg_score': 6.0, 'avg_vaep': 0.33}]","{'2012/2013': 20, '2013/2014': 20}"
7dea0e3b-f353-aa76-b7af-76ad8b70b186,27196,Jonathan Vila Pereira,Defender,right,1,6.0,0.12661888547881972,"[{'season_label': '2012/2013', 'appearances': 1, 'avg_score': 6.0, 'avg_vaep': 0.13}]",{'2012/2013': 6}
41e390a2-713f-4e22-b04f-b88951945b84,27198,Andrés José Túñez Arceo,Defender,left,1,6.11,-0.14611340589544852,"[{'season_label': '2012/2013', 'appearances': 1, 'avg_score': 6.11, 'avg_vaep': -0.15}]",{'2012/2013': 5}
346d715d-4e52-189a-1062-be75b07b2b9f,27200,Alejandro López Sánchez,Midfielder,right,3,6.239999999999999,0.48671255926395435,"[{'season_label': '2012/2013', 'appearances': 1, 'avg_score': 6.34, 'avg_vaep': -0.04}, {'season_label': '2013/2014', 'appearances': 2, 'avg_score': 6.19, 'avg_vaep': 0.75}]","{'2012/2013': 8, '2013/2014': 8, '2014/2015': 8}"
d02e9bdc-27a8-94e8-82fa-0c9055c99722,5563,José Andrés Guardado Hernández,Attacker,left,8,6.39,0.7487895299066167,"[{'season_label': '2012/2013', 'appearances': 2, 'avg_score': 6.38, 'avg_vaep': 0.83}, {'season_label': '2013/2014', 'appearances': 1, 'avg_score': 6.09, 'avg_vaep': 0.24}, {'season_label': '2017/2018', 'appearances': 2, 'avg_score': 6.39, 'avg_vaep': 0.7}, {'season_label': '2019/2020', 'appearances': 1, 'avg_score': 6.18, 'avg_vaep': 0.52}, {'season_label': '2020/2021', 'appearances': 2, 'avg_score': 6.66, 'avg_vaep': 1.08}]","{'2012/2013': 17, '2013/2014': 18, '2017/2018': 18, '2019/2020': 18, '2020/2021': 18}"
83d10539-3b3a-4b74-6006-80deca304e97,15651,Juan Bernat Velasco,Attacker,left,2,6.050000000000001,0.1606038331392483,"[{'season_label': '2012/2013', 'appearances': 1, 'avg_score': 6.03, 'avg_vaep': 0.12}, {'season_label': '2013/2014', 'appearances': 1, 'avg_score': 6.07, 'avg_vaep': 0.21}]","{'2012/2013': 28, '2013/2014': 14}"
5fd3864b-73ab-0f55-a568-774e589ccfcf,20138,João Pedro da Silva Pereira,Defender,right,3,6.226666666666667,0.42661698293826095,"[{'season_label': '2012/2013', 'appearances': 2, 'avg_score': 6.2, 'avg_vaep': 0.4}, {'season_label': '2013/2014', 'appearances': 1, 'avg_score': 6.29, 'avg_vaep': 0.47}]","{'2012/2013': 12, '2013/2014': 12}"
4064e4d8-85e4-be96-6c60-0e071394c636,27146,Aly Cissokho,Defender,left,2,6.0600000000000005,0.2114347292936145,"[{'season_label': '2012/2013', 'appearances': 2, 'avg_score': 6.06, 'avg_vaep': 0.21}]",{'2012/2013': 3}
5cc3749a-6e56-ef6d-6567-35dff9176074,6923,Joaquín Navarro Jiménez,Defender,right,8,6.04125,0.4541210503853108,"[{'season_label': '2012/2013', 'appearances': 1, 'avg_score': 6.0, 'avg_vaep': 0.61}, {'season_label': '2014/2015', 'appearances': 2, 'avg_score': 6.03, 'avg_vaep': 0.42}, {'season_label': '2017/2018', 'appearances': 1, 'avg_score': 6.0, 'avg_vaep': 0.32}, {'season_label': '2018/2019', 'appearances': 1, 'avg_score': 6.0, 'avg_vaep': 0.51}, {'season_label': '2019/2020', 'appearances': 1, 'avg_score': 6.0, 'avg_vaep': 0.05}, {'season_label': '2020/2021', 'appearances': 2, 'avg_score': 6.13, 'avg_vaep': 0.65}]","{'2012/2013': 27, '2014/2015': 4, '2017/2018': 15, '2018/2019': 23, '2019/2020': 23, '2020/2021': 22}"
a43bf030-e75e-0614-6164-67f596075f14,16093,Marc Fernández Gràcia,Defender,right,1,6.0,0.10905367313534953,"[{'season_label': '2012/2013', 'appearances': 1, 'avg_score': 6.0, 'avg_vaep': 0.11}]",{'2012/2013': 35}
5122eee5-a7e2-7681-9477-5f68037e2ebc,25261,Pedro Tonon Geromel,Defender,right,1,6.0,0.5953631853062689,"[{'season_label': '2012/2013', 'appearances': 1, 'avg_score': 6.0, 'avg_vaep': 0.6}]",{'2012/2013': 14}
3b7dc46b-b8c1-cd27-c5e2-59d59aec73f3,27456,Anderson Conceição Benedito,Defender,left,1,6.0,0.6306315090841963,"[{'season_label': '2012/2013', 'appearances': 1, 'avg_score': 6.0, 'avg_vaep': 0.63}]",{'2012/2013': 4}
6d6968d8-7c24-0c69-9190-e2d8c029fa9d,3477,Álvaro Borja Morata Martín,Attacker,right,5,6.39,0.3083365584112471,"[{'season_label': '2012/2013', 'appearances': 1, 'avg_score': 6.89, 'avg_vaep': 0.65}, {'season_label': '2013/2014', 'appearances': 1, 'avg_score': 6.0, 'avg_vaep': 0.01}, {'season_label': '2017/2018', 'appearances': 1, 'avg_score': 6.0, 'avg_vaep': -0.03}, {'season_label': '2018/2019', 'appearances': 2, 'avg_score': 6.53, 'avg_vaep': 0.46}]","{'2012/2013': 29, '2013/2014': 21, '2016/2017': 21, '2017/2018': 22, '2018/2019': 9}"
2d1ef8f3-9d2c-1590-daf9-a3737c8a931d,5463,Luka Modrić,Midfielder,right,16,6.384375,0.3846673386110524,"[{'season_label': '2012/2013', 'appearances': 1, 'avg_score': 6.19, 'avg_vaep': 0.18}, {'season_label': '2013/2014', 'appearances': 2, 'avg_score': 6.38, 'avg_vaep': 0.66}, {'season_label': '2014/2015', 'appearances': 2, 'avg_score': 6.33, 'avg_vaep': 0.91}, {'season_label': '2015/2016', 'appearances': 2, 'avg_score': 6.25, 'avg_vaep': -0.12}, {'season_label': '2016/2017', 'appearances': 2, 'avg_score': 6.54, 'avg_vaep': 0.53}, {'season_label': '2017/2018', 'appearances': 1, 'avg_score': 6.97, 'avg_vaep': 0.72}, {'season_label': '2018/2019', 'appearances': 2, 'avg_score': 6.0, 'avg_vaep': 0.16}, {'season_label': '2019/2020', 'appearances': 2, 'avg_score': 6.11, 'avg_vaep': 0.14}, {'season_label': '2020/2021', 'appearances': 2, 'avg_score': 6.88, 'avg_vaep': 0.34}]","{'2012/2013': 19, '2013/2014': 19, '2014/2015': 19, '2015/2016': 19, '2016/2017': 19, '2017/2018': 10, '2018/2019': 10, '2019/2020': 10, '2020/2021': 10}"
d7b431b1-a0cc-5f03-2399-870ff4710743,5485,Raphaël Varane,Defender,right,12,6.274166666666667,0.3313337803075835,"[{'season_label': '2012/2013', 'appearances': 1, 'avg_score': 6.0, 'avg_vaep': 0.12}, {'season_label': '2013/2014', 'appearances': 2, 'avg_score': 6.1, 'avg_vaep': 0.08}, {'season_label': '2014/2015', 'appearances': 1, 'avg_score': 6.0, 'avg_vaep': 0.12}, {'season_label': '2015/2016', 'appearances': 1, 'avg_score': 6.7, 'avg_vaep': 0.51}, {'season_label': '2016/2017', 'appearances': 1, 'avg_score': 6.53, 'avg_vaep': 0.49}, {'season_label': '2017/2018', 'appearances': 1, 'avg_score': 6.31, 'avg_vaep': 0.45}, {'season_label': '2018/2019', 'appearances': 2, 'avg_score': 6.05, 'avg_vaep': 0.45}, {'season_label': '2019/2020', 'appearances': 1, 'avg_score': 6.98, 'avg_vaep': 0.12}, {'season_label': '2020/2021', 'appearances': 2, 'avg_score': 6.24, 'avg_vaep': 0.55}]","{'2012/2013': 2, '2013/2014': 2, '2014/2015': 2, '2015/2016': 2, '2016/2017': 5, '2017/2018': 5, '2018/2019': 5, '2019/2020': 5, '2020/2021': 5}"
218a6beb-a67c-e304-1623-5c45f0357c20,27113,Michael Essien,Attacker,right,2,6.0,0.2670652121223611,"[{'season_label': '2012/2013', 'appearances': 2, 'avg_score': 6.0, 'avg_vaep': 0.27}]",{'2012/2013': 15}
8a1276c2-5f5e-fe85-f0fc-4020fbf5b4f8,6868,Bruno Alexandre Vilela Gama,Attacker,right,4,6.0775,0.3174941909737754,"[{'season_label': '2012/2013', 'appearances': 2, 'avg_score': 6.12, 'avg_vaep': 0.62}, {'season_label': '2016/2017', 'appearances': 2, 'avg_score': 6.03, 'avg_vaep': 0.02}]","{'2012/2013': 16, '2016/2017': 21}"
47e57c48-36ae-0c44-f774-f9d8497e0b4f,10325,Luís Miguel Afonso Fernandes,Attacker,right,3,7.006666666666667,0.3983313367255808,"[{'season_label': '2012/2013', 'appearances': 2, 'avg_score': 7.2, 'avg_vaep': 0.47}, {'season_label': '2013/2014', 'appearances': 1, 'avg_score': 6.62, 'avg_vaep': 0.25}]","{'2012/2013': 9, '2013/2014': 10}"
caad81eb-b701-ccc8-e872-e601af4f56d1,20137,Nélson Miguel Castro Oliveira,Attacker,right,2,6.115,0.808430392405171,"[{'season_label': '2012/2013', 'appearances': 2, 'avg_score': 6.12, 'avg_vaep': 0.81}]",{'2012/2013': 25}
5b6f6f2d-f2bd-1f46-1a19-c19f65161223,23806,Alejandro Bergantiños García,Midfielder,right,6,6.073333333333333,0.47090462044191855,"[{'season_label': '2012/2013', 'appearances': 1, 'avg_score': 6.08, 'avg_vaep': 0.55}, {'season_label': '2014/2015', 'appearances': 2, 'avg_score': 6.03, 'avg_vaep': 0.53}, {'season_label': '2015/2016', 'appearances': 2, 'avg_score': 6.12, 'avg_vaep': 0.54}, {'season_label': '2016/2017', 'appearances': 1, 'avg_score': 6.06, 'avg_vaep': 0.13}]","{'2012/2013': 4, '2014/2015': 4, '2015/2016': 4, '2016/2017': 4}"
6dac7e59-aaca-e96b-d6b9-ec6b9afa1e4c,26055,Iván Sánchez Rico Soto,Attacker,left,1,6.34,0.24649111135295243,"[{'season_label': '2012/2013', 'appearances': 1, 'avg_score': 6.34, 'avg_vaep': 0.25}]",{'2012/2013': 11}
06105c85-f981-efa4-01be-2fb19ae27fbe,26222,José Eduardo Rosa Vale de Castro,Defender,right,3,6.260000000000001,0.43151125284627295,"[{'season_label': '2012/2013', 'appearances': 1, 'avg_score': 6.13, 'avg_vaep': 0.64}, {'season_label': '2013/2014', 'appearances': 1, 'avg_score': 6.07, 'avg_vaep': 0.39}, {'season_label': '2015/2016', 'appearances': 1, 'avg_score': 6.58, 'avg_vaep': 0.26}]","{'2012/2013': 5, '2013/2014': 18, '2015/2016': 18}"
9d02d64b-8e1e-f438-9b2c-a1f4c19b2497,27191,Diogo Ferreira Salomão,Attacker,left,3,6.276666666666666,0.22890646327020173,"[{'season_label': '2012/2013', 'appearances': 2, 'avg_score': 6.0, 'avg_vaep': 0.13}, {'season_label': '2014/2015', 'appearances': 1, 'avg_score': 6.83, 'avg_vaep': 0.42}]","{'2012/2013': 22, '2014/2015': 17}"
11704817-e347-269b-7254-e744b5e22dac,6611,Ángel Luis Rodríguez Díaz,Attacker,right,7,6.347142857142857,0.27109743733334263,"[{'season_label': '2012/2013', 'appearances': 1, 'avg_score': 6.22, 'avg_vaep': 0.06}, {'season_label': '2013/2014', 'appearances': 1, 'avg_score': 6.0, 'avg_vaep': 0.05}, {'season_label': '2017/2018', 'appearances': 2, 'avg_score': 6.4, 'avg_vaep': 0.42}, {'season_label': '2018/2019', 'appearances': 1, 'avg_score': 6.98, 'avg_vaep': 0.39}, {'season_label': '2019/2020', 'appearances': 1, 'avg_score': 6.36, 'avg_vaep': 0.21}, {'season_label': '2020/2021', 'appearances': 1, 'avg_score': 6.06, 'avg_vaep': 0.36}]","{'2012/2013': 9, '2013/2014': 9, '2017/2018': 9, '2018/2019': 9, '2019/2020': 9, '2020/2021': 9}"
b983273d-87ce-44ae-c575-95123cee4c62,11301,Miguel Alfonso Herrero Javaloyas,Midfielder,right,7,6.145714285714285,0.586206356825122,"[{'season_label': '2012/2013', 'appearances': 1, 'avg_score': 6.0, 'avg_vaep': 0.04}, {'season_label': '2013/2014', 'appearances': 2, 'avg_score': 6.08, 'avg_vaep': 0.2}, {'season_label': '2014/2015', 'appearances': 1, 'avg_score': 6.06, 'avg_vaep': 0.99}, {'season_label': '2017/2018', 'appearances': 1, 'avg_score': 6.38, 'avg_vaep': 0.79}, {'season_label': '2018/2019', 'appearances': 1, 'avg_score': 6.43, 'avg_vaep': 1.59}, {'season_label': '2019/2020', 'appearances': 1, 'avg_score': 6.0, 'avg_vaep': 0.29}]","{'2012/2013': 21, '2013/2014': 24, '2014/2015': 21, '2017/2018': 21, '2018/2019': 21, '2019/2020': 21}"
4cbec8ee-db31-409d-6743-850ebd69dd63,27142,Christian Lell,Defender,right,1,6.0,0.7170843988933484,"[{'season_label': '2012/2013', 'appearances': 1, 'avg_score': 6.0, 'avg_vaep': 0.72}]",{'2012/2013': 22}
d5a77a8c-3d8f-e59c-e526-2af34a4d1c4b,27143,Obafemi Akinwunmi Martins,Attacker,right,1,6.85,0.4311552088402095,"[{'season_label': '2012/2013', 'appearances': 1, 'avg_score': 6.85, 'avg_vaep': 0.43}]",{'2012/2013': 24}
3a30be93-eb45-566a-90f4-e95ee72a089a,3290,Federico Fernández,Midfielder,,0,,,[],{'2012/2013': 12}
72c25197-b6a4-9181-6d9a-84b42d7205f0,6402,Francisco Alcácer García,Attacker,right,40,6.396,0.15722490751732038,"[{'season_label': '2013/2014', 'appearances': 1, 'avg_score': 6.61, 'avg_vaep': -0.02}, {'season_label': '2014/2015', 'appearances': 2, 'avg_score': 6.62, 'avg_vaep': 0.28}, {'season_label': '2015/2016', 'appearances': 2, 'avg_score': 6.18, 'avg_vaep': 0.27}, {'season_label': '2016/2017', 'appearances': 16, 'avg_score': 6.46, 'avg_vaep': 0.16}, {'season_label': '2018/2019', 'appearances': 1, 'avg_score': 6.0, 'avg_vaep': -0.04}, {'season_label': '2019/2020', 'appearances': 2, 'avg_score': 6.0, 'avg_vaep': 0.16}, {'season_label': '2020/2021', 'appearances': 16, 'avg_score': 6.39, 'avg_vaep': 0.15}]","{'2012/2013': 9, '2013/2014': 16, '2014/2015': 9, '2015/2016': 9, '2016/2017': 17, '2018/2019': 17, '2019/2020': 17, '2020/2021': 17}"
d582ac40-970f-9885-836a-61d7b2c662e4,6718,Sergio Escudero Palomo,Defender,left,8,6.2175,0.4160085138669274,"[{'season_label': '2012/2013', 'appearances': 1, 'avg_score': 6.01, 'avg_vaep': 0.73}, {'season_label': '2013/2014', 'appearances': 1, 'avg_score': 6.12, 'avg_vaep': 0.4}, {'season_label': '2014/2015', 'appearances': 1, 'avg_score': 6.0, 'avg_vaep': 0.09}, {'season_label': '2016/2017', 'appearances': 2, 'avg_score': 6.34, 'avg_vaep': 0.51}, {'season_label': '2019/2020', 'appearances': 1, 'avg_score': 6.18, 'avg_vaep': 0.42}, {'season_label': '2020/2021', 'appearances': 2, 'avg_score': 6.38, 'avg_vaep': 0.33}]","{'2012/2013': 16, '2013/2014': 18, '2014/2015': 18, '2015/2016': 18, '2016/2017': 18, '2018/2019': 18, '2019/2020': 18, '2020/2021': 18}"
31855831-2bd0-ee11-9b96-9167815a9a6a,26652,Adrián Colunga Pérez,Attacker,right,3,6.036666666666666,0.14731630921111596,"[{'season_label': '2012/2013', 'appearances': 2, 'avg_score': 6.05, 'avg_vaep': 0.08}, {'season_label': '2013/2014', 'appearances': 1, 'avg_score': 6.0, 'avg_vaep': 0.29}]","{'2012/2013': 11, '2013/2014': 11}"
192b955e-0401-3f68-cd45-460705d24d27,148129,Alberto Manuel Domínguez Rivas,Midfielder,,0,,,[],{'2012/2013': 33}
8836dbb1-5754-6d4d-0ad8-ba575bca0e17,27205,Christian Alfonso López,Attacker,right,1,6.03,0.03588473492709454,"[{'season_label': '2012/2013', 'appearances': 1, 'avg_score': 6.03, 'avg_vaep': 0.04}]",{'2012/2013': 24}
dbb240d2-3ce3-d732-b67b-cfbae5956b18,6802,Jonathan Castro Otto,Defender,right,8,6.2162500000000005,0.7013630354069846,"[{'season_label': '2012/2013', 'appearances': 1, 'avg_score': 6.0, 'avg_vaep': 0.49}, {'season_label': '2013/2014', 'appearances': 1, 'avg_score': 6.07, 'avg_vaep': 0.4}, {'season_label': '2014/2015', 'appearances': 2, 'avg_score': 6.0, 'avg_vaep': 0.62}, {'season_label': '2015/2016', 'appearances': 2, 'avg_score': 6.03, 'avg_vaep': 0.89}, {'season_label': '2016/2017', 'appearances': 1, 'avg_score': 6.09, 'avg_vaep': 0.76}, {'season_label': '2020/2021', 'appearances': 1, 'avg_score': 7.51, 'avg_vaep': 0.96}]","{'2012/2013': 28, '2013/2014': 19, '2014/2015': 19, '2015/2016': 19, '2016/2017': 19, '2020/2021': 19}"
94b2b0f4-b676-4b8b-ca29-501e0b26cc2c,20088,Danijel Pranjić,Midfielder,left,1,6.0,0.3410119639156619,"[{'season_label': '2012/2013', 'appearances': 1, 'avg_score': 6.0, 'avg_vaep': 0.34}]",{'2012/2013': 11}
e7c6bfb3-f0f6-2dd4-359b-d8a55a09d60b,27052,Lévy Clément Madinda,Attacker,right,3,6.06,0.11737041199739906,"[{'season_label': '2012/2013', 'appearances': 1, 'avg_score': 6.0, 'avg_vaep': 0.04}, {'season_label': '2013/2014', 'appearances': 1, 'avg_score': 6.18, 'avg_vaep': 0.31}, {'season_label': '2014/2015', 'appearances': 1, 'avg_score': 6.0, 'avg_vaep': -0.01}]","{'2012/2013': 29, '2013/2014': 17, '2014/2015': 17, '2015/2016': 17}"
313b45b0-9ddb-4059-c7c1-6b4078895c04,27056,Ignacio Insa Bohigues,Midfielder,right,1,6.37,0.5508054165766225,"[{'season_label': '2012/2013', 'appearances': 1, 'avg_score': 6.37, 'avg_vaep': 0.55}]",{'2012/2013': 25}
fdb6188f-1252-4bad-e185-eee34ddb0aaf,24042,Javier Ros Añón,Midfielder,right,2,6.0,0.0026595459967211355,"[{'season_label': '2012/2013', 'appearances': 1, 'avg_score': 6.0, 'avg_vaep': 0.01}, {'season_label': '2013/2014', 'appearances': 1, 'avg_score': 6.0, 'avg_vaep': -0.01}]","{'2012/2013': 23, '2013/2014': 23}"
cb4a597d-895f-0b34-add0-254c67f9c9ae,27088,Fernando Macedo Da Silva Rodilla,Defender,left,1,6.04,0.20698681072099134,"[{'season_label': '2012/2013', 'appearances': 1, 'avg_score': 6.04, 'avg_vaep': 0.21}]",{'2012/2013': 19}
c5d84b49-1de9-533a-b504-3b62c3d41057,27089,Raoul Cédric Loé,Midfielder,right,3,6.003333333333333,0.37978346868294466,"[{'season_label': '2012/2013', 'appearances': 2, 'avg_score': 6.0, 'avg_vaep': 0.25}, {'season_label': '2013/2014', 'appearances': 1, 'avg_score': 6.01, 'avg_vaep': 0.64}]","{'2012/2013': 23, '2013/2014': 23}"
f8b7aa3a-0d34-9d95-62b4-24160ad18612,6719,Franco Damián Vázquez,Midfielder,left,6,6.25,0.28965184894695994,"[{'season_label': '2012/2013', 'appearances': 1, 'avg_score': 6.0, 'avg_vaep': 0.12}, {'season_label': '2016/2017', 'appearances': 1, 'avg_score': 6.01, 'avg_vaep': 0.67}, {'season_label': '2017/2018', 'appearances': 2, 'avg_score': 6.08, 'avg_vaep': 0.17}, {'season_label': '2018/2019', 'appearances': 1, 'avg_score': 6.0, 'avg_vaep': -0.02}, {'season_label': '2020/2021', 'appearances': 1, 'avg_score': 7.32, 'avg_vaep': 0.64}]","{'2012/2013': 20, '2016/2017': 22, '2017/2018': 22, '2018/2019': 22, '2019/2020': 22, '2020/2021': 22}"
11e2ad6b-f993-00cd-3808-bb105b55d4b8,6730,Rubén Iván Martínez Andrade,GK,right,8,6.2175,0.4479045619475528,"[{'season_label': '2012/2013', 'appearances': 2, 'avg_score': 6.19, 'avg_vaep': 0.3}, {'season_label': '2013/2014', 'appearances': 2, 'avg_score': 6.67, 'avg_vaep': 0.47}, {'season_label': '2014/2015', 'appearances': 1, 'avg_score': 6.03, 'avg_vaep': 0.67}, {'season_label': '2015/2016', 'appearances': 1, 'avg_score': 6.0, 'avg_vaep': 0.25}, {'season_label': '2020/2021', 'appearances': 2, 'avg_score': 6.0, 'avg_vaep': 0.56}]","{'2012/2013': 1, '2013/2014': 13, '2014/2015': 25, '2015/2016': 13, '2018/2019': 13, '2019/2020': 13, '2020/2021': 13}"
8ab70731-b155-3f17-c11a-3bbc87e0b605,6761,Leonardo Carrilho Baptistão,Attacker,right,9,6.183333333333334,0.434931323940974,"[{'season_label': '2012/2013', 'appearances': 1, 'avg_score': 6.16, 'avg_vaep': 0.15}, {'season_label': '2013/2014', 'appearances': 1, 'avg_score': 6.2, 'avg_vaep': 0.87}, {'season_label': '2014/2015', 'appearances': 2, 'avg_score': 6.2, 'avg_vaep': 0.45}, {'season_label': '2015/2016', 'appearances': 1, 'avg_score': 6.0, 'avg_vaep': -0.01}, {'season_label': '2016/2017', 'appearances': 1, 'avg_score': 6.27, 'avg_vaep': 0.11}, {'season_label': '2017/2018', 'appearances': 1, 'avg_score': 6.0, 'avg_vaep': 0.17}, {'season_label': '2020/2021', 'appearances': 2, 'avg_score': 6.31, 'avg_vaep': 0.86}]","{'2012/2013': 29, '2013/2014': 6, '2014/2015': 19, '2015/2016': 10, '2016/2017': 11, '2017/2018': 11, '2020/2021': 11}"
4e246a38-1baf-2ce0-38b3-b0f82c7d6fb4,6924,Alejandro Gálvez Jimena,Defender,right,6,6.0183333333333335,0.40280990081100754,"[{'season_label': '2012/2013', 'appearances': 1, 'avg_score': 6.03, 'avg_vaep': 0.44}, {'season_label': '2013/2014', 'appearances': 1, 'avg_score': 6.08, 'avg_vaep': 0.65}, {'season_label': '2016/2017', 'appearances': 1, 'avg_score': 6.0, 'avg_vaep': 0.05}, {'season_label': '2017/2018', 'appearances': 1, 'avg_score': 6.0, 'avg_vaep': 0.23}, {'season_label': '2020/2021', 'appearances': 2, 'avg_score': 6.0, 'avg_vaep': 0.52}]","{'2012/2013': 5, '2013/2014': 5, '2016/2017': 3, '2017/2018': 23, '2020/2021': 20}"
749b3dec-12de-e44c-9594-af615a9de86b,8803,Daniel Giménez Hernández,Midfielder,,0,,,[],"{'2012/2013': 13, '2015/2016': 1, '2016/2017': 1, '2020/2021': 1}"
b395e787-4937-84fd-029b-c43419fe064b,26646,Alejandro Damián Domínguez,Midfielder,right,2,6.4350000000000005,0.6381257495149839,"[{'season_label': '2012/2013', 'appearances': 2, 'avg_score': 6.44, 'avg_vaep': 0.64}]",{'2012/2013': 11}
0121fc02-bb75-0488-e774-fff937545734,27120,Nicki Niels Bille Nielsen,Defender,right,1,6.0,0.06286029017428518,"[{'season_label': '2012/2013', 'appearances': 1, 'avg_score': 6.0, 'avg_vaep': 0.06}]",{'2012/2013': 14}
8819159f-9246-232e-d129-9a7414448ab4,5256,Cristian Gabriel Rodríguez Barrotti,Attacker,left,2,6.0,0.016691436170731322,"[{'season_label': '2012/2013', 'appearances': 1, 'avg_score': 6.0, 'avg_vaep': -0.0}, {'season_label': '2013/2014', 'appearances': 1, 'avg_score': 6.0, 'avg_vaep': 0.03}]","{'2012/2013': 11, '2013/2014': 11}"
49ca0382-2497-d26a-3943-d5084ed59130,12021,Óliver Torres Muñoz,Midfielder,right,6,6.015000000000001,0.08971295966360533,"[{'season_label': '2012/2013', 'appearances': 1, 'avg_score': 6.0, 'avg_vaep': 0.28}, {'season_label': '2015/2016', 'appearances': 1, 'avg_score': 6.08, 'avg_vaep': 0.79}, {'season_label': '2018/2019', 'appearances': 2, 'avg_score': 6.0, 'avg_vaep': -0.22}, {'season_label': '2019/2020', 'appearances': 2, 'avg_score': 6.0, 'avg_vaep': -0.05}]","{'2012/2013': 30, '2015/2016': 10, '2018/2019': 21, '2019/2020': 21}"
46994a3c-d8d9-43d0-3b44-b8fc9792d435,12626,Emiliano Adrián Insúa Zapata,Defender,left,3,6.06,0.4485623172713531,"[{'season_label': '2012/2013', 'appearances': 1, 'avg_score': 6.04, 'avg_vaep': 0.63}, {'season_label': '2014/2015', 'appearances': 2, 'avg_score': 6.07, 'avg_vaep': 0.36}]","{'2012/2013': 22, '2014/2015': 14}"
a1b9f805-0fb2-46fb-ec45-4302f6c14e22,6589,Geoffrey Kondogbia,Midfielder,left,9,6.042222222222223,0.3684067899100935,"[{'season_label': '2012/2013', 'appearances': 2, 'avg_score': 6.0, 'avg_vaep': 0.23}, {'season_label': '2017/2018', 'appearances': 2, 'avg_score': 6.0, 'avg_vaep': 0.23}, {'season_label': '2018/2019', 'appearances': 1, 'avg_score': 6.07, 'avg_vaep': 0.76}, {'season_label': '2019/2020', 'appearances': 2, 'avg_score': 6.0, 'avg_vaep': 0.17}, {'season_label': '2020/2021', 'appearances': 2, 'avg_score': 6.16, 'avg_vaep': 0.64}]","{'2012/2013': 22, '2017/2018': 6, '2018/2019': 6, '2019/2020': 4, '2020/2021': 16}"
a47cab1d-f307-c338-b684-3eb72d9ee91e,26396,Hedwiges Maduro,Midfielder,right,2,6.0600000000000005,0.2789012453886244,"[{'season_label': '2012/2013', 'appearances': 2, 'avg_score': 6.06, 'avg_vaep': 0.28}]",{'2012/2013': 12}
ececd3cf-f01b-b613-7f05-78be5337a5f2,27119,Alex Sandro Mendonça Dos Santos,Defender,right,1,6.0,0.21145857757073827,"[{'season_label': '2012/2013', 'appearances': 1, 'avg_score': 6.0, 'avg_vaep': 0.21}]",{'2012/2013': 21}
5a299bb7-ced0-e7c3-ff4f-32cf114d1391,10755,Jonathan Viera Ramos,Attacker,right,8,6.61,0.3373613431983813,"[{'season_label': '2012/2013', 'appearances': 1, 'avg_score': 6.0, 'avg_vaep': 0.01}, {'season_label': '2013/2014', 'appearances': 2, 'avg_score': 6.08, 'avg_vaep': 0.17}, {'season_label': '2015/2016', 'appearances': 2, 'avg_score': 7.26, 'avg_vaep': 0.48}, {'season_label': '2016/2017', 'appearances': 2, 'avg_score': 6.62, 'avg_vaep': 0.43}, {'season_label': '2020/2021', 'appearances': 1, 'avg_score': 6.96, 'avg_vaep': 0.53}]","{'2012/2013': 15, '2013/2014': 19, '2015/2016': 20, '2016/2017': 21, '2020/2021': 21}"
93fb03ef-cd98-ca5a-a136-ff9f761c9c2d,26036,Fernando Rubén Gago,Midfielder,right,1,6.0,0.19915521046823415,"[{'season_label': '2012/2013', 'appearances': 1, 'avg_score': 6.0, 'avg_vaep': 0.2}]",{'2012/2013': 5}
e0a30be9-b1b3-0f4d-56a2-f1e1e760e536,15893,Víctor Rodríguez Romero,Attacker,right,5,6.122,0.4549905910695088,"[{'season_label': '2012/2013', 'appearances': 1, 'avg_score': 6.4, 'avg_vaep': 0.98}, {'season_label': '2014/2015', 'appearances': 1, 'avg_score': 6.07, 'avg_vaep': 0.51}, {'season_label': '2015/2016', 'appearances': 2, 'avg_score': 6.07, 'avg_vaep': 0.24}, {'season_label': '2016/2017', 'appearances': 1, 'avg_score': 6.0, 'avg_vaep': 0.3}]","{'2012/2013': 32, '2014/2015': 17, '2015/2016': 18, '2016/2017': 7}"
c5020a0e-a9c3-29b3-5bbf-2eae076dd0aa,24578,Francisco Montañés Claverías,Midfielder,right,3,6.133333333333333,0.24140923668892356,"[{'season_label': '2012/2013', 'appearances': 1, 'avg_score': 6.4, 'avg_vaep': 0.58}, {'season_label': '2014/2015', 'appearances': 1, 'avg_score': 6.0, 'avg_vaep': 0.07}, {'season_label': '2015/2016', 'appearances': 1, 'avg_score': 6.0, 'avg_vaep': 0.07}]","{'2012/2013': 11, '2014/2015': 24, '2015/2016': 11}"
13327e63-1c4f-5799-de8e-84d9fe708b7c,27195,Stefan Babović,Attacker,left,1,6.0,-0.11318045630105189,"[{'season_label': '2012/2013', 'appearances': 1, 'avg_score': 6.0, 'avg_vaep': -0.11}]",{'2012/2013': 17}
5f597ee5-f14d-ee93-40c1-48ac17e772d5,27197,Lucas Antonio Wílchez,Midfielder,left,1,6.0,0.20624214313284028,"[{'season_label': '2012/2013', 'appearances': 1, 'avg_score': 6.0, 'avg_vaep': 0.21}]",{'2012/2013': 18}
2202eeec-3aeb-5e6c-7b99-327035076a80,27199,Raúl Goni Bayo,Defender,right,1,6.04,0.9499233669921523,"[{'season_label': '2012/2013', 'appearances': 1, 'avg_score': 6.04, 'avg_vaep': 0.95}]",{'2012/2013': 6}
04e299e2-8c58-47ef-c6b3-84bd74d81e25,6709,Anaitz Arbilla Zabala,Defender,right,11,6.138181818181818,0.6130315592183085,"[{'season_label': '2012/2013', 'appearances': 1, 'avg_score': 6.03, 'avg_vaep': 0.26}, {'season_label': '2013/2014', 'appearances': 2, 'avg_score': 6.05, 'avg_vaep': 0.77}, {'season_label': '2014/2015', 'appearances': 2, 'avg_score': 6.05, 'avg_vaep': 0.78}, {'season_label': '2016/2017', 'appearances': 1, 'avg_score': 6.0, 'avg_vaep': 0.39}, {'season_label': '2017/2018', 'appearances': 1, 'avg_score': 6.13, 'avg_vaep': 1.09}, {'season_label': '2018/2019', 'appearances': 2, 'avg_score': 6.21, 'avg_vaep': 0.44}, {'season_label': '2020/2021', 'appearances': 2, 'avg_score': 6.37, 'avg_vaep': 0.51}]","{'2012/2013': 14, '2013/2014': 21, '2014/2015': 23, '2016/2017': 18, '2017/2018': 23, '2018/2019': 23, '2020/2021': 18}"
5fc2797e-9ce3-f81f-bced-6f665805b532,27193,Isaac Gómez Sánchez,Midfielder,right,1,6.0,0.19621982418902917,"[{'season_label': '2012/2013', 'appearances': 1, 'avg_score': 6.0, 'avg_vaep': 0.2}]",{'2012/2013': 39}
eba55fca-4575-e35e-ec85-87f10ba60a43,8440,Aythami Artiles Oliva,Defender,right,4,6.055,0.27798012565108365,"[{'season_label': '2012/2013', 'appearances': 1, 'avg_score': 6.0, 'avg_vaep': 0.34}, {'season_label': '2015/2016', 'appearances': 2, 'avg_score': 6.11, 'avg_vaep': 0.33}, {'season_label': '2016/2017', 'appearances': 1, 'avg_score': 6.0, 'avg_vaep': 0.11}]","{'2012/2013': 6, '2015/2016': 16, '2016/2017': 16, '2020/2021': 16}"
07e6663e-4f85-04f5-6cf0-59d5c5980708,21399,Pablo Ínsua Blanco,Defender,right,5,6.0,0.33673201136043646,"[{'season_label': '2012/2013', 'appearances': 1, 'avg_score': 6.0, 'avg_vaep': 0.11}, {'season_label': '2016/2017', 'appearances': 2, 'avg_score': 6.0, 'avg_vaep': 0.44}, {'season_label': '2019/2020', 'appearances': 2, 'avg_score': 6.0, 'avg_vaep': 0.35}]","{'2012/2013': 28, '2014/2015': 5, '2016/2017': 18, '2017/2018': 18, '2019/2020': 4}"
32fdab65-59cd-fa4f-167f-8c31b9199643,3406,Jérémy Toulalan,Midfielder,right,1,6.04,0.004612454755260842,"[{'season_label': '2012/2013', 'appearances': 1, 'avg_score': 6.04, 'avg_vaep': 0.0}]",{'2012/2013': 8}
a1a609f1-ac10-9d0b-e28d-8ae112db1bbb,6743,Manuel Rolando Iturra Urrutia,Midfielder,right,5,6.01,0.30864096303412225,"[{'season_label': '2012/2013', 'appearances': 1, 'avg_score': 6.0, 'avg_vaep': -0.06}, {'season_label': '2013/2014', 'appearances': 1, 'avg_score': 6.0, 'avg_vaep': 0.32}, {'season_label': '2014/2015', 'appearances': 2, 'avg_score': 6.02, 'avg_vaep': 0.39}, {'season_label': '2015/2016', 'appearances': 1, 'avg_score': 6.01, 'avg_vaep': 0.49}]","{'2012/2013': 16, '2013/2014': 18, '2014/2015': 16, '2015/2016': 6}"
d78456fc-e3be-bc84-d932-0fa2f9cf9e2a,24263,Ismael López Blanco,Attacker,left,3,6.0,0.14923098135720161,"[{'season_label': '2015/2016', 'appearances': 2, 'avg_score': 6.0, 'avg_vaep': 0.16}, {'season_label': '2016/2017', 'appearances': 1, 'avg_score': 6.0, 'avg_vaep': 0.12}]","{'2012/2013': 16, '2015/2016': 18, '2016/2017': 18}"
5fef3eff-51dc-719c-4a9f-565a742d78f2,3515,Alberto Moreno Pérez,Defender,left,5,6.054,0.2990806975980377,"[{'season_label': '2012/2013', 'appearances': 1, 'avg_score': 6.0, 'avg_vaep': 0.02}, {'season_label': '2013/2014', 'appearances': 2, 'avg_score': 6.0, 'avg_vaep': 0.34}, {'season_label': '2018/2019', 'appearances': 1, 'avg_score': 6.27, 'avg_vaep': 0.52}, {'season_label': '2019/2020', 'appearances': 1, 'avg_score': 6.0, 'avg_vaep': 0.28}]","{'2012/2013': 35, '2013/2014': 32, '2018/2019': 18, '2019/2020': 18}"
bac6ab6f-2864-5db5-cbbb-bf00ed123f36,27111,António Alberto Bastos Pimparel,GK,right,4,6.425,0.30575155743144933,"[{'season_label': '2012/2013', 'appearances': 1, 'avg_score': 6.82, 'avg_vaep': 0.09}, {'season_label': '2013/2014', 'appearances': 2, 'avg_score': 6.44, 'avg_vaep': 0.43}, {'season_label': '2014/2015', 'appearances': 1, 'avg_score': 6.01, 'avg_vaep': 0.27}]","{'2012/2013': 13, '2013/2014': 13, '2014/2015': 13}"
8eef9b6c-2c83-97ee-32bf-3da4c752bc3c,27112,Papa Babacar Diawara,Attacker,right,2,6.035,0.12225671723717824,"[{'season_label': '2012/2013', 'appearances': 1, 'avg_score': 6.0, 'avg_vaep': 0.09}, {'season_label': '2014/2015', 'appearances': 1, 'avg_score': 6.07, 'avg_vaep': 0.16}]","{'2012/2013': 20, '2014/2015': 15}"
df4dc4a2-a2e3-4014-279a-7fe7dd5fd47b,26189,Sisinio González Martínez,Attacker,right,2,6.135,0.2477428774755026,"[{'season_label': '2012/2013', 'appearances': 1, 'avg_score': 6.27, 'avg_vaep': 0.51}, {'season_label': '2013/2014', 'appearances': 1, 'avg_score': 6.0, 'avg_vaep': -0.01}]","{'2012/2013': 11, '2013/2014': 11}"
2201611d-7a08-ffda-97e3-e8c6b667a1bc,8678,David Ángel Abraham,Midfielder,,0,,,[],{'2012/2013': 16}
e0640c93-b050-97a9-3808-70aa06aa0df4,4320,Neymar da Silva Santos Junior,Attacker,right,113,7.94,0.5197559713776969,"[{'season_label': '2013/2014', 'appearances': 20, 'avg_score': 7.37, 'avg_vaep': 0.36}, {'season_label': '2014/2015', 'appearances': 33, 'avg_score': 7.88, 'avg_vaep': 0.6}, {'season_label': '2015/2016', 'appearances': 34, 'avg_score': 8.31, 'avg_vaep': 0.38}, {'season_label': '2016/2017', 'appearances': 26, 'avg_score': 7.96, 'avg_vaep': 0.72}]","{'2013/2014': 11, '2014/2015': 11, '2015/2016': 11, '2016/2017': 11}"
d6dabcc4-1298-1d56-c873-3b52586a9d44,6400,Aleix Vidal Parreu,Defender,right,34,6.276764705882353,0.3115963182975547,"[{'season_label': '2013/2014', 'appearances': 2, 'avg_score': 6.13, 'avg_vaep': 0.53}, {'season_label': '2014/2015', 'appearances': 2, 'avg_score': 6.05, 'avg_vaep': 0.42}, {'season_label': '2015/2016', 'appearances': 9, 'avg_score': 6.43, 'avg_vaep': 0.4}, {'season_label': '2016/2017', 'appearances': 6, 'avg_score': 6.67, 'avg_vaep': 0.47}, {'season_label': '2018/2019', 'appearances': 1, 'avg_score': 6.07, 'avg_vaep': 0.49}, {'season_label': '2020/2021', 'appearances': 14, 'avg_score': 6.08, 'avg_vaep': 0.13}]","{'2013/2014': 8, '2014/2015': 22, '2015/2016': 22, '2016/2017': 22, '2017/2018': 11, '2018/2019': 18, '2019/2020': 17, '2020/2021': 22}"
1f33d7cf-6693-dc6d-cc70-29b97cc29487,7022,Jesús Joaquín Fernández Sáez de la Torre,Attacker,left,5,6.096,0.20607478595120482,"[{'season_label': '2013/2014', 'appearances': 2, 'avg_score': 6.08, 'avg_vaep': 0.5}, {'season_label': '2018/2019', 'appearances': 1, 'avg_score': 6.03, 'avg_vaep': 0.07}, {'season_label': '2019/2020', 'appearances': 2, 'avg_score': 6.15, 'avg_vaep': -0.02}]","{'2013/2014': 17, '2018/2019': 14, '2019/2020': 7}"
83081f67-725f-9734-1e97-1f6d155803a9,18948,Hélder Jorge Leal Rodrigues Barbosa,Attacker,left,2,6.0,0.29480992188746313,"[{'season_label': '2013/2014', 'appearances': 2, 'avg_score': 6.0, 'avg_vaep': 0.29}]",{'2013/2014': 11}
635b616c-7d29-a7c2-a118-dc59a578d053,24127,Ramon Olamilekan Azeez,Midfielder,right,5,6.101999999999999,0.3469410208421323,"[{'season_label': '2013/2014', 'appearances': 2, 'avg_score': 6.0, 'avg_vaep': 0.27}, {'season_label': '2014/2015', 'appearances': 1, 'avg_score': 6.0, 'avg_vaep': 0.39}, {'season_label': '2018/2019', 'appearances': 2, 'avg_score': 6.25, 'avg_vaep': 0.4}]","{'2013/2014': 31, '2014/2015': 31, '2018/2019': 12, '2019/2020': 12}"
598a3242-360f-1b7a-fc0b-59475de711f7,24145,Rodrigo Ríos Lozano,Attacker,right,2,6.17,0.3416040139609322,"[{'season_label': '2013/2014', 'appearances': 2, 'avg_score': 6.17, 'avg_vaep': 0.34}]",{'2013/2014': 10}
9745c830-9fb3-902f-9b19-a3b78d0cbdec,24149,José Antonio García Rabasco,Midfielder,right,5,6.1,0.3201890575306606,"[{'season_label': '2013/2014', 'appearances': 2, 'avg_score': 6.04, 'avg_vaep': 0.34}, {'season_label': '2014/2015', 'appearances': 1, 'avg_score': 6.14, 'avg_vaep': 0.68}, {'season_label': '2015/2016', 'appearances': 2, 'avg_score': 6.13, 'avg_vaep': 0.12}]","{'2013/2014': 7, '2014/2015': 7, '2015/2016': 7}"
768d0841-23cb-2ed6-e871-ad2019d3ae8a,25824,Ángel Trujillo Canorea,Defender,right,5,6.0,0.36298820797746884,"[{'season_label': '2013/2014', 'appearances': 2, 'avg_score': 6.0, 'avg_vaep': -0.04}, {'season_label': '2014/2015', 'appearances': 2, 'avg_score': 6.0, 'avg_vaep': 0.96}, {'season_label': '2015/2016', 'appearances': 1, 'avg_score': 6.0, 'avg_vaep': -0.02}]","{'2013/2014': 5, '2014/2015': 5, '2015/2016': 16}"
ae36a44c-4e66-803a-440c-95147a40ff04,27246,Sebastián Dubarbier,Defender,left,3,6.03,0.5897634716590497,"[{'season_label': '2013/2014', 'appearances': 2, 'avg_score': 6.03, 'avg_vaep': 0.37}, {'season_label': '2014/2015', 'appearances': 1, 'avg_score': 6.03, 'avg_vaep': 1.03}]","{'2013/2014': 16, '2014/2015': 16}"
6a45c2b3-9692-eedb-fd0b-378c47a5a693,27247,Marcos Tébar Ramiro,Midfielder,right,2,6.01,0.17504095261938346,"[{'season_label': '2013/2014', 'appearances': 2, 'avg_score': 6.01, 'avg_vaep': 0.18}]",{'2013/2014': 6}
35702561-11bf-de27-1851-c5e1f41325b5,27458,Jonathan Sundy Zongo,Attacker,right,3,6.07,-0.09869576673857712,"[{'season_label': '2013/2014', 'appearances': 1, 'avg_score': 6.12, 'avg_vaep': 0.31}, {'season_label': '2014/2015', 'appearances': 2, 'avg_score': 6.04, 'avg_vaep': -0.3}]","{'2013/2014': 19, '2014/2015': 19}"
ab38039d-7c1a-6862-cc69-2cd15e20d757,27515,Marco Natanel Torsiglieri,Defender,left,1,6.0,0.33079891360830516,"[{'season_label': '2013/2014', 'appearances': 1, 'avg_score': 6.0, 'avg_vaep': 0.33}]",{'2013/2014': 2}
af5a9683-12f8-d1e3-246a-966fac1606da,27516,Rafael Ramos Lozano,Defender,right,1,6.0,0.23386360315453203,"[{'season_label': '2013/2014', 'appearances': 1, 'avg_score': 6.0, 'avg_vaep': 0.23}]",{'2013/2014': 20}
63a8f9e3-07f0-bf44-73c2-4dd4db17cebd,5671,Alfred John Momar N''Diaye,Midfielder,right,3,6.116666666666667,0.709680465515703,"[{'season_label': '2013/2014', 'appearances': 1, 'avg_score': 6.01, 'avg_vaep': 1.28}, {'season_label': '2015/2016', 'appearances': 2, 'avg_score': 6.17, 'avg_vaep': 0.42}]","{'2013/2014': 18, '2015/2016': 18, '2016/2017': 4}"
2d36b582-1f8a-ffc6-868b-59dfc9af6c9f,6654,Antonio Adán Garrido,GK,left,7,6.238571428571428,0.4324195056973882,"[{'season_label': '2013/2014', 'appearances': 1, 'avg_score': 6.06, 'avg_vaep': 0.25}, {'season_label': '2015/2016', 'appearances': 2, 'avg_score': 6.03, 'avg_vaep': 0.45}, {'season_label': '2016/2017', 'appearances': 2, 'avg_score': 6.1, 'avg_vaep': 0.4}, {'season_label': '2020/2021', 'appearances': 2, 'avg_score': 6.68, 'avg_vaep': 0.53}]","{'2013/2014': 1, '2015/2016': 13, '2016/2017': 13, '2017/2018': 1, '2018/2019': 1, '2020/2021': 13}"
ddd993b2-fef3-fdff-1018-72bb03cfded8,6738,Juan Francisco Moreno Fuertes,Defender,right,8,6.1575,0.5478743249489071,"[{'season_label': '2013/2014', 'appearances': 1, 'avg_score': 6.12, 'avg_vaep': 0.02}, {'season_label': '2014/2015', 'appearances': 1, 'avg_score': 6.11, 'avg_vaep': 0.46}, {'season_label': '2015/2016', 'appearances': 2, 'avg_score': 6.0, 'avg_vaep': 1.03}, {'season_label': '2016/2017', 'appearances': 1, 'avg_score': 6.12, 'avg_vaep': 0.54}, {'season_label': '2017/2018', 'appearances': 1, 'avg_score': 6.06, 'avg_vaep': 0.6}, {'season_label': '2020/2021', 'appearances': 2, 'avg_score': 6.43, 'avg_vaep': 0.34}]","{'2013/2014': 11, '2014/2015': 11, '2015/2016': 11, '2016/2017': 2, '2017/2018': 2, '2020/2021': 2}"
0dd4332b-c8f0-e969-2eaa-585b1b20c712,27337,Braian Damián Rodríguez Carballo,Attacker,,1,6.0,0.005093515715998365,"[{'season_label': '2013/2014', 'appearances': 1, 'avg_score': 6.0, 'avg_vaep': 0.01}]",{'2013/2014': 16}
2f4ab360-cf3a-f4da-6fde-2edadc989788,27338,Lorenzo Enrique Reyes Vicencio,Midfielder,right,1,6.0,0.8262541586918815,"[{'season_label': '2013/2014', 'appearances': 1, 'avg_score': 6.0, 'avg_vaep': 0.83}]",{'2013/2014': 21}
c4561a0e-1915-9df0-4bbe-fd195d1530a3,27339,Cedric Mabwati Gerard,Attacker,right,1,6.07,0.020099347188079264,"[{'season_label': '2013/2014', 'appearances': 1, 'avg_score': 6.07, 'avg_vaep': 0.02}]",{'2013/2014': 22}
012d9fe1-5b24-93f2-1902-cd55603382ec,6401,Kevin Gameiro,Attacker,right,13,6.295384615384616,0.18561638896202426,"[{'season_label': '2013/2014', 'appearances': 2, 'avg_score': 6.14, 'avg_vaep': 0.2}, {'season_label': '2014/2015', 'appearances': 2, 'avg_score': 6.62, 'avg_vaep': 0.17}, {'season_label': '2015/2016', 'appearances': 2, 'avg_score': 6.59, 'avg_vaep': 0.48}, {'season_label': '2016/2017', 'appearances': 2, 'avg_score': 6.0, 'avg_vaep': 0.26}, {'season_label': '2017/2018', 'appearances': 2, 'avg_score': 6.49, 'avg_vaep': 0.18}, {'season_label': '2018/2019', 'appearances': 1, 'avg_score': 6.17, 'avg_vaep': -0.08}, {'season_label': '2019/2020', 'appearances': 1, 'avg_score': 6.0, 'avg_vaep': -0.12}, {'season_label': '2020/2021', 'appearances': 1, 'avg_score': 6.0, 'avg_vaep': 0.05}]","{'2013/2014': 18, '2014/2015': 7, '2015/2016': 9, '2016/2017': 21, '2017/2018': 9, '2018/2019': 9, '2019/2020': 9, '2020/2021': 21}"
9559fc73-b13f-a721-a816-958488a5b449,6841,Víctor Machín Pérez,Attacker,right,11,6.473636363636363,0.4337442986202818,"[{'season_label': '2013/2014', 'appearances': 2, 'avg_score': 6.45, 'avg_vaep': 0.69}, {'season_label': '2014/2015', 'appearances': 2, 'avg_score': 6.2, 'avg_vaep': 0.34}, {'season_label': '2015/2016', 'appearances': 2, 'avg_score': 6.64, 'avg_vaep': 0.38}, {'season_label': '2016/2017', 'appearances': 2, 'avg_score': 7.31, 'avg_vaep': 0.8}, {'season_label': '2017/2018', 'appearances': 1, 'avg_score': 6.0, 'avg_vaep': 0.3}, {'season_label': '2018/2019', 'appearances': 2, 'avg_score': 6.0, 'avg_vaep': 0.02}]","{'2013/2014': 20, '2014/2015': 20, '2015/2016': 20, '2016/2017': 20, '2017/2018': 23, '2018/2019': 20, '2019/2020': 20, '2020/2021': 23}"
0c836be9-7564-4576-1934-9887cf51b3ba,7154,Sebastián Carlos Cristóforo Pepe,Midfielder,right,3,6.0,0.207314679984241,"[{'season_label': '2013/2014', 'appearances': 1, 'avg_score': 6.0, 'avg_vaep': 0.3}, {'season_label': '2015/2016', 'appearances': 1, 'avg_score': 6.0, 'avg_vaep': 0.29}, {'season_label': '2018/2019', 'appearances': 1, 'avg_score': 6.0, 'avg_vaep': 0.03}]","{'2013/2014': 8, '2015/2016': 14, '2017/2018': 15, '2018/2019': 18}"
7dc18693-b938-5d13-3160-f80154c8976d,15962,Marko Marin,Midfielder,right,1,6.0,-0.033728978469298454,"[{'season_label': '2013/2014', 'appearances': 1, 'avg_score': 6.0, 'avg_vaep': -0.03}]",{'2013/2014': 7}
60ee22c2-7013-613e-9801-04db94ae53c9,20603,Stéphane M''Bia Etoundi,Midfielder,right,2,6.0,0.34064261995081324,"[{'season_label': '2013/2014', 'appearances': 1, 'avg_score': 6.0, 'avg_vaep': 0.62}, {'season_label': '2014/2015', 'appearances': 1, 'avg_score': 6.0, 'avg_vaep': 0.06}]","{'2013/2014': 22, '2014/2015': 25}"
eb17f347-2e73-f481-d8e1-35c779c01858,27189,Bryan Martín Rabello Mella,Midfielder,left,1,6.0,0.09316087068873458,"[{'season_label': '2013/2014', 'appearances': 1, 'avg_score': 6.0, 'avg_vaep': 0.09}]",{'2013/2014': 14}
7b6982e5-8463-6e6a-1cda-934f1410299c,5519,Christian Alberto Cueva Bravo,Midfielder,,0,,,[],{'2013/2014': 27}
87784eca-6b0d-ea1d-ff92-478fb786b401,5691,Johan Andrés Mojica Palacio,Defender,left,4,6.2225,0.2791045361900615,"[{'season_label': '2013/2014', 'appearances': 2, 'avg_score': 6.28, 'avg_vaep': 0.47}, {'season_label': '2019/2020', 'appearances': 1, 'avg_score': 6.34, 'avg_vaep': -0.03}, {'season_label': '2020/2021', 'appearances': 1, 'avg_score': 6.0, 'avg_vaep': 0.21}]","{'2013/2014': 26, '2019/2020': 25, '2020/2021': 3}"
bd430257-087f-92e5-3229-19c84dc99f32,6381,Saúl Ñíguez Esclapez,Midfielder,left,14,6.24,0.5011920284214284,"[{'season_label': '2013/2014', 'appearances': 2, 'avg_score': 6.29, 'avg_vaep': 0.41}, {'season_label': '2014/2015', 'appearances': 1, 'avg_score': 6.0, 'avg_vaep': 0.09}, {'season_label': '2015/2016', 'appearances': 1, 'avg_score': 6.01, 'avg_vaep': 0.38}, {'season_label': '2016/2017', 'appearances': 2, 'avg_score': 6.03, 'avg_vaep': 1.15}, {'season_label': '2017/2018', 'appearances': 2, 'avg_score': 6.05, 'avg_vaep': 0.93}, {'season_label': '2018/2019', 'appearances': 2, 'avg_score': 6.64, 'avg_vaep': -0.26}, {'season_label': '2019/2020', 'appearances': 2, 'avg_score': 6.35, 'avg_vaep': 0.53}, {'season_label': '2020/2021', 'appearances': 2, 'avg_score': 6.31, 'avg_vaep': 0.52}]","{'2013/2014': 22, '2014/2015': 17, '2015/2016': 17, '2016/2017': 8, '2017/2018': 8, '2018/2019': 8, '2019/2020': 8, '2020/2021': 8}"
b9c7f3a9-c40b-2d92-8c66-6388a71378d4,11298,José Ignacio Martínez García,Defender,left,8,6.2425,0.5240096558545702,"[{'season_label': '2013/2014', 'appearances': 1, 'avg_score': 6.0, 'avg_vaep': 0.54}, {'season_label': '2015/2016', 'appearances': 1, 'avg_score': 6.0, 'avg_vaep': 0.43}, {'season_label': '2017/2018', 'appearances': 2, 'avg_score': 6.47, 'avg_vaep': 0.7}, {'season_label': '2018/2019', 'appearances': 2, 'avg_score': 6.18, 'avg_vaep': 0.45}, {'season_label': '2019/2020', 'appearances': 2, 'avg_score': 6.32, 'avg_vaep': 0.45}]","{'2013/2014': 3, '2014/2015': 3, '2015/2016': 3, '2017/2018': 22, '2018/2019': 22, '2019/2020': 22}"
411529f9-fb48-ac60-7d08-5905b0b3a9f1,11539,Adrián Embarba Blázquez,Attacker,right,5,6.226,0.3752854773782019,"[{'season_label': '2013/2014', 'appearances': 1, 'avg_score': 6.0, 'avg_vaep': 0.36}, {'season_label': '2015/2016', 'appearances': 2, 'avg_score': 6.4, 'avg_vaep': 0.6}, {'season_label': '2017/2018', 'appearances': 1, 'avg_score': 6.03, 'avg_vaep': 0.1}, {'season_label': '2018/2019', 'appearances': 1, 'avg_score': 6.3, 'avg_vaep': 0.21}]","{'2013/2014': 32, '2015/2016': 11, '2017/2018': 11, '2018/2019': 23}"
3f6e4c5a-bb90-8a8a-c7ca-70a2a8fad69c,23811,Alberto Perea Correoso,Midfielder,right,3,6.153333333333333,0.5579024514760628,"[{'season_label': '2013/2014', 'appearances': 1, 'avg_score': 6.19, 'avg_vaep': 1.28}, {'season_label': '2019/2020', 'appearances': 2, 'avg_score': 6.13, 'avg_vaep': 0.2}]","{'2013/2014': 14, '2019/2020': 10}"
3125b62f-0e47-7cfd-fbc7-79a31de3beb6,27190,Joaquín Oscar Larrivey,Attacker,right,4,6.3375,0.39870653919297183,"[{'season_label': '2013/2014', 'appearances': 2, 'avg_score': 6.09, 'avg_vaep': 0.26}, {'season_label': '2014/2015', 'appearances': 2, 'avg_score': 6.58, 'avg_vaep': 0.53}]","{'2013/2014': 20, '2014/2015': 11}"
0d7c4638-32b8-71c2-0405-a6c9296b5517,28699,Leonel Ezequiel Galeano,Midfielder,,0,,,[],{'2013/2014': 17}
ddcb1554-87b8-8aaa-80ae-d158006bdbdf,3236,Sergi Darder Moll,Midfielder,right,8,6.01,0.2757766806323616,"[{'season_label': '2013/2014', 'appearances': 1, 'avg_score': 6.0, 'avg_vaep': -0.05}, {'season_label': '2014/2015', 'appearances': 2, 'avg_score': 6.0, 'avg_vaep': 0.38}, {'season_label': '2017/2018', 'appearances': 1, 'avg_score': 6.08, 'avg_vaep': 0.14}, {'season_label': '2018/2019', 'appearances': 2, 'avg_score': 6.0, 'avg_vaep': 0.18}, {'season_label': '2020/2021', 'appearances': 2, 'avg_score': 6.0, 'avg_vaep': 0.49}]","{'2013/2014': 30, '2014/2015': 30, '2017/2018': 10, '2018/2019': 10, '2020/2021': 25}"
c7c46d4b-af81-6bfb-07c7-f3bf96d88544,6619,Vitorino Gabriel Pacheco Antunes,Defender,left,4,6.0425,0.15829305483202916,"[{'season_label': '2013/2014', 'appearances': 1, 'avg_score': 6.0, 'avg_vaep': 0.4}, {'season_label': '2017/2018', 'appearances': 1, 'avg_score': 6.14, 'avg_vaep': 0.34}, {'season_label': '2020/2021', 'appearances': 2, 'avg_score': 6.02, 'avg_vaep': -0.05}]","{'2013/2014': 5, '2017/2018': 3, '2020/2021': 3}"
2ea1202a-ed1e-0ce3-0d41-be4919b0cc99,6695,Juan Miguel Jiménez López,Attacker,right,9,6.63,0.3702403931284708,"[{'season_label': '2013/2014', 'appearances': 1, 'avg_score': 6.05, 'avg_vaep': 0.36}, {'season_label': '2014/2015', 'appearances': 2, 'avg_score': 6.92, 'avg_vaep': 0.67}, {'season_label': '2016/2017', 'appearances': 1, 'avg_score': 6.0, 'avg_vaep': 0.05}, {'season_label': '2017/2018', 'appearances': 2, 'avg_score': 7.29, 'avg_vaep': 0.31}, {'season_label': '2019/2020', 'appearances': 1, 'avg_score': 6.6, 'avg_vaep': 0.31}, {'season_label': '2020/2021', 'appearances': 2, 'avg_score': 6.3, 'avg_vaep': 0.32}]","{'2013/2014': 26, '2014/2015': 26, '2016/2017': 7, '2017/2018': 7, '2019/2020': 7, '2020/2021': 7}"
67ff32d4-0fb5-1f1a-2fd2-c4f1b1019785,8000,Bartlomiej Pawłowski,Attacker,right,1,6.06,0.5882530600138125,"[{'season_label': '2013/2014', 'appearances': 1, 'avg_score': 6.06, 'avg_vaep': 0.59}]",{'2013/2014': 19}
71dc407a-f5ad-9f5e-2a85-13886d398f8b,27181,Pedro Andrés Morales Flores,Midfielder,right,1,6.0,0.08157881586521398,"[{'season_label': '2013/2014', 'appearances': 1, 'avg_score': 6.0, 'avg_vaep': 0.08}]",{'2013/2014': 14}
b3f63bb5-7c04-a8fa-047d-24ae66deaeda,27182,Flávio Nunes Ferreira,Defender,right,1,6.0,0.054403029433160555,"[{'season_label': '2013/2014', 'appearances': 1, 'avg_score': 6.0, 'avg_vaep': 0.05}]",{'2013/2014': 4}
842ef8f9-49db-333c-767f-e209f9277459,27183,Pablo Javier Pérez,Midfielder,right,1,6.0,0.3609747934206098,"[{'season_label': '2013/2014', 'appearances': 1, 'avg_score': 6.0, 'avg_vaep': 0.36}]",{'2013/2014': 11}
65781a7f-7f77-ddfe-d2b7-4bc32948dfcb,27184,Marcos Alberto Angeleri,Defender,right,4,6.0125,0.4996293651693122,"[{'season_label': '2013/2014', 'appearances': 1, 'avg_score': 6.05, 'avg_vaep': 0.42}, {'season_label': '2014/2015', 'appearances': 1, 'avg_score': 6.0, 'avg_vaep': 0.08}, {'season_label': '2015/2016', 'appearances': 2, 'avg_score': 6.0, 'avg_vaep': 0.75}]","{'2013/2014': 15, '2014/2015': 15, '2015/2016': 15}"
1f72e258-ff73-0035-f2a1-fb6637f562c2,3742,Orestis Karnezis,GK,right,1,6.06,0.6464629903057357,"[{'season_label': '2013/2014', 'appearances': 1, 'avg_score': 6.06, 'avg_vaep': 0.65}]",{'2013/2014': 1}
09def3eb-bc44-ff34-26b2-8fcd88c83554,4546,Dimitri Foulquier,Defender,right,8,6.02625,0.41518046656437946,"[{'season_label': '2013/2014', 'appearances': 1, 'avg_score': 6.04, 'avg_vaep': 0.89}, {'season_label': '2014/2015', 'appearances': 2, 'avg_score': 6.04, 'avg_vaep': 0.2}, {'season_label': '2017/2018', 'appearances': 2, 'avg_score': 6.0, 'avg_vaep': 0.42}, {'season_label': '2018/2019', 'appearances': 1, 'avg_score': 6.0, 'avg_vaep': 0.49}, {'season_label': '2019/2020', 'appearances': 2, 'avg_score': 6.04, 'avg_vaep': 0.35}]","{'2013/2014': 22, '2014/2015': 22, '2017/2018': 24, '2018/2019': 2, '2019/2020': 2}"
7990ec44-fcf3-d7a0-e5a2-add28362213c,6585,Jeison Fabián Murillo Cerón,Defender,right,4,6.0024999999999995,0.06639675034693937,"[{'season_label': '2013/2014', 'appearances': 1, 'avg_score': 6.0, 'avg_vaep': 0.26}, {'season_label': '2014/2015', 'appearances': 1, 'avg_score': 6.0, 'avg_vaep': -0.21}, {'season_label': '2018/2019', 'appearances': 1, 'avg_score': 6.0, 'avg_vaep': -0.01}, {'season_label': '2019/2020', 'appearances': 1, 'avg_score': 6.01, 'avg_vaep': 0.23}]","{'2013/2014': 24, '2014/2015': 24, '2017/2018': 17, '2018/2019': 21, '2019/2020': 24, '2020/2021': 4}"
cc6ef8cb-8df3-af56-9372-6838cd728163,7428,Alexandre Coeff,Attacker,right,1,6.0,0.2038035761070205,"[{'season_label': '2013/2014', 'appearances': 1, 'avg_score': 6.0, 'avg_vaep': 0.2}]",{'2013/2014': 19}
cddaa6e1-ad5b-a4c7-0c6c-05db38099fa0,9542,Tiago Abiola Delfim Almeida Ilori,Defender,right,1,6.0,0.14354075580195058,"[{'season_label': '2013/2014', 'appearances': 1, 'avg_score': 6.0, 'avg_vaep': 0.14}]",{'2013/2014': 6}
71d1f887-2fbe-8f72-6a32-1d5ec2efaf20,27252,Christian Daniel Bravo Araneda,Attacker,right,1,6.0,0.1524255494296085,"[{'season_label': '2013/2014', 'appearances': 1, 'avg_score': 6.0, 'avg_vaep': 0.15}]",{'2013/2014': 34}
a10a2663-1d45-928c-b8be-4ebabbee8b8d,5543,Haris Seferović,Attacker,left,1,6.3,0.10436350873715128,"[{'season_label': '2013/2014', 'appearances': 1, 'avg_score': 6.3, 'avg_vaep': 0.1}]",{'2013/2014': 8}
aa97f5d3-df9c-d7db-ebdf-1d8a1a1226aa,23796,Marco Sangalli Fuentes,Attacker,right,1,6.16,0.37561458112395485,"[{'season_label': '2013/2014', 'appearances': 1, 'avg_score': 6.16, 'avg_vaep': 0.38}]",{'2013/2014': 32}
7f9d88fe-83d3-e7fc-e313-6e510b0a9a38,5987,Giovani dos Santos Ramírez,Attacker,left,3,6.076666666666667,0.5520586639358953,"[{'season_label': '2013/2014', 'appearances': 1, 'avg_score': 6.14, 'avg_vaep': 0.24}, {'season_label': '2014/2015', 'appearances': 2, 'avg_score': 6.04, 'avg_vaep': 0.71}]","{'2013/2014': 9, '2014/2015': 9}"
f1a94cef-2335-7f68-031e-958c443c0dfe,6746,Gabriel Armando de Abreu,Defender,right,9,6.151111111111111,0.29033229828049417,"[{'season_label': '2013/2014', 'appearances': 1, 'avg_score': 6.0, 'avg_vaep': 0.31}, {'season_label': '2014/2015', 'appearances': 1, 'avg_score': 6.0, 'avg_vaep': 0.08}, {'season_label': '2017/2018', 'appearances': 2, 'avg_score': 6.16, 'avg_vaep': 0.26}, {'season_label': '2018/2019', 'appearances': 1, 'avg_score': 6.01, 'avg_vaep': 0.16}, {'season_label': '2019/2020', 'appearances': 2, 'avg_score': 6.52, 'avg_vaep': 0.64}, {'season_label': '2020/2021', 'appearances': 2, 'avg_score': 6.0, 'avg_vaep': 0.13}]","{'2013/2014': 20, '2014/2015': 20, '2017/2018': 5, '2018/2019': 5, '2019/2020': 5, '2020/2021': 5}"
195f1538-4c2a-79ce-df29-3e4a847ce85c,6771,Manuel Trigueros Muñoz,Midfielder,right,12,6.135833333333333,0.38545370265031426,"[{'season_label': '2013/2014', 'appearances': 1, 'avg_score': 6.25, 'avg_vaep': 0.69}, {'season_label': '2014/2015', 'appearances': 2, 'avg_score': 6.04, 'avg_vaep': 0.41}, {'season_label': '2015/2016', 'appearances': 1, 'avg_score': 6.27, 'avg_vaep': 0.41}, {'season_label': '2016/2017', 'appearances': 2, 'avg_score': 6.23, 'avg_vaep': 0.47}, {'season_label': '2017/2018', 'appearances': 1, 'avg_score': 6.0, 'avg_vaep': 0.49}, {'season_label': '2018/2019', 'appearances': 1, 'avg_score': 6.0, 'avg_vaep': 0.11}, {'season_label': '2019/2020', 'appearances': 2, 'avg_score': 6.0, 'avg_vaep': 0.31}, {'season_label': '2020/2021', 'appearances': 2, 'avg_score': 6.28, 'avg_vaep': 0.27}]","{'2013/2014': 14, '2014/2015': 14, '2015/2016': 14, '2016/2017': 14, '2017/2018': 14, '2018/2019': 14, '2019/2020': 14, '2020/2021': 14}"
7238f09e-ded4-ff47-6195-b2c3e8fbe436,23865,Jérémy Perbet,Attacker,right,1,6.0,-0.7162514734300203,"[{'season_label': '2013/2014', 'appearances': 1, 'avg_score': 6.0, 'avg_vaep': -0.72}]",{'2013/2014': 7}
400438f6-89c4-a4b7-003a-c38bab4a0eef,27153,Javier Ignacio Aquino Carmona,Attacker,right,3,6.0633333333333335,0.20432710739260074,"[{'season_label': '2013/2014', 'appearances': 1, 'avg_score': 6.19, 'avg_vaep': 0.19}, {'season_label': '2014/2015', 'appearances': 2, 'avg_score': 6.0, 'avg_vaep': 0.21}]","{'2013/2014': 17, '2014/2015': 16}"
08bf786c-b3b2-2d31-3ee3-7f93586a24f4,27155,Bojan Jokić,Defender,left,1,6.04,0.3704210854302801,"[{'season_label': '2013/2014', 'appearances': 1, 'avg_score': 6.04, 'avg_vaep': 0.37}]","{'2013/2014': 3, '2015/2016': 3}"
c8d12113-e225-8af3-1914-e88130b917f6,5186,Denis Cheryshev,Midfielder,left,7,6.174285714285714,0.16468435141125934,"[{'season_label': '2013/2014', 'appearances': 1, 'avg_score': 6.0, 'avg_vaep': 0.24}, {'season_label': '2014/2015', 'appearances': 2, 'avg_score': 6.29, 'avg_vaep': 0.0}, {'season_label': '2017/2018', 'appearances': 2, 'avg_score': 6.22, 'avg_vaep': 0.22}, {'season_label': '2019/2020', 'appearances': 1, 'avg_score': 6.2, 'avg_vaep': 0.1}, {'season_label': '2020/2021', 'appearances': 1, 'avg_score': 6.0, 'avg_vaep': 0.37}]","{'2013/2014': 16, '2014/2015': 17, '2017/2018': 11, '2019/2020': 17, '2020/2021': 7}"
1f029c1e-1aba-af06-0580-7b7f91552d36,5688,Carlos Arturo Bacca Ahumada,Attacker,right,9,6.172222222222222,0.26159616676563424,"[{'season_label': '2013/2014', 'appearances': 1, 'avg_score': 6.18, 'avg_vaep': 0.72}, {'season_label': '2014/2015', 'appearances': 2, 'avg_score': 6.06, 'avg_vaep': 0.36}, {'season_label': '2017/2018', 'appearances': 2, 'avg_score': 6.56, 'avg_vaep': 0.08}, {'season_label': '2018/2019', 'appearances': 2, 'avg_score': 6.0, 'avg_vaep': 0.38}, {'season_label': '2019/2020', 'appearances': 1, 'avg_score': 6.0, 'avg_vaep': 0.02}, {'season_label': '2020/2021', 'appearances': 1, 'avg_score': 6.11, 'avg_vaep': -0.03}]","{'2013/2014': 9, '2014/2015': 9, '2017/2018': 9, '2018/2019': 9, '2019/2020': 9, '2020/2021': 9}"
bf1b2f4b-901c-21a1-d864-5018ea9aeb05,6825,Daniel Filipe Martins Carriço,Defender,right,6,6.016666666666667,0.4959845586530112,"[{'season_label': '2013/2014', 'appearances': 1, 'avg_score': 6.05, 'avg_vaep': 1.44}, {'season_label': '2014/2015', 'appearances': 2, 'avg_score': 6.0, 'avg_vaep': 0.32}, {'season_label': '2016/2017', 'appearances': 1, 'avg_score': 6.0, 'avg_vaep': 0.78}, {'season_label': '2017/2018', 'appearances': 1, 'avg_score': 6.0, 'avg_vaep': 0.12}, {'season_label': '2018/2019', 'appearances': 1, 'avg_score': 6.05, 'avg_vaep': -0.0}]","{'2013/2014': 6, '2014/2015': 6, '2015/2016': 6, '2016/2017': 6, '2017/2018': 6, '2018/2019': 6, '2020/2021': 6}"
6b561731-5c9a-c918-215f-c7514bef514b,7909,Nicolás Martín Pareja,Defender,right,4,6.0600000000000005,0.5280315625977892,"[{'season_label': '2013/2014', 'appearances': 1, 'avg_score': 6.0, 'avg_vaep': 0.74}, {'season_label': '2014/2015', 'appearances': 2, 'avg_score': 6.0, 'avg_vaep': 0.23}, {'season_label': '2016/2017', 'appearances': 1, 'avg_score': 6.24, 'avg_vaep': 0.91}]","{'2013/2014': 21, '2014/2015': 21, '2016/2017': 21}"
9ec1994b-b176-cb0b-7a2c-ec414fe8ffb2,10881,Diogo José Rosário Gomes Figueiras,Defender,right,2,6.050000000000001,0.33881259052031965,"[{'season_label': '2013/2014', 'appearances': 1, 'avg_score': 6.07, 'avg_vaep': 0.24}, {'season_label': '2014/2015', 'appearances': 1, 'avg_score': 6.03, 'avg_vaep': 0.44}]","{'2013/2014': 5, '2014/2015': 5, '2015/2016': 17}"
4efa2dce-0e84-2cbc-4885-48530dd8bf01,25831,Jean Marie Dongou Tsafack,Midfielder,right,1,6.0,-0.00018844306760001928,"[{'season_label': '2013/2014', 'appearances': 1, 'avg_score': 6.0, 'avg_vaep': -0.0}]",{'2013/2014': 29}
90248d0a-9810-5fa5-34cf-2b0696ddd12f,5597,Keylor Navas Gamboa,GK,right,8,6.04375,0.34037930176828013,"[{'season_label': '2013/2014', 'appearances': 2, 'avg_score': 6.15, 'avg_vaep': 0.55}, {'season_label': '2015/2016', 'appearances': 2, 'avg_score': 6.02, 'avg_vaep': 0.21}, {'season_label': '2016/2017', 'appearances': 2, 'avg_score': 6.0, 'avg_vaep': 0.38}, {'season_label': '2020/2021', 'appearances': 2, 'avg_score': 6.0, 'avg_vaep': 0.22}]","{'2013/2014': 1, '2014/2015': 13, '2015/2016': 1, '2016/2017': 1, '2017/2018': 1, '2020/2021': 1}"
fb1378d0-b80a-e44a-ae00-00a3cff0b90f,6659,Víctor Camarasa Ferrando,Midfielder,right,7,6.028571428571429,0.3103743602711932,"[{'season_label': '2014/2015', 'appearances': 1, 'avg_score': 6.0, 'avg_vaep': 0.42}, {'season_label': '2015/2016', 'appearances': 2, 'avg_score': 6.07, 'avg_vaep': 0.57}, {'season_label': '2016/2017', 'appearances': 1, 'avg_score': 6.0, 'avg_vaep': -0.01}, {'season_label': '2018/2019', 'appearances': 1, 'avg_score': 6.0, 'avg_vaep': 0.19}, {'season_label': '2020/2021', 'appearances': 2, 'avg_score': 6.03, 'avg_vaep': 0.22}]","{'2013/2014': 37, '2014/2015': 26, '2015/2016': 6, '2016/2017': 8, '2018/2019': 10, '2020/2021': 8}"
887c5a2b-0d1b-cf5b-169a-c8d63806bd13,12063,Issam El Adoua,Attacker,left,2,6.0,-0.22225854963289748,"[{'season_label': '2013/2014', 'appearances': 2, 'avg_score': 6.0, 'avg_vaep': -0.22}]",{'2013/2014': 16}
7c0ffb72-32b7-7166-913c-3e8dec47ad07,20494,Andreas Ivanschitz,Midfielder,left,3,6.010000000000001,0.20563975542791013,"[{'season_label': '2013/2014', 'appearances': 2, 'avg_score': 6.02, 'avg_vaep': 0.15}, {'season_label': '2014/2015', 'appearances': 1, 'avg_score': 6.0, 'avg_vaep': 0.31}]","{'2013/2014': 21, '2014/2015': 21}"
de487db7-a082-50a1-36f9-66ead11da262,20539,Loukas Vyntra,Defender,right,2,6.0,0.2951619291343377,"[{'season_label': '2013/2014', 'appearances': 1, 'avg_score': 6.0, 'avg_vaep': 0.46}, {'season_label': '2014/2015', 'appearances': 1, 'avg_score': 6.0, 'avg_vaep': 0.13}]","{'2013/2014': 6, '2014/2015': 6}"
5125ad2b-5840-5bb8-7764-9bbea104f866,23943,Rubén García Santos,Attacker,left,6,6.135000000000001,0.24078265371190355,"[{'season_label': '2013/2014', 'appearances': 2, 'avg_score': 6.02, 'avg_vaep': 0.2}, {'season_label': '2014/2015', 'appearances': 1, 'avg_score': 6.0, 'avg_vaep': 0.24}, {'season_label': '2015/2016', 'appearances': 1, 'avg_score': 6.0, 'avg_vaep': 0.2}, {'season_label': '2019/2020', 'appearances': 2, 'avg_score': 6.38, 'avg_vaep': 0.3}]","{'2013/2014': 11, '2014/2015': 10, '2015/2016': 10, '2019/2020': 14}"
a4111706-bdc4-b044-5173-f69f8418889b,27122,Simão Mate,Midfielder,right,5,6.002,0.39783195086129125,"[{'season_label': '2013/2014', 'appearances': 2, 'avg_score': 6.0, 'avg_vaep': 0.17}, {'season_label': '2014/2015', 'appearances': 2, 'avg_score': 6.0, 'avg_vaep': 0.55}, {'season_label': '2015/2016', 'appearances': 1, 'avg_score': 6.0, 'avg_vaep': 0.54}]","{'2013/2014': 24, '2014/2015': 24, '2015/2016': 5}"
77a81025-ac3a-31ba-aa0b-d6dd3b5773d9,27123,Jordi Xumetra Feliu,Attacker,right,2,6.045,0.12663364073523553,"[{'season_label': '2013/2014', 'appearances': 1, 'avg_score': 6.09, 'avg_vaep': 0.14}, {'season_label': '2014/2015', 'appearances': 1, 'avg_score': 6.0, 'avg_vaep': 0.12}]","{'2013/2014': 17, '2014/2015': 17, '2015/2016': 17}"
90667252-a0a0-3604-1ddc-3553799772ef,27124,Sérgio da Silva Pinto,Attacker,right,2,6.0,0.15321799782759626,"[{'season_label': '2013/2014', 'appearances': 2, 'avg_score': 6.0, 'avg_vaep': 0.15}]",{'2013/2014': 18}
7b3b85ac-c94d-2df9-ba27-b7188e30d667,27154,Nikolaos Karabelas,Defender,left,1,6.0,0.21500078443204984,"[{'season_label': '2013/2014', 'appearances': 1, 'avg_score': 6.0, 'avg_vaep': 0.22}]","{'2013/2014': 15, '2015/2016': 15}"
513d885e-675c-7425-7359-27a603681429,282513,Javier Jiménez Camarero,Midfielder,,0,,,[],{'2013/2014': 13}
e0bdb346-6b9b-ade4-68e8-d8a8704e1e23,16250,Cristian Lobato Villegas,Attacker,left,1,6.0,0.27413591972435825,"[{'season_label': '2013/2014', 'appearances': 1, 'avg_score': 6.0, 'avg_vaep': 0.27}]",{'2013/2014': 17}
484ef890-9a8d-6f0a-6332-332da8408998,23947,Roberto Torres Morales,Midfielder,right,7,6.082857142857143,0.25885659358963103,"[{'season_label': '2013/2014', 'appearances': 2, 'avg_score': 6.06, 'avg_vaep': 0.29}, {'season_label': '2016/2017', 'appearances': 2, 'avg_score': 6.04, 'avg_vaep': 0.4}, {'season_label': '2018/2019', 'appearances': 1, 'avg_score': 6.0, 'avg_vaep': 0.01}, {'season_label': '2019/2020', 'appearances': 2, 'avg_score': 6.19, 'avg_vaep': 0.21}]","{'2013/2014': 21, '2016/2017': 10, '2018/2019': 10, '2019/2020': 10}"
9ff6b4c1-124d-fb0d-deff-d72781d88aa6,24091,Carlos Javier Acuña Caballero,Attacker,,1,6.0,0.050269305753317894,"[{'season_label': '2013/2014', 'appearances': 1, 'avg_score': 6.0, 'avg_vaep': 0.05}]",{'2013/2014': 7}
eb95aa2b-a2ac-0cb7-a0fa-c8c427efdd4a,24106,Jordan Lotiès,Defender,right,2,6.0,-0.031517889809038024,"[{'season_label': '2013/2014', 'appearances': 2, 'avg_score': 6.0, 'avg_vaep': -0.03}]",{'2013/2014': 22}
3e2eff6f-1a26-9653-7e4c-d1365e796133,27243,Oriol Riera Magem,Attacker,right,6,6.175,0.25024625127177086,"[{'season_label': '2013/2014', 'appearances': 2, 'avg_score': 6.4, 'avg_vaep': 0.29}, {'season_label': '2014/2015', 'appearances': 2, 'avg_score': 6.0, 'avg_vaep': 0.02}, {'season_label': '2015/2016', 'appearances': 1, 'avg_score': 6.18, 'avg_vaep': 0.53}, {'season_label': '2016/2017', 'appearances': 1, 'avg_score': 6.06, 'avg_vaep': 0.36}]","{'2013/2014': 19, '2014/2015': 21, '2015/2016': 9, '2016/2017': 9}"
ba655f12-a662-01f4-45f6-816a87ffe480,27244,Francisco Andrés Silva Gajardo,Midfielder,right,2,6.055,0.5711776234611534,"[{'season_label': '2013/2014', 'appearances': 2, 'avg_score': 6.05, 'avg_vaep': 0.57}]",{'2013/2014': 20}
48a79bcf-6049-ad89-4ef9-8cbc17afec96,4353,Aymeric Laporte,Defender,left,8,6.0325,0.295870679743075,"[{'season_label': '2013/2014', 'appearances': 1, 'avg_score': 6.0, 'avg_vaep': 0.12}, {'season_label': '2014/2015', 'appearances': 2, 'avg_score': 6.02, 'avg_vaep': 0.05}, {'season_label': '2015/2016', 'appearances': 2, 'avg_score': 6.0, 'avg_vaep': 0.76}, {'season_label': '2016/2017', 'appearances': 2, 'avg_score': 6.11, 'avg_vaep': 0.1}, {'season_label': '2020/2021', 'appearances': 1, 'avg_score': 6.01, 'avg_vaep': 0.43}]","{'2013/2014': 4, '2014/2015': 4, '2015/2016': 4, '2016/2017': 4, '2020/2021': 4}"
761213bc-d999-998a-5b22-d22b13db075f,10753,Erik Morán Arribas,Midfielder,right,2,6.0,0.16437626813967654,"[{'season_label': '2013/2014', 'appearances': 1, 'avg_score': 6.0, 'avg_vaep': 0.22}, {'season_label': '2016/2017', 'appearances': 1, 'avg_score': 6.0, 'avg_vaep': 0.11}]","{'2013/2014': 5, '2016/2017': 12}"
a1b07b89-80c5-acf5-ef69-cff16ebb1f42,5685,Carlos Alberto Sánchez Moreno,Attacker,right,2,6.095000000000001,0.15779550216939242,"[{'season_label': '2013/2014', 'appearances': 1, 'avg_score': 6.19, 'avg_vaep': 0.31}, {'season_label': '2020/2021', 'appearances': 1, 'avg_score': 6.0, 'avg_vaep': 0.0}]","{'2013/2014': 24, '2020/2021': 8}"
0224cd59-8e48-c504-1c79-47fd5cb20d53,6627,Damián Nicolás Suárez Suárez,Defender,right,10,6.053,0.5308887547633276,"[{'season_label': '2013/2014', 'appearances': 1, 'avg_score': 6.0, 'avg_vaep': 0.36}, {'season_label': '2014/2015', 'appearances': 2, 'avg_score': 6.03, 'avg_vaep': 0.32}, {'season_label': '2015/2016', 'appearances': 1, 'avg_score': 6.03, 'avg_vaep': 0.82}, {'season_label': '2017/2018', 'appearances': 2, 'avg_score': 6.09, 'avg_vaep': 0.57}, {'season_label': '2019/2020', 'appearances': 2, 'avg_score': 6.1, 'avg_vaep': 0.44}, {'season_label': '2020/2021', 'appearances': 2, 'avg_score': 6.03, 'avg_vaep': 0.74}]","{'2013/2014': 2, '2014/2015': 2, '2015/2016': 19, '2017/2018': 22, '2019/2020': 22, '2020/2021': 22}"
9823c909-1899-dc6f-227f-9133ba2dfd30,6702,David Rodríguez Lombán,Defender,right,7,6.017142857142857,0.15617220469331577,"[{'season_label': '2013/2014', 'appearances': 1, 'avg_score': 6.0, 'avg_vaep': 0.4}, {'season_label': '2014/2015', 'appearances': 2, 'avg_score': 6.0, 'avg_vaep': -0.2}, {'season_label': '2015/2016', 'appearances': 2, 'avg_score': 6.06, 'avg_vaep': 0.28}, {'season_label': '2016/2017', 'appearances': 1, 'avg_score': 6.0, 'avg_vaep': 0.35}, {'season_label': '2020/2021', 'appearances': 1, 'avg_score': 6.0, 'avg_vaep': 0.17}]","{'2013/2014': 4, '2014/2015': 4, '2015/2016': 2, '2016/2017': 6, '2020/2021': 22}"
21e60123-a3a0-df92-f391-f66b1e51903a,6800,Carles Gil de Pareja Vicent,Attacker,left,3,6.3500000000000005,0.4027091386039198,"[{'season_label': '2013/2014', 'appearances': 1, 'avg_score': 6.07, 'avg_vaep': 0.11}, {'season_label': '2016/2017', 'appearances': 1, 'avg_score': 6.08, 'avg_vaep': 0.45}, {'season_label': '2020/2021', 'appearances': 1, 'avg_score': 6.9, 'avg_vaep': 0.64}]","{'2013/2014': 15, '2016/2017': 11, '2020/2021': 11}"
b3674596-2d5a-1345-e1b6-dc85e9a80405,15960,Richmond Yiadom Boakye,Attacker,right,1,6.0,0.027707860128430184,"[{'season_label': '2013/2014', 'appearances': 1, 'avg_score': 6.0, 'avg_vaep': 0.03}]",{'2013/2014': 9}
6dc37508-9b79-0ef9-1398-38cfe94fe603,16001,Garry Mendes Rodrigues,Attacker,right,2,6.355,0.12027281816517643,"[{'season_label': '2013/2014', 'appearances': 1, 'avg_score': 6.54, 'avg_vaep': 0.06}, {'season_label': '2014/2015', 'appearances': 1, 'avg_score': 6.17, 'avg_vaep': 0.18}]","{'2013/2014': 25, '2014/2015': 11}"
917fa0f2-b70d-8a6f-d02b-80674012c19c,23825,Fidel Chaves de la Torre,Attacker,left,3,6.023333333333333,0.17610172236769964,"[{'season_label': '2013/2014', 'appearances': 1, 'avg_score': 6.0, 'avg_vaep': 0.01}, {'season_label': '2014/2015', 'appearances': 1, 'avg_score': 6.07, 'avg_vaep': 0.39}, {'season_label': '2019/2020', 'appearances': 1, 'avg_score': 6.0, 'avg_vaep': 0.13}]","{'2013/2014': 16, '2014/2015': 16, '2019/2020': 16}"
4d951e4a-8495-3a9c-bd85-cfcbede14509,26102,Ferrán Corominas Telechea,Attacker,right,3,6.016666666666667,0.25675960304094286,"[{'season_label': '2013/2014', 'appearances': 1, 'avg_score': 6.0, 'avg_vaep': 0.49}, {'season_label': '2014/2015', 'appearances': 2, 'avg_score': 6.03, 'avg_vaep': 0.14}]","{'2013/2014': 11, '2014/2015': 10}"
faab1087-93e9-6f5c-822f-f32c527f66ca,27206,Sergio Pelegrín López,Defender,right,3,6.0,0.19925539664836833,"[{'season_label': '2013/2014', 'appearances': 1, 'avg_score': 6.0, 'avg_vaep': 0.34}, {'season_label': '2014/2015', 'appearances': 2, 'avg_score': 6.0, 'avg_vaep': 0.13}]","{'2013/2014': 18, '2014/2015': 18}"
f51cfc97-dcd1-9892-b600-0e77f976bbf1,27207,Manuel Herrera Yagüe,GK,right,1,6.08,0.42988021736528026,"[{'season_label': '2013/2014', 'appearances': 1, 'avg_score': 6.08, 'avg_vaep': 0.43}]","{'2013/2014': 1, '2014/2015': 1}"
cf708fc1-decf-0337-aded-484f8f4519ae,6594,Santiago Mina Lorenzo,Attacker,right,12,6.264166666666667,0.2832918940283283,"[{'season_label': '2013/2014', 'appearances': 2, 'avg_score': 6.22, 'avg_vaep': 0.5}, {'season_label': '2014/2015', 'appearances': 1, 'avg_score': 6.0, 'avg_vaep': -0.01}, {'season_label': '2015/2016', 'appearances': 2, 'avg_score': 6.62, 'avg_vaep': 0.37}, {'season_label': '2016/2017', 'appearances': 1, 'avg_score': 6.0, 'avg_vaep': 0.32}, {'season_label': '2017/2018', 'appearances': 1, 'avg_score': 6.08, 'avg_vaep': 0.09}, {'season_label': '2018/2019', 'appearances': 1, 'avg_score': 6.0, 'avg_vaep': 0.05}, {'season_label': '2019/2020', 'appearances': 2, 'avg_score': 6.64, 'avg_vaep': 0.45}, {'season_label': '2020/2021', 'appearances': 2, 'avg_score': 6.05, 'avg_vaep': 0.15}]","{'2013/2014': 29, '2014/2015': 7, '2015/2016': 22, '2016/2017': 22, '2017/2018': 22, '2018/2019': 22, '2019/2020': 22, '2020/2021': 22}"
b5dd0e43-51a6-5a23-e2a1-3bf0483fe8cc,10612,Yoel Rodríguez Oterino,GK,right,4,6.0975,0.4365524828103844,"[{'season_label': '2013/2014', 'appearances': 2, 'avg_score': 6.07, 'avg_vaep': 0.31}, {'season_label': '2016/2017', 'appearances': 2, 'avg_score': 6.12, 'avg_vaep': 0.57}]","{'2013/2014': 13, '2014/2015': 13, '2015/2016': 25, '2016/2017': 1, '2017/2018': 13, '2018/2019': 13}"
7612936d-cc85-282c-6fa4-dd9d4ffe57f1,3990,Jesé Rodríguez Ruiz,Attacker,right,5,6.38,0.2611893570570828,"[{'season_label': '2013/2014', 'appearances': 1, 'avg_score': 6.37, 'avg_vaep': 0.06}, {'season_label': '2014/2015', 'appearances': 1, 'avg_score': 6.0, 'avg_vaep': 0.03}, {'season_label': '2015/2016', 'appearances': 1, 'avg_score': 6.0, 'avg_vaep': 0.25}, {'season_label': '2016/2017', 'appearances': 1, 'avg_score': 6.8, 'avg_vaep': 0.16}, {'season_label': '2017/2018', 'appearances': 1, 'avg_score': 6.73, 'avg_vaep': 0.81}]","{'2013/2014': 20, '2014/2015': 20, '2015/2016': 20, '2016/2017': 10, '2017/2018': 10}"
5a66b920-0f29-ac3f-a0ae-244cc2a51b39,5721,Daniel Carvajal Ramos,Defender,right,12,6.2875000000000005,0.45638829571885253,"[{'season_label': '2013/2014', 'appearances': 2, 'avg_score': 6.08, 'avg_vaep': 0.75}, {'season_label': '2014/2015', 'appearances': 2, 'avg_score': 6.12, 'avg_vaep': 0.71}, {'season_label': '2015/2016', 'appearances': 2, 'avg_score': 6.0, 'avg_vaep': 0.21}, {'season_label': '2016/2017', 'appearances': 2, 'avg_score': 6.45, 'avg_vaep': 0.46}, {'season_label': '2017/2018', 'appearances': 1, 'avg_score': 6.03, 'avg_vaep': -0.41}, {'season_label': '2018/2019', 'appearances': 2, 'avg_score': 6.87, 'avg_vaep': 0.57}, {'season_label': '2020/2021', 'appearances': 1, 'avg_score': 6.36, 'avg_vaep': 0.48}]","{'2013/2014': 15, '2014/2015': 15, '2015/2016': 15, '2016/2017': 2, '2017/2018': 2, '2018/2019': 2, '2020/2021': 2}"
985e9a46-e100-0535-6bba-f194249f6856,6399,Gareth Frank Bale,Attacker,left,10,6.37,0.4763101550534884,"[{'season_label': '2013/2014', 'appearances': 2, 'avg_score': 6.25, 'avg_vaep': 0.6}, {'season_label': '2014/2015', 'appearances': 1, 'avg_score': 6.3, 'avg_vaep': 0.38}, {'season_label': '2015/2016', 'appearances': 2, 'avg_score': 6.61, 'avg_vaep': 0.91}, {'season_label': '2016/2017', 'appearances': 1, 'avg_score': 6.03, 'avg_vaep': 0.27}, {'season_label': '2017/2018', 'appearances': 1, 'avg_score': 6.0, 'avg_vaep': 0.64}, {'season_label': '2018/2019', 'appearances': 1, 'avg_score': 6.43, 'avg_vaep': -0.15}, {'season_label': '2020/2021', 'appearances': 2, 'avg_score': 6.61, 'avg_vaep': 0.3}]","{'2013/2014': 11, '2014/2015': 11, '2015/2016': 11, '2016/2017': 11, '2017/2018': 11, '2018/2019': 11, '2020/2021': 11}"
c5c3d4fe-6b2c-c463-c7d7-ecba17cc9de7,6680,Rubén Rochina Naixes,Attacker,left,8,6.3425,0.4100557130748257,"[{'season_label': '2013/2014', 'appearances': 1, 'avg_score': 6.3, 'avg_vaep': 0.42}, {'season_label': '2014/2015', 'appearances': 1, 'avg_score': 6.07, 'avg_vaep': 1.04}, {'season_label': '2015/2016', 'appearances': 2, 'avg_score': 6.3, 'avg_vaep': 0.03}, {'season_label': '2017/2018', 'appearances': 2, 'avg_score': 6.21, 'avg_vaep': 0.45}, {'season_label': '2018/2019', 'appearances': 2, 'avg_score': 6.67, 'avg_vaep': 0.43}]","{'2013/2014': 16, '2014/2015': 23, '2015/2016': 23, '2017/2018': 16, '2018/2019': 16, '2019/2020': 16}"
c7a2af58-9d25-5231-c769-44fe4a45a500,7468,Iago Falqué Silva,Attacker,left,1,6.53,0.05613528391222644,"[{'season_label': '2013/2014', 'appearances': 1, 'avg_score': 6.53, 'avg_vaep': 0.06}]",{'2013/2014': 24}
2e23b644-2781-00dd-ab0f-32d60fc1d078,11672,Samuele Longo,Attacker,right,2,6.035,0.3732758088808623,"[{'season_label': '2013/2014', 'appearances': 1, 'avg_score': 6.0, 'avg_vaep': 0.09}, {'season_label': '2017/2018', 'appearances': 1, 'avg_score': 6.07, 'avg_vaep': 0.66}]","{'2013/2014': 12, '2017/2018': 12}"
4ffdf96a-a517-3b68-aa3a-b0bdea4125f0,24860,Héctor Rodas Ramírez,Defender,right,2,6.0,0.3394730060017537,"[{'season_label': '2013/2014', 'appearances': 1, 'avg_score': 6.0, 'avg_vaep': 0.47}, {'season_label': '2014/2015', 'appearances': 1, 'avg_score': 6.0, 'avg_vaep': 0.21}]","{'2013/2014': 5, '2014/2015': 5}"
a5585a4d-4b12-277f-ee5c-ad0880611bc6,4741,Juan Rafael Fuentes Hernández,Defender,left,4,6.0,0.30109034971974324,"[{'season_label': '2013/2014', 'appearances': 2, 'avg_score': 6.0, 'avg_vaep': 0.32}, {'season_label': '2014/2015', 'appearances': 1, 'avg_score': 6.0, 'avg_vaep': 0.23}, {'season_label': '2016/2017', 'appearances': 1, 'avg_score': 6.0, 'avg_vaep': 0.33}]","{'2013/2014': 18, '2014/2015': 18, '2016/2017': 16}"
c25e9a36-b62f-62f5-8f84-7fa83c70dc91,6754,David López Silva,Defender,right,9,6.084444444444444,0.4231178041461842,"[{'season_label': '2013/2014', 'appearances': 2, 'avg_score': 6.09, 'avg_vaep': 0.3}, {'season_label': '2016/2017', 'appearances': 2, 'avg_score': 6.06, 'avg_vaep': 1.16}, {'season_label': '2017/2018', 'appearances': 1, 'avg_score': 6.45, 'avg_vaep': 0.45}, {'season_label': '2018/2019', 'appearances': 2, 'avg_score': 6.0, 'avg_vaep': 0.15}, {'season_label': '2020/2021', 'appearances': 2, 'avg_score': 6.0, 'avg_vaep': 0.07}]","{'2013/2014': 14, '2016/2017': 15, '2017/2018': 15, '2018/2019': 15, '2020/2021': 15}"
6459257d-dab7-b85b-f4b5-7845e875e4d4,6777,Sidnei Rechel da Silva Júnior,Defender,right,10,6.067,0.25923420349408843,"[{'season_label': '2013/2014', 'appearances': 2, 'avg_score': 6.0, 'avg_vaep': 0.24}, {'season_label': '2014/2015', 'appearances': 2, 'avg_score': 6.0, 'avg_vaep': 0.29}, {'season_label': '2015/2016', 'appearances': 2, 'avg_score': 6.02, 'avg_vaep': 0.17}, {'season_label': '2016/2017', 'appearances': 1, 'avg_score': 6.0, 'avg_vaep': 0.01}, {'season_label': '2017/2018', 'appearances': 2, 'avg_score': 6.3, 'avg_vaep': 0.39}, {'season_label': '2020/2021', 'appearances': 1, 'avg_score': 6.02, 'avg_vaep': 0.42}]","{'2013/2014': 6, '2014/2015': 12, '2015/2016': 12, '2016/2017': 12, '2017/2018': 12, '2018/2019': 12, '2019/2020': 12, '2020/2021': 12}"
e105b88b-3e1a-c23e-c811-a708cd7edebf,8817,Jhon Andrés Córdoba Copete,Attacker,right,3,6.0,0.09145400203791117,"[{'season_label': '2013/2014', 'appearances': 2, 'avg_score': 6.0, 'avg_vaep': -0.0}, {'season_label': '2014/2015', 'appearances': 1, 'avg_score': 6.0, 'avg_vaep': 0.28}]","{'2013/2014': 24, '2014/2015': 18}"
e4b6be95-5f9c-bed3-7aec-a6fbe3fa5448,27147,Manuel Lanzarote Bruno,Midfielder,left,1,6.0,0.0676346133404877,"[{'season_label': '2013/2014', 'appearances': 1, 'avg_score': 6.0, 'avg_vaep': 0.07}]",{'2013/2014': 12}
596fe071-0b7c-d683-ba38-a087bce66ecf,27148,Abraham González Casanova,Defender,right,4,6.0024999999999995,0.35323341901312233,"[{'season_label': '2013/2014', 'appearances': 1, 'avg_score': 6.01, 'avg_vaep': 0.68}, {'season_label': '2014/2015', 'appearances': 2, 'avg_score': 6.0, 'avg_vaep': 0.34}, {'season_label': '2015/2016', 'appearances': 1, 'avg_score': 6.0, 'avg_vaep': 0.05}]","{'2013/2014': 23, '2014/2015': 10, '2015/2016': 10}"
b31c224e-fdd8-c42b-02a6-c95086af9694,23967,Alejandro Fernández Iglesias,Midfielder,right,3,6.359999999999999,0.2932068550077626,"[{'season_label': '2013/2014', 'appearances': 1, 'avg_score': 6.0, 'avg_vaep': 0.13}, {'season_label': '2019/2020', 'appearances': 2, 'avg_score': 6.54, 'avg_vaep': 0.37}]","{'2013/2014': 22, '2019/2020': 8}"
89ee3992-81ae-b43d-c8e2-e761959d8935,20883,José Ernesto Sosa,Attacker,right,1,6.0,0.22067234494898003,"[{'season_label': '2013/2014', 'appearances': 1, 'avg_score': 6.0, 'avg_vaep': 0.22}]",{'2013/2014': 24}
79514e88-8b8f-2aca-cc68-738d0cbb803e,3272,Oriol Romeu Vidal,Midfielder,right,1,6.22,0.46064147594370297,"[{'season_label': '2013/2014', 'appearances': 1, 'avg_score': 6.22, 'avg_vaep': 0.46}]",{'2013/2014': 6}
0ef41260-a5b0-9618-2ee7-e45b942cd46d,6663,Antonio Barragán Fernández,Defender,right,6,6.04,0.39705903679472004,"[{'season_label': '2013/2014', 'appearances': 1, 'avg_score': 6.0, 'avg_vaep': 0.24}, {'season_label': '2014/2015', 'appearances': 2, 'avg_score': 6.04, 'avg_vaep': 0.35}, {'season_label': '2015/2016', 'appearances': 1, 'avg_score': 6.0, 'avg_vaep': 0.7}, {'season_label': '2019/2020', 'appearances': 1, 'avg_score': 6.15, 'avg_vaep': 0.51}, {'season_label': '2020/2021', 'appearances': 1, 'avg_score': 6.0, 'avg_vaep': 0.24}]","{'2013/2014': 19, '2014/2015': 19, '2015/2016': 19, '2017/2018': 19, '2018/2019': 19, '2019/2020': 19, '2020/2021': 19}"
7c05147f-3029-c97c-e26c-0cb0b2469fca,6728,Federico Nicolás Cartabia,Attacker,left,4,6.1,0.21421104809633107,"[{'season_label': '2013/2014', 'appearances': 1, 'avg_score': 6.0, 'avg_vaep': 0.06}, {'season_label': '2014/2015', 'appearances': 1, 'avg_score': 6.4, 'avg_vaep': 0.62}, {'season_label': '2015/2016', 'appearances': 1, 'avg_score': 6.0, 'avg_vaep': 0.16}, {'season_label': '2020/2021', 'appearances': 1, 'avg_score': 6.0, 'avg_vaep': 0.01}]","{'2013/2014': 28, '2014/2015': 10, '2015/2016': 17, '2016/2017': 16, '2020/2021': 9}"
51ca813b-865f-b6a3-be61-edd9fdf0b157,27317,Eduardo Jesús Vargas Rojas,Attacker,right,1,6.0,0.03038226348144235,"[{'season_label': '2013/2014', 'appearances': 1, 'avg_score': 6.0, 'avg_vaep': 0.03}]",{'2013/2014': 17}
45e7f796-7d7f-b661-fabb-b61db524a286,27091,Jorge Sammir Cruz Campos,Attacker,right,2,6.125,0.7949674129140476,"[{'season_label': '2013/2014', 'appearances': 1, 'avg_score': 6.15, 'avg_vaep': 0.58}, {'season_label': '2014/2015', 'appearances': 1, 'avg_score': 6.1, 'avg_vaep': 1.01}]","{'2013/2014': 19, '2014/2015': 6}"
a02b64e3-b995-59f9-3257-779a887d1a75,18851,Stephan Maigaard Andersen,Midfielder,,0,,,[],{'2013/2014': 1}
17f5185b-1998-5f0c-f718-8661e54814f6,23985,José Antonio Caro Martínez,Defender,right,1,6.15,0.08279299460264156,"[{'season_label': '2013/2014', 'appearances': 1, 'avg_score': 6.15, 'avg_vaep': 0.08}]",{'2013/2014': 36}
a6b53bfc-7459-6780-4d5a-a24a3126d2f4,24505,Manuel Jesús Vázquez Florido,Midfielder,right,1,6.0,0.12337212735837966,"[{'season_label': '2013/2014', 'appearances': 1, 'avg_score': 6.0, 'avg_vaep': 0.12}]",{'2013/2014': 9}
dab74566-9661-8f7c-d166-dceb6ab60074,27202,Guillermo Sara,GK,right,1,6.07,0.11446690548109473,"[{'season_label': '2013/2014', 'appearances': 1, 'avg_score': 6.07, 'avg_vaep': 0.11}]",{'2013/2014': 13}
761db952-e7a7-544a-99d4-07165c2dc6bb,27203,Markus Steinhöfer,Defender,right,1,6.14,0.17938048478754354,"[{'season_label': '2013/2014', 'appearances': 1, 'avg_score': 6.14, 'avg_vaep': 0.18}]",{'2013/2014': 18}
994d1cad-9132-e48c-993d-58b492f71fc1,7216,Zakarya Bergdich,Midfielder,left,1,6.0,0.19001838556869188,"[{'season_label': '2013/2014', 'appearances': 1, 'avg_score': 6.0, 'avg_vaep': 0.19}]",{'2013/2014': 21}
99bf3d15-3d4b-f67d-6400-51a1af322505,10477,Stefan Mitrović,Defender,left,1,6.0,0.219910231699032,"[{'season_label': '2013/2014', 'appearances': 1, 'avg_score': 6.0, 'avg_vaep': 0.22}]",{'2013/2014': 15}
e3cbb2b5-450e-080c-a960-e2958f20e0ee,23843,Diego Mariño Villar,GK,right,3,6.07,0.5583112993833007,"[{'season_label': '2013/2014', 'appearances': 1, 'avg_score': 6.09, 'avg_vaep': 0.59}, {'season_label': '2014/2015', 'appearances': 1, 'avg_score': 6.12, 'avg_vaep': 0.46}, {'season_label': '2015/2016', 'appearances': 1, 'avg_score': 6.0, 'avg_vaep': 0.62}]","{'2013/2014': 13, '2014/2015': 13, '2015/2016': 1, '2016/2017': 13}"
b9a01aa7-7750-279f-4bc0-0c265a632095,26190,Álvaro Rubio Robles,Midfielder,right,1,6.0,0.6664678891829681,"[{'season_label': '2013/2014', 'appearances': 1, 'avg_score': 6.0, 'avg_vaep': 0.67}]",{'2013/2014': 18}
ff99dc2d-99ab-4c33-7ff1-58793b47bee6,27249,Fausto Rossi,Midfielder,right,2,6.35,0.6923127806221601,"[{'season_label': '2013/2014', 'appearances': 1, 'avg_score': 6.7, 'avg_vaep': 1.14}, {'season_label': '2014/2015', 'appearances': 1, 'avg_score': 6.0, 'avg_vaep': 0.25}]","{'2013/2014': 5, '2014/2015': 7}"
be9e47ef-1ac4-2972-d5be-e9836c8c7b73,27311,Valdet Skënder Rama,Midfielder,right,1,6.0,0.31183344202145236,"[{'season_label': '2013/2014', 'appearances': 1, 'avg_score': 6.0, 'avg_vaep': 0.31}]",{'2013/2014': 19}
8ddbd719-fcef-e496-0eb4-26aada20f825,27312,Jesús Rueda Ambrosio,Defender,right,1,6.0,0.8531794279679161,"[{'season_label': '2013/2014', 'appearances': 1, 'avg_score': 6.0, 'avg_vaep': 0.85}]",{'2013/2014': 6}
e4b68127-feba-cb9b-c99f-ea1ba5eb0fe8,27313,Carlos González Peña,Defender,left,1,6.0,0.5875388184613257,"[{'season_label': '2013/2014', 'appearances': 1, 'avg_score': 6.0, 'avg_vaep': 0.59}]",{'2013/2014': 17}
a256147c-9ed7-998d-36a1-0038d1eaa7ea,27517,Jaime Jiménez Merlo,GK,right,1,6.0,0.17189273471740307,"[{'season_label': '2014/2015', 'appearances': 1, 'avg_score': 6.0, 'avg_vaep': 0.17}]","{'2013/2014': 1, '2014/2015': 25}"
f7b49030-b84b-9784-8504-c5f439564b69,30991,Daniel Larsson,Midfielder,,0,,,[],{'2013/2014': 11}
bd3cd01c-4222-4fff-838a-74ccf727e1c7,41726,Humberto Segundo Osorio Botello,Midfielder,,0,,,[],{'2013/2014': 7}
b7f91ee1-b94f-1ed3-dbb2-959607f4b784,6605,Joseba Zaldúa Bengoetxea,Defender,right,8,6.1,0.4167881482649136,"[{'season_label': '2013/2014', 'appearances': 1, 'avg_score': 6.0, 'avg_vaep': 0.51}, {'season_label': '2015/2016', 'appearances': 1, 'avg_score': 6.0, 'avg_vaep': 0.06}, {'season_label': '2016/2017', 'appearances': 1, 'avg_score': 6.04, 'avg_vaep': 0.68}, {'season_label': '2017/2018', 'appearances': 2, 'avg_score': 6.1, 'avg_vaep': 0.53}, {'season_label': '2018/2019', 'appearances': 1, 'avg_score': 6.42, 'avg_vaep': 0.2}, {'season_label': '2020/2021', 'appearances': 2, 'avg_score': 6.07, 'avg_vaep': 0.42}]","{'2013/2014': 31, '2014/2015': 20, '2015/2016': 20, '2016/2017': 20, '2017/2018': 2, '2018/2019': 2, '2019/2020': 2, '2020/2021': 20}"
e0b8da96-bad1-458e-5d78-007b9e2d38c4,27242,Manuel Onwu Villafranca,Attacker,right,1,6.11,0.46241943919085315,"[{'season_label': '2013/2014', 'appearances': 1, 'avg_score': 6.11, 'avg_vaep': 0.46}]",{'2013/2014': 18}
602443a3-d690-7117-d8b4-a308844e963e,6707,Charles Días Barbosa de Oliveira,Attacker,right,10,6.2829999999999995,0.3752590237545519,"[{'season_label': '2013/2014', 'appearances': 1, 'avg_score': 6.31, 'avg_vaep': 0.68}, {'season_label': '2014/2015', 'appearances': 2, 'avg_score': 6.23, 'avg_vaep': 0.18}, {'season_label': '2015/2016', 'appearances': 2, 'avg_score': 6.46, 'avg_vaep': 0.61}, {'season_label': '2016/2017', 'appearances': 1, 'avg_score': 6.1, 'avg_vaep': 0.15}, {'season_label': '2017/2018', 'appearances': 1, 'avg_score': 6.98, 'avg_vaep': 0.17}, {'season_label': '2018/2019', 'appearances': 1, 'avg_score': 6.05, 'avg_vaep': 0.46}, {'season_label': '2020/2021', 'appearances': 2, 'avg_score': 6.0, 'avg_vaep': 0.36}]","{'2013/2014': 11, '2014/2015': 9, '2015/2016': 9, '2016/2017': 9, '2017/2018': 19, '2018/2019': 19, '2020/2021': 19}"
3d489341-9e57-449f-b290-647149f738d4,6998,Rafael Alcântara do Nascimento,Midfielder,left,49,6.381020408163265,0.3064776976750683,"[{'season_label': '2013/2014', 'appearances': 1, 'avg_score': 6.92, 'avg_vaep': 0.15}, {'season_label': '2014/2015', 'appearances': 24, 'avg_score': 6.46, 'avg_vaep': 0.31}, {'season_label': '2015/2016', 'appearances': 6, 'avg_score': 6.29, 'avg_vaep': 0.18}, {'season_label': '2016/2017', 'appearances': 14, 'avg_score': 6.36, 'avg_vaep': 0.39}, {'season_label': '2017/2018', 'appearances': 3, 'avg_score': 6.03, 'avg_vaep': 0.04}, {'season_label': '2018/2019', 'appearances': 1, 'avg_score': 6.0, 'avg_vaep': 0.77}]","{'2013/2014': 12, '2014/2015': 12, '2015/2016': 12, '2016/2017': 12, '2017/2018': 12, '2018/2019': 12, '2019/2020': 12}"
58135dbb-6c9b-1de7-e45e-7486908b2740,26494,Hernán Darío Pellerano,Defender,right,1,6.0,0.08730996127087565,"[{'season_label': '2013/2014', 'appearances': 1, 'avg_score': 6.0, 'avg_vaep': 0.09}]",{'2013/2014': 4}
3f5ee243-547d-ee91-fbd0-53c1c4a845aa,3058,Javier Hernández Balcázar,Attacker,right,1,6.05,0.022485281733679585,"[{'season_label': '2018/2019', 'appearances': 1, 'avg_score': 6.05, 'avg_vaep': 0.02}]","{'2014/2015': 14, '2018/2019': 14}"
6fe6a8a6-e6cb-7105-84ef-c4af0c34ce50,5574,Toni Kroos,Midfielder,right,12,6.63,0.6355593421062622,"[{'season_label': '2014/2015', 'appearances': 2, 'avg_score': 6.54, 'avg_vaep': 0.83}, {'season_label': '2015/2016', 'appearances': 2, 'avg_score': 6.31, 'avg_vaep': 0.61}, {'season_label': '2016/2017', 'appearances': 1, 'avg_score': 6.73, 'avg_vaep': 0.42}, {'season_label': '2017/2018', 'appearances': 1, 'avg_score': 6.12, 'avg_vaep': 0.56}, {'season_label': '2018/2019', 'appearances': 2, 'avg_score': 7.12, 'avg_vaep': 0.32}, {'season_label': '2019/2020', 'appearances': 2, 'avg_score': 6.7, 'avg_vaep': 0.55}, {'season_label': '2020/2021', 'appearances': 2, 'avg_score': 6.68, 'avg_vaep': 1.02}]","{'2014/2015': 8, '2015/2016': 8, '2016/2017': 8, '2017/2018': 8, '2018/2019': 8, '2019/2020': 8, '2020/2021': 8}"
8c722821-9b23-699f-256d-ea45ba5cdf13,25199,Lucas Silva Borges,Midfielder,right,1,6.0,0.16729122566175647,"[{'season_label': '2014/2015', 'appearances': 1, 'avg_score': 6.0, 'avg_vaep': 0.17}]",{'2014/2015': 16}
edc27f13-9c3b-4e4b-b29d-1cdbc45663f9,5246,Luis Alberto Suárez Díaz,Attacker,right,182,7.453461538461538,0.30434853387940486,"[{'season_label': '2014/2015', 'appearances': 27, 'avg_score': 7.21, 'avg_vaep': 0.29}, {'season_label': '2015/2016', 'appearances': 35, 'avg_score': 7.82, 'avg_vaep': 0.34}, {'season_label': '2016/2017', 'appearances': 32, 'avg_score': 7.48, 'avg_vaep': 0.33}, {'season_label': '2017/2018', 'appearances': 31, 'avg_score': 7.36, 'avg_vaep': 0.36}, {'season_label': '2018/2019', 'appearances': 25, 'avg_score': 7.16, 'avg_vaep': 0.21}, {'season_label': '2019/2020', 'appearances': 1, 'avg_score': 6.46, 'avg_vaep': 0.27}, {'season_label': '2020/2021', 'appearances': 31, 'avg_score': 7.59, 'avg_vaep': 0.27}]","{'2014/2015': 9, '2015/2016': 9, '2016/2017': 9, '2017/2018': 9, '2018/2019': 9, '2019/2020': 9, '2020/2021': 9}"
05d9bada-cfac-ac78-a47c-c067c4e90353,20055,Marc-André ter Stegen,GK,right,166,6.6377710843373485,0.23142398110213622,"[{'season_label': '2015/2016', 'appearances': 7, 'avg_score': 6.19, 'avg_vaep': 0.25}, {'season_label': '2016/2017', 'appearances': 32, 'avg_score': 6.86, 'avg_vaep': 0.31}, {'season_label': '2017/2018', 'appearances': 32, 'avg_score': 6.34, 'avg_vaep': 0.26}, {'season_label': '2018/2019', 'appearances': 31, 'avg_score': 6.94, 'avg_vaep': 0.17}, {'season_label': '2019/2020', 'appearances': 29, 'avg_score': 6.57, 'avg_vaep': 0.18}, {'season_label': '2020/2021', 'appearances': 35, 'avg_score': 6.59, 'avg_vaep': 0.23}]","{'2014/2015': 1, '2015/2016': 1, '2016/2017': 1, '2017/2018': 1, '2018/2019': 1, '2019/2020': 1, '2020/2021': 1}"
cae82d43-50cc-23ac-a7fc-9ae38dab38ab,3637,Grzegorz Krychowiak,Midfielder,right,3,6.1000000000000005,0.6525061483935133,"[{'season_label': '2014/2015', 'appearances': 2, 'avg_score': 6.04, 'avg_vaep': 0.76}, {'season_label': '2015/2016', 'appearances': 1, 'avg_score': 6.23, 'avg_vaep': 0.44}]","{'2014/2015': 4, '2015/2016': 4}"
bea6cfd5-0b4f-5e3c-735a-972cf0eb8450,6609,Denis Suárez Fernández,Midfielder,right,49,6.201020408163266,0.2679019236005917,"[{'season_label': '2014/2015', 'appearances': 1, 'avg_score': 6.0, 'avg_vaep': 0.41}, {'season_label': '2015/2016', 'appearances': 2, 'avg_score': 6.25, 'avg_vaep': 0.22}, {'season_label': '2016/2017', 'appearances': 23, 'avg_score': 6.21, 'avg_vaep': 0.28}, {'season_label': '2017/2018', 'appearances': 2, 'avg_score': 6.05, 'avg_vaep': 0.01}, {'season_label': '2018/2019', 'appearances': 2, 'avg_score': 6.23, 'avg_vaep': 0.58}, {'season_label': '2019/2020', 'appearances': 2, 'avg_score': 6.44, 'avg_vaep': 0.47}, {'season_label': '2020/2021', 'appearances': 17, 'avg_score': 6.18, 'avg_vaep': 0.22}]","{'2014/2015': 17, '2015/2016': 18, '2016/2017': 6, '2017/2018': 6, '2018/2019': 6, '2019/2020': 6, '2020/2021': 6}"
6fab6e3a-a342-48ec-1e34-a4aeedecddc8,3302,Nordin Amrabat,Attacker,right,4,6.505,0.42975899958491937,"[{'season_label': '2014/2015', 'appearances': 1, 'avg_score': 6.5, 'avg_vaep': 0.82}, {'season_label': '2015/2016', 'appearances': 1, 'avg_score': 6.13, 'avg_vaep': 0.27}, {'season_label': '2020/2021', 'appearances': 2, 'avg_score': 6.7, 'avg_vaep': 0.31}]","{'2014/2015': 2, '2015/2016': 11, '2020/2021': 7}"
1b727462-55ef-01f9-d754-00995c62ea12,6563,Juan Pablo Añor Acosta,Attacker,left,6,6.333333333333333,0.2264655138269518,"[{'season_label': '2014/2015', 'appearances': 2, 'avg_score': 6.12, 'avg_vaep': 0.19}, {'season_label': '2015/2016', 'appearances': 2, 'avg_score': 6.5, 'avg_vaep': 0.23}, {'season_label': '2016/2017', 'appearances': 1, 'avg_score': 6.35, 'avg_vaep': 0.08}, {'season_label': '2020/2021', 'appearances': 1, 'avg_score': 6.42, 'avg_vaep': 0.45}]","{'2014/2015': 28, '2015/2016': 28, '2016/2017': 10, '2020/2021': 10}"
5227fa9a-19dc-e7ba-113f-50a405dcaf09,6569,Roberto José Rosales Altuve,Defender,right,8,6.13875,0.6732840924921675,"[{'season_label': '2014/2015', 'appearances': 2, 'avg_score': 6.14, 'avg_vaep': 0.78}, {'season_label': '2015/2016', 'appearances': 2, 'avg_score': 6.07, 'avg_vaep': 0.33}, {'season_label': '2016/2017', 'appearances': 1, 'avg_score': 6.0, 'avg_vaep': 0.36}, {'season_label': '2017/2018', 'appearances': 1, 'avg_score': 6.03, 'avg_vaep': 1.33}, {'season_label': '2018/2019', 'appearances': 1, 'avg_score': 6.0, 'avg_vaep': 0.11}, {'season_label': '2020/2021', 'appearances': 1, 'avg_score': 6.65, 'avg_vaep': 1.37}]","{'2014/2015': 18, '2015/2016': 18, '2016/2017': 18, '2017/2018': 8, '2018/2019': 16, '2020/2021': 18}"
8bd2c3f7-fd5b-165b-470b-eb1cc83071ab,6829,Samuel Castillejo Azuaga,Midfielder,left,8,6.1075,0.4204580272496514,"[{'season_label': '2014/2015', 'appearances': 2, 'avg_score': 6.08, 'avg_vaep': 0.62}, {'season_label': '2015/2016', 'appearances': 2, 'avg_score': 6.11, 'avg_vaep': 0.34}, {'season_label': '2016/2017', 'appearances': 2, 'avg_score': 6.0, 'avg_vaep': -0.06}, {'season_label': '2020/2021', 'appearances': 2, 'avg_score': 6.24, 'avg_vaep': 0.78}]","{'2014/2015': 29, '2015/2016': 19, '2016/2017': 19, '2020/2021': 10}"
ac5c4822-7785-8d6f-e450-65d0a3f92b0c,7782,Luis Alberto Romero Alconchel,Attacker,right,2,6.0,0.0037527887980104424,"[{'season_label': '2014/2015', 'appearances': 1, 'avg_score': 6.0, 'avg_vaep': -0.08}, {'season_label': '2015/2016', 'appearances': 1, 'avg_score': 6.0, 'avg_vaep': 0.09}]","{'2014/2015': 22, '2015/2016': 21}"
7d2be41b-1bde-6ff8-fe45-150c37488ebb,3508,Sandro Ramírez Castillo,Attacker,right,20,6.237,0.12300615827316505,"[{'season_label': '2014/2015', 'appearances': 7, 'avg_score': 6.3, 'avg_vaep': 0.07}, {'season_label': '2015/2016', 'appearances': 10, 'avg_score': 6.17, 'avg_vaep': 0.18}, {'season_label': '2016/2017', 'appearances': 1, 'avg_score': 6.81, 'avg_vaep': 0.15}, {'season_label': '2017/2018', 'appearances': 1, 'avg_score': 6.0, 'avg_vaep': -0.11}, {'season_label': '2018/2019', 'appearances': 1, 'avg_score': 6.12, 'avg_vaep': 0.07}]","{'2014/2015': 29, '2015/2016': 19, '2016/2017': 19, '2017/2018': 24, '2018/2019': 20, '2019/2020': 6}"
f0467e85-6f9e-e5f0-5a18-15fca47b7787,6616,Munir El Haddadi Mohamed,Attacker,left,39,6.435384615384615,0.19308446011512923,"[{'season_label': '2014/2015', 'appearances': 10, 'avg_score': 6.48, 'avg_vaep': 0.12}, {'season_label': '2015/2016', 'appearances': 15, 'avg_score': 6.55, 'avg_vaep': 0.27}, {'season_label': '2016/2017', 'appearances': 3, 'avg_score': 6.89, 'avg_vaep': 0.23}, {'season_label': '2017/2018', 'appearances': 6, 'avg_score': 6.17, 'avg_vaep': 0.17}, {'season_label': '2018/2019', 'appearances': 2, 'avg_score': 6.12, 'avg_vaep': 0.06}, {'season_label': '2019/2020', 'appearances': 2, 'avg_score': 6.0, 'avg_vaep': 0.18}, {'season_label': '2020/2021', 'appearances': 1, 'avg_score': 6.0, 'avg_vaep': 0.05}]","{'2014/2015': 31, '2015/2016': 17, '2016/2017': 17, '2017/2018': 19, '2018/2019': 11, '2019/2020': 11, '2020/2021': 24}"
7b01caa0-7b92-e842-4d45-487ee923bdd4,27318,Douglas Pereira dos Santos,Defender,right,4,6.1625,0.30406714258651846,"[{'season_label': '2014/2015', 'appearances': 2, 'avg_score': 6.33, 'avg_vaep': 0.52}, {'season_label': '2015/2016', 'appearances': 1, 'avg_score': 6.0, 'avg_vaep': -0.01}, {'season_label': '2016/2017', 'appearances': 1, 'avg_score': 6.0, 'avg_vaep': 0.18}]","{'2014/2015': 16, '2015/2016': 2, '2016/2017': 2}"
9d38e6ea-b92b-2aeb-0a83-b570188d5a1a,6769,Edinaldo Gomes Pereira,Defender,right,4,6.0,0.9480149648297811,"[{'season_label': '2014/2015', 'appearances': 1, 'avg_score': 6.0, 'avg_vaep': 1.51}, {'season_label': '2017/2018', 'appearances': 1, 'avg_score': 6.0, 'avg_vaep': 1.64}, {'season_label': '2018/2019', 'appearances': 1, 'avg_score': 6.0, 'avg_vaep': 0.4}, {'season_label': '2020/2021', 'appearances': 1, 'avg_score': 6.0, 'avg_vaep': 0.24}]","{'2014/2015': 5, '2017/2018': 5, '2018/2019': 5, '2020/2021': 5}"
a6ce9144-3f69-0d09-79d7-88694448382d,6780,Iván López Álvarez,Attacker,right,2,6.275,0.5221780091023902,"[{'season_label': '2014/2015', 'appearances': 1, 'avg_score': 6.02, 'avg_vaep': 0.2}, {'season_label': '2020/2021', 'appearances': 1, 'avg_score': 6.53, 'avg_vaep': 0.85}]","{'2014/2015': 26, '2020/2021': 14}"
34ad9bc8-3e3c-72c6-2281-cb2c744ac966,6856,Carlos Martín Vigaray,Defender,right,4,6.0024999999999995,0.3628630563352999,"[{'season_label': '2016/2017', 'appearances': 2, 'avg_score': 6.0, 'avg_vaep': 0.18}, {'season_label': '2017/2018', 'appearances': 1, 'avg_score': 6.0, 'avg_vaep': 0.53}, {'season_label': '2020/2021', 'appearances': 1, 'avg_score': 6.0, 'avg_vaep': 0.56}]","{'2014/2015': 27, '2016/2017': 22, '2017/2018': 2, '2020/2021': 2}"
498b573d-a32e-7569-8a7d-71610328fdbb,11813,Emiliano Buendía,Attacker,right,2,6.43,0.6437563884210249,"[{'season_label': '2014/2015', 'appearances': 1, 'avg_score': 6.55, 'avg_vaep': 0.46}, {'season_label': '2015/2016', 'appearances': 1, 'avg_score': 6.31, 'avg_vaep': 0.83}]","{'2014/2015': 32, '2015/2016': 32}"
07fb6ce3-9032-041f-0d9e-1cbeb08f2fb2,17054,Emiliano Daniel Velázquez Maldonado,Defender,right,4,6.0,0.10875331464694682,"[{'season_label': '2014/2015', 'appearances': 2, 'avg_score': 6.0, 'avg_vaep': -0.14}, {'season_label': '2015/2016', 'appearances': 1, 'avg_score': 6.0, 'avg_vaep': 0.3}, {'season_label': '2017/2018', 'appearances': 1, 'avg_score': 6.0, 'avg_vaep': 0.41}]","{'2014/2015': 4, '2015/2016': 4, '2017/2018': 20}"
f76ac036-826d-99d8-647e-653d46bc965f,27179,Fredy Hinestroza Arias,Midfielder,left,1,6.46,0.4972107291832799,"[{'season_label': '2014/2015', 'appearances': 1, 'avg_score': 6.46, 'avg_vaep': 0.5}]",{'2014/2015': 23}
79e9d54e-9c7d-5b08-590d-4615ba02c3c2,27204,Alejandro Felip Selma,Midfielder,right,1,6.0,0.454068268832998,"[{'season_label': '2014/2015', 'appearances': 1, 'avg_score': 6.0, 'avg_vaep': 0.45}]",{'2014/2015': 36}
698e3a8c-e834-60dc-cba0-b81cddbfda3f,297256,Pedro Astray López,Midfielder,,0,,,[],{'2014/2015': 28}
b5ce8f54-98db-9a47-693e-efeb6af8200d,297257,Jonathan López Pérez,Midfielder,,0,,,[],{'2014/2015': 1}
6f3a770e-5af1-fd4c-adc5-f004b81e1040,4498,Jean-Sylvain Claude Babin,Defender,right,4,6.11,0.28070681646067897,"[{'season_label': '2014/2015', 'appearances': 2, 'avg_score': 6.22, 'avg_vaep': 0.18}, {'season_label': '2015/2016', 'appearances': 1, 'avg_score': 6.0, 'avg_vaep': 0.19}, {'season_label': '2016/2017', 'appearances': 1, 'avg_score': 6.0, 'avg_vaep': 0.57}]","{'2014/2015': 6, '2015/2016': 6, '2016/2017': 3}"
009c434c-ab57-de48-a31f-6b669e7ba266,6918,Isaac Ajayi Success,Attacker,right,3,6.173333333333333,0.7716044929441827,"[{'season_label': '2014/2015', 'appearances': 2, 'avg_score': 6.02, 'avg_vaep': 0.75}, {'season_label': '2015/2016', 'appearances': 1, 'avg_score': 6.48, 'avg_vaep': 0.81}]","{'2014/2015': 29, '2015/2016': 11}"
aaaac19f-0c76-aea4-7ce9-f28ec5a15527,11169,Luís Carlos Ramos Martins,Attacker,left,1,6.09,-0.036581415370164905,"[{'season_label': '2014/2015', 'appearances': 1, 'avg_score': 6.09, 'avg_vaep': -0.04}]",{'2014/2015': 3}
bbf94d74-de13-fcaf-2459-01d4a69d129c,22811,Héctor Yuste Cantón,Midfielder,right,1,6.0,-0.15393191561088315,"[{'season_label': '2014/2015', 'appearances': 1, 'avg_score': 6.0, 'avg_vaep': -0.15}]",{'2014/2015': 7}
39dcd6ad-a1d4-6375-41f5-50101c5beead,23799,Eddy Silvestre Pascual İsrafilov,Midfielder,right,2,6.0,0.6647339452429151,"[{'season_label': '2014/2015', 'appearances': 1, 'avg_score': 6.0, 'avg_vaep': 0.87}, {'season_label': '2015/2016', 'appearances': 1, 'avg_score': 6.0, 'avg_vaep': 0.46}]","{'2014/2015': 14, '2015/2016': 6}"
c922de9e-01cb-a8a4-684f-6c3471130e4c,3130,Gaël Kakuta,Attacker,left,3,6.27,0.5058589786482722,"[{'season_label': '2014/2015', 'appearances': 2, 'avg_score': 6.4, 'avg_vaep': 0.55}, {'season_label': '2016/2017', 'appearances': 1, 'avg_score': 6.0, 'avg_vaep': 0.41}]","{'2014/2015': 12, '2016/2017': 23}"
6e96be83-2cf8-bc6b-35a9-56e8fb66c76a,6852,Jozabed Sánchez Ruiz,Midfielder,right,7,6.2700000000000005,0.703981165760914,"[{'season_label': '2014/2015', 'appearances': 2, 'avg_score': 6.0, 'avg_vaep': 0.14}, {'season_label': '2015/2016', 'appearances': 1, 'avg_score': 6.85, 'avg_vaep': 1.91}, {'season_label': '2016/2017', 'appearances': 1, 'avg_score': 6.0, 'avg_vaep': -0.02}, {'season_label': '2017/2018', 'appearances': 1, 'avg_score': 6.86, 'avg_vaep': 0.88}, {'season_label': '2020/2021', 'appearances': 2, 'avg_score': 6.09, 'avg_vaep': 0.94}]","{'2014/2015': 21, '2015/2016': 21, '2016/2017': 16, '2017/2018': 21, '2020/2021': 16}"
7792b558-ca0c-76d2-4d69-5582021ac501,10851,Luis Carlos Pereira Carneiro,Attacker,right,2,6.02,0.3036061235834495,"[{'season_label': '2014/2015', 'appearances': 2, 'avg_score': 6.02, 'avg_vaep': 0.3}]",{'2014/2015': 22}
8ee7730e-97c6-7473-a424-ccfeff49ab20,11536,Abdoulaye Ba,Defender,right,2,6.025,0.1917427676371517,"[{'season_label': '2014/2015', 'appearances': 2, 'avg_score': 6.03, 'avg_vaep': 0.19}]",{'2014/2015': 15}
cf55a3f1-c3e9-436d-5feb-cd736ed7fc43,11538,Alejandro Moreno Lopera,Defender,left,4,6.075,0.45045943946706757,"[{'season_label': '2017/2018', 'appearances': 1, 'avg_score': 6.03, 'avg_vaep': 0.91}, {'season_label': '2018/2019', 'appearances': 1, 'avg_score': 6.0, 'avg_vaep': 0.37}, {'season_label': '2019/2020', 'appearances': 2, 'avg_score': 6.13, 'avg_vaep': 0.26}]","{'2014/2015': 27, '2017/2018': 7, '2018/2019': 15, '2019/2020': 15}"
91caf8ba-f768-a5cc-1a69-f73a26e173dd,24138,Joaquín José Marín Ruiz,Defender,right,3,6.02,0.5226452076464435,"[{'season_label': '2014/2015', 'appearances': 1, 'avg_score': 6.0, 'avg_vaep': 0.23}, {'season_label': '2015/2016', 'appearances': 1, 'avg_score': 6.06, 'avg_vaep': 0.69}, {'season_label': '2019/2020', 'appearances': 1, 'avg_score': 6.0, 'avg_vaep': 0.65}]","{'2014/2015': 17, '2015/2016': 17, '2019/2020': 17}"
53b35461-2d26-628e-7398-6a80e254864e,6332,Thomas Vermaelen,Defender,left,31,6.269032258064517,0.36172510446827333,"[{'season_label': '2014/2015', 'appearances': 1, 'avg_score': 6.22, 'avg_vaep': 0.51}, {'season_label': '2015/2016', 'appearances': 10, 'avg_score': 6.25, 'avg_vaep': 0.18}, {'season_label': '2017/2018', 'appearances': 7, 'avg_score': 6.26, 'avg_vaep': 0.57}, {'season_label': '2020/2021', 'appearances': 13, 'avg_score': 6.29, 'avg_vaep': 0.38}]","{'2014/2015': 23, '2015/2016': 23, '2017/2018': 24, '2020/2021': 25}"
793d8e74-5d2b-346c-4ddc-27a534083243,11302,Jordi Masip López,GK,right,7,6.114285714285714,0.2597120570753759,"[{'season_label': '2014/2015', 'appearances': 1, 'avg_score': 6.0, 'avg_vaep': 0.05}, {'season_label': '2017/2018', 'appearances': 2, 'avg_score': 6.21, 'avg_vaep': 0.16}, {'season_label': '2018/2019', 'appearances': 2, 'avg_score': 6.01, 'avg_vaep': 0.16}, {'season_label': '2019/2020', 'appearances': 2, 'avg_score': 6.19, 'avg_vaep': 0.56}]","{'2014/2015': 25, '2015/2016': 25, '2016/2017': 25, '2017/2018': 1, '2018/2019': 1, '2019/2020': 1}"
c2368d3d-4570-5a56-e51e-c5940e187f8d,5582,Celso Borges Mora,Midfielder,right,6,6.223333333333334,0.38370266751614207,"[{'season_label': '2014/2015', 'appearances': 1, 'avg_score': 6.03, 'avg_vaep': 0.48}, {'season_label': '2015/2016', 'appearances': 1, 'avg_score': 6.6, 'avg_vaep': 0.49}, {'season_label': '2016/2017', 'appearances': 2, 'avg_score': 6.15, 'avg_vaep': 0.35}, {'season_label': '2020/2021', 'appearances': 2, 'avg_score': 6.2, 'avg_vaep': 0.32}]","{'2014/2015': 22, '2015/2016': 22, '2016/2017': 22, '2020/2021': 22}"
5db30d43-f379-1ae8-2e8f-09070647e4cb,6732,Lucas Pérez Martínez,Attacker,left,9,6.699999999999999,0.3458436415144711,"[{'season_label': '2014/2015', 'appearances': 2, 'avg_score': 6.37, 'avg_vaep': 0.1}, {'season_label': '2015/2016', 'appearances': 2, 'avg_score': 7.52, 'avg_vaep': 0.42}, {'season_label': '2018/2019', 'appearances': 2, 'avg_score': 6.1, 'avg_vaep': 0.44}, {'season_label': '2019/2020', 'appearances': 1, 'avg_score': 6.61, 'avg_vaep': 0.41}, {'season_label': '2020/2021', 'appearances': 2, 'avg_score': 6.86, 'avg_vaep': 0.4}]","{'2014/2015': 7, '2015/2016': 7, '2018/2019': 7, '2019/2020': 7, '2020/2021': 7}"
6591d327-f6f7-31e5-89b0-e869adadf940,9931,Hélder Wander Sousa Azevedo Costa,Midfielder,,0,,,[],{'2014/2015': 32}
23b1f559-d8bd-157d-0d74-1c83957ed4f2,10277,Fabricio Martín Agosto Ramírez,GK,right,2,6.075,0.9660887416466721,"[{'season_label': '2014/2015', 'appearances': 2, 'avg_score': 6.08, 'avg_vaep': 0.97}]","{'2014/2015': 13, '2018/2019': 13}"
06d86297-d6e2-8d46-37d6-0c86c2a2f5b6,12358,Haris Medunjanin,Defender,left,2,6.01,0.7213770513153577,"[{'season_label': '2014/2015', 'appearances': 2, 'avg_score': 6.01, 'avg_vaep': 0.72}]","{'2014/2015': 8, '2015/2016': 8}"
3dd26ce3-b599-b4fc-1064-800673f5b833,16083,José Rodríguez Martínez,Attacker,right,2,6.07,0.16411107708154304,"[{'season_label': '2014/2015', 'appearances': 2, 'avg_score': 6.07, 'avg_vaep': 0.16}]",{'2014/2015': 6}
79b32d09-31a0-e402-c4bf-9c2297caaec2,18243,Ivan Ricardo Neves Abreu Cavaleiro,Attacker,right,2,6.075,0.11923579891208647,"[{'season_label': '2014/2015', 'appearances': 2, 'avg_score': 6.08, 'avg_vaep': 0.12}]",{'2014/2015': 19}
426281d7-3409-354c-2140-25722c6160a8,27092,Abdoul Karim Yoda,Midfielder,left,2,6.02,0.18951041844957217,"[{'season_label': '2014/2015', 'appearances': 1, 'avg_score': 6.0, 'avg_vaep': 0.08}, {'season_label': '2015/2016', 'appearances': 1, 'avg_score': 6.04, 'avg_vaep': 0.3}]","{'2014/2015': 11, '2015/2016': 11}"
604b37ea-63ea-51fa-5fb3-d8a89ec056e6,11746,Unai López Cabrera,Midfielder,right,5,6.064,0.4387895847165055,"[{'season_label': '2014/2015', 'appearances': 2, 'avg_score': 6.16, 'avg_vaep': 0.46}, {'season_label': '2016/2017', 'appearances': 2, 'avg_score': 6.0, 'avg_vaep': 0.34}, {'season_label': '2018/2019', 'appearances': 1, 'avg_score': 6.0, 'avg_vaep': 0.59}]","{'2014/2015': 29, '2016/2017': 19, '2017/2018': 23, '2018/2019': 8, '2019/2020': 8}"
66e96398-da90-a8d3-7c3c-67d6e136fb03,23833,Borja Viguera Manzanares,Midfielder,right,1,6.0,0.054080535173852695,"[{'season_label': '2014/2015', 'appearances': 1, 'avg_score': 6.0, 'avg_vaep': 0.05}]","{'2014/2015': 21, '2015/2016': 21}"
06a9d51e-0421-3572-ef07-20dd27a84792,6796,Nemanja Radoja,Midfielder,right,8,6.02375,0.3486266475943012,"[{'season_label': '2014/2015', 'appearances': 2, 'avg_score': 6.0, 'avg_vaep': 0.11}, {'season_label': '2015/2016', 'appearances': 2, 'avg_score': 6.0, 'avg_vaep': 0.33}, {'season_label': '2016/2017', 'appearances': 1, 'avg_score': 6.01, 'avg_vaep': 0.8}, {'season_label': '2018/2019', 'appearances': 1, 'avg_score': 6.18, 'avg_vaep': 0.68}, {'season_label': '2019/2020', 'appearances': 1, 'avg_score': 6.0, 'avg_vaep': 0.43}, {'season_label': '2020/2021', 'appearances': 1, 'avg_score': 6.0, 'avg_vaep': 0.01}]","{'2014/2015': 6, '2015/2016': 6, '2016/2017': 6, '2018/2019': 5, '2019/2020': 5, '2020/2021': 6}"
1fb333bc-34b8-d1f1-d1d4-34f90869367a,6801,Pedro Pablo Hernández,Midfielder,left,5,6.022,0.4628094793264609,"[{'season_label': '2014/2015', 'appearances': 2, 'avg_score': 6.05, 'avg_vaep': 0.92}, {'season_label': '2015/2016', 'appearances': 2, 'avg_score': 6.0, 'avg_vaep': 0.22}, {'season_label': '2020/2021', 'appearances': 1, 'avg_score': 6.0, 'avg_vaep': 0.03}]","{'2014/2015': 5, '2015/2016': 8, '2020/2021': 8}"
a322852c-e0df-73e2-04b7-e67cbbef0d0a,6804,Sergi Gómez Solà,Defender,right,7,6.015714285714286,0.3416057487886844,"[{'season_label': '2014/2015', 'appearances': 1, 'avg_score': 6.0, 'avg_vaep': 0.46}, {'season_label': '2015/2016', 'appearances': 1, 'avg_score': 6.0, 'avg_vaep': 0.24}, {'season_label': '2016/2017', 'appearances': 1, 'avg_score': 6.04, 'avg_vaep': 0.53}, {'season_label': '2017/2018', 'appearances': 2, 'avg_score': 6.03, 'avg_vaep': 0.33}, {'season_label': '2020/2021', 'appearances': 2, 'avg_score': 6.01, 'avg_vaep': 0.25}]","{'2014/2015': 20, '2015/2016': 20, '2016/2017': 20, '2017/2018': 3, '2018/2019': 3, '2019/2020': 3, '2020/2021': 20}"
5637f327-937f-f2be-b7d0-a499a0b99d3c,6884,Sergio Álvarez Conde,GK,right,6,6.253333333333333,0.3503770723455091,"[{'season_label': '2014/2015', 'appearances': 2, 'avg_score': 6.16, 'avg_vaep': 0.28}, {'season_label': '2015/2016', 'appearances': 2, 'avg_score': 6.33, 'avg_vaep': 0.53}, {'season_label': '2016/2017', 'appearances': 1, 'avg_score': 6.54, 'avg_vaep': 0.31}, {'season_label': '2020/2021', 'appearances': 1, 'avg_score': 6.0, 'avg_vaep': 0.16}]","{'2014/2015': 1, '2015/2016': 1, '2016/2017': 1, '2017/2018': 1, '2018/2019': 1, '2020/2021': 1}"
cdad4315-9137-3e47-eba5-ab6c984c2b55,13552,Borja Fernández Fernández,Midfielder,right,1,6.0,0.061979479833098594,"[{'season_label': '2014/2015', 'appearances': 1, 'avg_score': 6.0, 'avg_vaep': 0.06}]","{'2014/2015': 28, '2015/2016': 28}"
816a6db4-1f0e-4464-4bc6-5808b6db5ca4,6386,Eneko Bóveda Altube,Defender,right,6,6.06,0.3974852423937894,"[{'season_label': '2014/2015', 'appearances': 2, 'avg_score': 6.16, 'avg_vaep': 0.61}, {'season_label': '2015/2016', 'appearances': 2, 'avg_score': 6.02, 'avg_vaep': 0.22}, {'season_label': '2016/2017', 'appearances': 1, 'avg_score': 6.0, 'avg_vaep': 0.21}, {'season_label': '2020/2021', 'appearances': 1, 'avg_score': 6.0, 'avg_vaep': 0.5}]","{'2014/2015': 2, '2015/2016': 2, '2016/2017': 2, '2020/2021': 2}"
b2dc4495-78a4-744a-1684-d3b0ea933702,6693,Raúl Rodríguez Navas,Defender,right,7,6.115714285714286,0.36323227973818056,"[{'season_label': '2014/2015', 'appearances': 1, 'avg_score': 6.0, 'avg_vaep': 0.61}, {'season_label': '2016/2017', 'appearances': 2, 'avg_score': 6.29, 'avg_vaep': 0.12}, {'season_label': '2018/2019', 'appearances': 1, 'avg_score': 6.0, 'avg_vaep': 0.95}, {'season_label': '2019/2020', 'appearances': 1, 'avg_score': 6.0, 'avg_vaep': 0.42}, {'season_label': '2020/2021', 'appearances': 2, 'avg_score': 6.12, 'avg_vaep': 0.16}]","{'2014/2015': 22, '2016/2017': 22, '2017/2018': 22, '2018/2019': 3, '2019/2020': 22, '2020/2021': 22}"
59587bff-ec1c-7846-f3e3-4230141556ae,6699,Ander Capa Rodríguez,Defender,right,10,6.057,0.436410125513612,"[{'season_label': '2014/2015', 'appearances': 2, 'avg_score': 6.03, 'avg_vaep': 0.08}, {'season_label': '2015/2016', 'appearances': 2, 'avg_score': 6.04, 'avg_vaep': 0.45}, {'season_label': '2016/2017', 'appearances': 2, 'avg_score': 6.14, 'avg_vaep': 1.07}, {'season_label': '2018/2019', 'appearances': 1, 'avg_score': 6.0, 'avg_vaep': -0.04}, {'season_label': '2019/2020', 'appearances': 2, 'avg_score': 6.07, 'avg_vaep': 0.33}, {'season_label': '2020/2021', 'appearances': 1, 'avg_score': 6.0, 'avg_vaep': 0.57}]","{'2014/2015': 7, '2015/2016': 7, '2016/2017': 7, '2017/2018': 21, '2018/2019': 21, '2019/2020': 21, '2020/2021': 7}"
ad5ab367-6166-9d6e-adba-ee691c4a1d22,6727,Raúl Albentosa Redal,Defender,right,5,6.034000000000001,0.23338421899752576,"[{'season_label': '2014/2015', 'appearances': 1, 'avg_score': 6.17, 'avg_vaep': -0.06}, {'season_label': '2015/2016', 'appearances': 1, 'avg_score': 6.0, 'avg_vaep': 0.33}, {'season_label': '2016/2017', 'appearances': 2, 'avg_score': 6.0, 'avg_vaep': 0.39}, {'season_label': '2020/2021', 'appearances': 1, 'avg_score': 6.0, 'avg_vaep': 0.12}]","{'2014/2015': 6, '2015/2016': 2, '2016/2017': 6, '2020/2021': 6}"
8e443d68-19ae-22b2-d64f-75266f535b59,6775,Daniel García Carrillo,Midfielder,right,12,6.1191666666666675,0.28841973189188747,"[{'season_label': '2014/2015', 'appearances': 1, 'avg_score': 6.02, 'avg_vaep': 0.61}, {'season_label': '2015/2016', 'appearances': 2, 'avg_score': 6.08, 'avg_vaep': 0.21}, {'season_label': '2016/2017', 'appearances': 2, 'avg_score': 6.21, 'avg_vaep': 0.43}, {'season_label': '2017/2018', 'appearances': 2, 'avg_score': 6.0, 'avg_vaep': 0.24}, {'season_label': '2018/2019', 'appearances': 1, 'avg_score': 6.0, 'avg_vaep': 0.33}, {'season_label': '2019/2020', 'appearances': 2, 'avg_score': 6.06, 'avg_vaep': 0.08}, {'season_label': '2020/2021', 'appearances': 2, 'avg_score': 6.35, 'avg_vaep': 0.3}]","{'2014/2015': 14, '2015/2016': 14, '2016/2017': 14, '2017/2018': 16, '2018/2019': 14, '2019/2020': 14, '2020/2021': 14}"
e0abd6e6-385c-00b0-960a-292aa8522351,23988,Federico Piovaccari,Attacker,right,2,6.165,0.10798510739823541,"[{'season_label': '2014/2015', 'appearances': 2, 'avg_score': 6.17, 'avg_vaep': 0.11}]",{'2014/2015': 19}
16bcb145-8994-f177-36ac-66080008294d,24070,Saúl Berjón Pérez,Attacker,right,4,6.2625,0.28648979984018297,"[{'season_label': '2014/2015', 'appearances': 2, 'avg_score': 6.53, 'avg_vaep': 0.39}, {'season_label': '2015/2016', 'appearances': 2, 'avg_score': 6.0, 'avg_vaep': 0.19}]","{'2014/2015': 21, '2015/2016': 21}"
ce4a5cd2-d961-ac2c-758c-43c3c2b72caa,24190,Javier Lara Grande,Midfielder,right,2,6.205,0.6473641454704193,"[{'season_label': '2014/2015', 'appearances': 2, 'avg_score': 6.21, 'avg_vaep': 0.65}]",{'2014/2015': 23}
f8c0e172-cbf7-b81b-b804-df0092b53ae9,24508,Manuel Castellano Castro,Defender,right,3,6.033333333333334,0.5526923912469405,"[{'season_label': '2014/2015', 'appearances': 2, 'avg_score': 6.05, 'avg_vaep': 0.61}, {'season_label': '2016/2017', 'appearances': 1, 'avg_score': 6.0, 'avg_vaep': 0.44}]","{'2014/2015': 16, '2015/2016': 16, '2016/2017': 16}"
506f9585-bf2e-9c03-a088-0b4ac0419657,24641,Daniel Nieto Vela,Attacker,left,1,6.03,0.07986550926943892,"[{'season_label': '2014/2015', 'appearances': 1, 'avg_score': 6.03, 'avg_vaep': 0.08}]",{'2014/2015': 11}
7f96deab-8492-784c-8680-a7caa2872f5e,27343,Jon Errasti Zabalete,Midfielder,right,2,6.0,0.8116668078873772,"[{'season_label': '2014/2015', 'appearances': 2, 'avg_score': 6.0, 'avg_vaep': 0.81}]",{'2014/2015': 8}
b6b505ff-2025-d4de-c937-e9dfba52e4c2,27462,Xabier Iruretagoiena Aranzamendi,GK,right,1,6.07,0.7870713055999659,"[{'season_label': '2014/2015', 'appearances': 1, 'avg_score': 6.07, 'avg_vaep': 0.79}]","{'2014/2015': 1, '2015/2016': 1}"
9808ae38-7588-0450-1ca3-fc0697050e03,3160,Rene Krhin,Midfielder,right,2,6.0,0.6157320970596629,"[{'season_label': '2014/2015', 'appearances': 1, 'avg_score': 6.0, 'avg_vaep': 0.46}, {'season_label': '2015/2016', 'appearances': 1, 'avg_score': 6.0, 'avg_vaep': 0.77}]","{'2014/2015': 21, '2015/2016': 21}"
0e915db6-326b-6fb6-a3c5-6546980a8c93,6731,Florin Andone,Attacker,right,3,6.256666666666667,0.21888054413466307,"[{'season_label': '2014/2015', 'appearances': 1, 'avg_score': 6.2, 'avg_vaep': -0.13}, {'season_label': '2016/2017', 'appearances': 1, 'avg_score': 6.57, 'avg_vaep': 0.75}, {'season_label': '2020/2021', 'appearances': 1, 'avg_score': 6.0, 'avg_vaep': 0.03}]","{'2014/2015': 28, '2016/2017': 10, '2020/2021': 10}"
400c3241-004b-5db7-ca7f-5abfef2794f2,7900,Tiago Manuel Dias Correia,Attacker,right,4,6.08,0.5844957872727718,"[{'season_label': '2014/2015', 'appearances': 1, 'avg_score': 6.03, 'avg_vaep': 0.74}, {'season_label': '2015/2016', 'appearances': 2, 'avg_score': 6.08, 'avg_vaep': 0.41}, {'season_label': '2017/2018', 'appearances': 1, 'avg_score': 6.13, 'avg_vaep': 0.79}]","{'2014/2015': 24, '2015/2016': 23, '2016/2017': 25, '2017/2018': 14, '2020/2021': 10}"
94858b31-8341-6388-f875-c40709de9fc2,18404,José Ángel Crespo Rincón,Defender,right,3,6.0,0.1842236445566717,"[{'season_label': '2014/2015', 'appearances': 2, 'avg_score': 6.0, 'avg_vaep': 0.17}, {'season_label': '2015/2016', 'appearances': 1, 'avg_score': 6.0, 'avg_vaep': 0.22}]","{'2014/2015': 3, '2015/2016': 22}"
4285f654-d178-5deb-f268-b92614923237,24136,Federico Vico Villegas,Attacker,left,2,6.0,0.014183838733515586,"[{'season_label': '2014/2015', 'appearances': 1, 'avg_score': 6.0, 'avg_vaep': 0.01}, {'season_label': '2019/2020', 'appearances': 1, 'avg_score': 6.0, 'avg_vaep': 0.02}]","{'2014/2015': 35, '2019/2020': 14}"
9c3cfdc8-a01e-0b6d-22a4-cec0ab80440a,24139,Luis Eduardo Delgado Pacheco,Midfielder,right,2,6.0,0.13076884189649718,"[{'season_label': '2014/2015', 'appearances': 2, 'avg_score': 6.0, 'avg_vaep': 0.13}]",{'2014/2015': 6}
87be9679-0ea2-77c5-0f98-0ce4df0b4412,24255,Juan Carlos Martín Corral,GK,right,3,6.163333333333334,0.47064134856676293,"[{'season_label': '2014/2015', 'appearances': 2, 'avg_score': 6.0, 'avg_vaep': 0.38}, {'season_label': '2015/2016', 'appearances': 1, 'avg_score': 6.49, 'avg_vaep': 0.65}]","{'2014/2015': 1, '2015/2016': 13}"
446ad38f-7c9d-99ca-52e9-1605c574b864,24811,David Omar Rodríguez Barrera,Midfielder,right,2,6.0,0.43794422044720704,"[{'season_label': '2014/2015', 'appearances': 2, 'avg_score': 6.0, 'avg_vaep': 0.44}]",{'2014/2015': 15}
5a18b2b3-a647-804e-ec32-e380a70ba66f,27236,Patrick Claude Ekeng Ekeng,Midfielder,right,2,6.115,0.5477630634786692,"[{'season_label': '2014/2015', 'appearances': 2, 'avg_score': 6.12, 'avg_vaep': 0.55}]",{'2014/2015': 5}
62cd381b-cb4b-f219-1c55-5395945e4c09,27237,Adrián Javier Gunino Duque,Defender,right,1,6.0,0.10864164184749825,"[{'season_label': '2014/2015', 'appearances': 1, 'avg_score': 6.0, 'avg_vaep': 0.11}]",{'2014/2015': 17}
8c3c84fa-802a-af38-7ce2-1cc596e9c712,27238,Edimar Curitiba Fraga,Defender,left,1,6.04,0.7060074309338233,"[{'season_label': '2014/2015', 'appearances': 1, 'avg_score': 6.04, 'avg_vaep': 0.71}]",{'2014/2015': 11}
514a3b45-6e02-10d5-6318-d57ebae8eb66,27239,Aleksandar Pantić,Defender,right,4,6.0,0.22868726516617244,"[{'season_label': '2014/2015', 'appearances': 2, 'avg_score': 6.0, 'avg_vaep': 0.15}, {'season_label': '2015/2016', 'appearances': 2, 'avg_score': 6.0, 'avg_vaep': 0.31}]","{'2014/2015': 2, '2015/2016': 3}"
883c3648-ae56-c74c-6ed4-faf0ce1cc007,51259,Héldon Augusto Almeida Ramos,Midfielder,,0,,,[],{'2014/2015': 9}
18e29fae-21a8-f28a-81ef-11466d0e72b5,133626,Mikel Saizar Soroa,Midfielder,,0,,,[],{'2014/2015': 13}
800de15c-79c8-d840-f4e7-8d3af937d4d4,6383,Thomas Teye Partey,Attacker,right,9,6.138888888888889,0.47578582013193227,"[{'season_label': '2014/2015', 'appearances': 2, 'avg_score': 6.08, 'avg_vaep': 0.84}, {'season_label': '2015/2016', 'appearances': 1, 'avg_score': 6.0, 'avg_vaep': 0.1}, {'season_label': '2016/2017', 'appearances': 1, 'avg_score': 6.0, 'avg_vaep': 0.13}, {'season_label': '2017/2018', 'appearances': 1, 'avg_score': 6.63, 'avg_vaep': 1.08}, {'season_label': '2018/2019', 'appearances': 2, 'avg_score': 6.08, 'avg_vaep': 0.53}, {'season_label': '2020/2021', 'appearances': 2, 'avg_score': 6.15, 'avg_vaep': 0.11}]","{'2014/2015': 22, '2015/2016': 22, '2016/2017': 22, '2017/2018': 5, '2018/2019': 5, '2020/2021': 5}"
4e5e7156-0b8b-77d5-4f76-5f790ceafcfa,21445,Javier Espinosa González,Midfielder,right,2,6.035,0.1581100858074933,"[{'season_label': '2014/2015', 'appearances': 2, 'avg_score': 6.04, 'avg_vaep': 0.16}]",{'2014/2015': 24}
c8c83f95-9021-e104-2efa-4c5146754409,25723,Wellington Alves da Silva,Attacker,right,2,6.0,0.141306433644786,"[{'season_label': '2014/2015', 'appearances': 2, 'avg_score': 6.0, 'avg_vaep': 0.14}]",{'2014/2015': 8}
4b0c6b58-fb9b-42ea-ace2-cb27c73343db,26387,Edgar Antonio Méndez Ortega,Attacker,right,7,6.067142857142857,0.3627159360512451,"[{'season_label': '2014/2015', 'appearances': 2, 'avg_score': 6.04, 'avg_vaep': 0.23}, {'season_label': '2015/2016', 'appearances': 1, 'avg_score': 6.22, 'avg_vaep': 0.39}, {'season_label': '2016/2017', 'appearances': 1, 'avg_score': 6.07, 'avg_vaep': 0.54}, {'season_label': '2018/2019', 'appearances': 1, 'avg_score': 6.0, 'avg_vaep': 0.37}, {'season_label': '2019/2020', 'appearances': 2, 'avg_score': 6.05, 'avg_vaep': 0.39}]","{'2014/2015': 17, '2015/2016': 17, '2016/2017': 17, '2018/2019': 16, '2019/2020': 16}"
00a88476-f623-e4b5-54a2-277fa4de42a0,27459,Antonio Marín Molina,Defender,right,1,6.0,0.17984006415281328,"[{'season_label': '2014/2015', 'appearances': 1, 'avg_score': 6.0, 'avg_vaep': 0.18}]",{'2014/2015': 28}
ec67ec14-e2f0-1a4b-aeb2-464a044aaec1,27460,Julián Cuesta Díaz,GK,right,1,6.09,0.30185397987952456,"[{'season_label': '2014/2015', 'appearances': 1, 'avg_score': 6.09, 'avg_vaep': 0.3}]",{'2014/2015': 1}
f2f4a570-a20b-d14d-9d56-8f96e7af432a,47340,José Ángel Jurado de la Torre,Midfielder,,0,,,[],{'2014/2015': 29}
688f3fe7-2241-4299-0262-3b790f15a774,6744,Luciano Vietto,Attacker,right,5,6.654000000000001,0.2252791393388179,"[{'season_label': '2014/2015', 'appearances': 2, 'avg_score': 7.25, 'avg_vaep': 0.0}, {'season_label': '2015/2016', 'appearances': 1, 'avg_score': 6.0, 'avg_vaep': 0.06}, {'season_label': '2016/2017', 'appearances': 1, 'avg_score': 6.78, 'avg_vaep': 1.0}, {'season_label': '2020/2021', 'appearances': 1, 'avg_score': 6.0, 'avg_vaep': 0.05}]","{'2014/2015': 7, '2015/2016': 23, '2016/2017': 9, '2020/2021': 8}"
11348e03-e23b-137d-55d9-4464250a67a2,6828,Jaume Vicent Costa Jordá,Defender,left,8,6.0625,0.24962426605770816,"[{'season_label': '2014/2015', 'appearances': 2, 'avg_score': 6.0, 'avg_vaep': 0.35}, {'season_label': '2015/2016', 'appearances': 1, 'avg_score': 6.0, 'avg_vaep': 0.16}, {'season_label': '2016/2017', 'appearances': 2, 'avg_score': 6.12, 'avg_vaep': 0.48}, {'season_label': '2018/2019', 'appearances': 1, 'avg_score': 6.0, 'avg_vaep': 0.02}, {'season_label': '2020/2021', 'appearances': 2, 'avg_score': 6.13, 'avg_vaep': 0.07}]","{'2014/2015': 18, '2015/2016': 11, '2016/2017': 11, '2017/2018': 11, '2018/2019': 3, '2019/2020': 21, '2020/2021': 11}"
4fbe073f-17f1-6181-0fdf-3dab1307b30f,5202,José Ignacio Fernández Iglesias,Defender,right,5,6.018,0.1399970142338134,"[{'season_label': '2016/2017', 'appearances': 1, 'avg_score': 6.07, 'avg_vaep': -0.0}, {'season_label': '2019/2020', 'appearances': 2, 'avg_score': 6.01, 'avg_vaep': 0.38}, {'season_label': '2020/2021', 'appearances': 2, 'avg_score': 6.0, 'avg_vaep': -0.03}]","{'2014/2015': 18, '2015/2016': 6, '2016/2017': 6, '2018/2019': 6, '2019/2020': 6, '2020/2021': 6}"
dfea0768-cc6b-a51d-d20c-7224016b0bd7,5695,James David Rodríguez Rubio,Attacker,left,3,6.896666666666667,0.19312468815587636,"[{'season_label': '2014/2015', 'appearances': 1, 'avg_score': 7.58, 'avg_vaep': 0.47}, {'season_label': '2015/2016', 'appearances': 1, 'avg_score': 6.25, 'avg_vaep': 0.1}, {'season_label': '2016/2017', 'appearances': 1, 'avg_score': 6.86, 'avg_vaep': 0.01}]","{'2014/2015': 10, '2015/2016': 10, '2016/2017': 10}"
5c16a625-2497-d1e4-5a88-44a40af844fc,27396,Jorge García Morcillo,Defender,left,1,6.0,0.23173308343393728,"[{'season_label': '2014/2015', 'appearances': 1, 'avg_score': 6.0, 'avg_vaep': 0.23}]",{'2014/2015': 20}
ac53fab4-7b54-7a0d-47b7-7e424cf119ba,5577,Francisco Guillermo Ochoa Magaña,GK,right,1,6.01,0.0861716586186958,"[{'season_label': '2016/2017', 'appearances': 1, 'avg_score': 6.01, 'avg_vaep': 0.09}]","{'2014/2015': 13, '2015/2016': 13, '2016/2017': 13}"
967c2ae0-4b16-9f07-e7fa-8fdfd110551e,6783,Samuel García Sánchez,Midfielder,right,3,6.053333333333334,0.4384615711423976,"[{'season_label': '2014/2015', 'appearances': 1, 'avg_score': 6.16, 'avg_vaep': 1.11}, {'season_label': '2015/2016', 'appearances': 1, 'avg_score': 6.0, 'avg_vaep': 0.03}, {'season_label': '2020/2021', 'appearances': 1, 'avg_score': 6.0, 'avg_vaep': 0.18}]","{'2014/2015': 7, '2015/2016': 7, '2020/2021': 7}"
c4329769-45dc-8b1a-c467-92dfa97ea068,10868,Ricardo Jorge Luz Horta,Midfielder,right,2,6.3,0.5915163095214666,"[{'season_label': '2014/2015', 'appearances': 1, 'avg_score': 6.6, 'avg_vaep': 0.56}, {'season_label': '2015/2016', 'appearances': 1, 'avg_score': 6.0, 'avg_vaep': 0.62}]","{'2014/2015': 10, '2015/2016': 10}"
68e30297-66c3-19b1-8533-206bed2ef83f,16723,Egor Filipenko,Midfielder,,0,,,[],{'2014/2015': 24}
e2b78d72-a530-2892-7d9d-40b3daacdf40,27335,Arthur Etienne Boka,Attacker,left,1,6.0,0.013769192577456124,"[{'season_label': '2014/2015', 'appearances': 1, 'avg_score': 6.0, 'avg_vaep': 0.01}]","{'2014/2015': 19, '2015/2016': 19}"
09d37c08-f7b1-29e9-6277-388757530c72,3023,Yuri Berchiche Izeta,Defender,left,8,6.25125,0.37513531611602957,"[{'season_label': '2014/2015', 'appearances': 1, 'avg_score': 6.0, 'avg_vaep': 0.03}, {'season_label': '2015/2016', 'appearances': 1, 'avg_score': 6.53, 'avg_vaep': 1.02}, {'season_label': '2016/2017', 'appearances': 2, 'avg_score': 6.49, 'avg_vaep': 0.57}, {'season_label': '2017/2018', 'appearances': 2, 'avg_score': 6.01, 'avg_vaep': 0.2}, {'season_label': '2019/2020', 'appearances': 2, 'avg_score': 6.24, 'avg_vaep': 0.21}]","{'2014/2015': 19, '2015/2016': 19, '2016/2017': 19, '2017/2018': 12, '2019/2020': 17}"
5b4e9aa7-03d0-bfa1-1041-debaa2d1b633,5514,Alfreð Finnbogason,Attacker,right,2,6.0,0.027002138960597222,"[{'season_label': '2014/2015', 'appearances': 2, 'avg_score': 6.0, 'avg_vaep': 0.03}]",{'2014/2015': 7}
4ddb5b8d-603f-88e9-de68-9f3230234b47,6694,Gerónimo Rulli,GK,right,9,6.504444444444444,0.31002824132439044,"[{'season_label': '2014/2015', 'appearances': 2, 'avg_score': 6.01, 'avg_vaep': 0.5}, {'season_label': '2015/2016', 'appearances': 2, 'avg_score': 6.07, 'avg_vaep': 0.12}, {'season_label': '2016/2017', 'appearances': 2, 'avg_score': 6.4, 'avg_vaep': 0.25}, {'season_label': '2017/2018', 'appearances': 2, 'avg_score': 7.22, 'avg_vaep': 0.45}, {'season_label': '2020/2021', 'appearances': 1, 'avg_score': 7.13, 'avg_vaep': 0.14}]","{'2014/2015': 1, '2015/2016': 1, '2016/2017': 1, '2017/2018': 1, '2019/2020': 13, '2020/2021': 1}"
7e19060f-ea57-4d0b-6376-cd95c703c1d6,297290,Eñaut Zubikarai Goñi,Midfielder,,0,,,[],{'2014/2015': 13}
f968fdc8-8852-a4a3-a27a-81fe3f57bfc5,5259,José María Giménez de Vargas,Defender,right,8,6.0375,0.2503039931157218,"[{'season_label': '2014/2015', 'appearances': 2, 'avg_score': 6.0, 'avg_vaep': 0.17}, {'season_label': '2015/2016', 'appearances': 2, 'avg_score': 6.0, 'avg_vaep': 0.35}, {'season_label': '2017/2018', 'appearances': 1, 'avg_score': 6.18, 'avg_vaep': 0.22}, {'season_label': '2018/2019', 'appearances': 1, 'avg_score': 6.0, 'avg_vaep': 0.29}, {'season_label': '2019/2020', 'appearances': 1, 'avg_score': 6.0, 'avg_vaep': 0.32}, {'season_label': '2020/2021', 'appearances': 1, 'avg_score': 6.12, 'avg_vaep': 0.14}]","{'2014/2015': 24, '2015/2016': 24, '2016/2017': 24, '2017/2018': 24, '2018/2019': 2, '2019/2020': 2, '2020/2021': 24}"
64c26b2a-2dcf-068c-4989-4bd07e0e6389,5472,Mario Mandžukić,Attacker,right,2,6.71,0.13810436450785346,"[{'season_label': '2014/2015', 'appearances': 2, 'avg_score': 6.71, 'avg_vaep': 0.14}]",{'2014/2015': 9}
aad21787-ac64-87a4-c712-34ac4141e1a8,6378,Jan Oblak,GK,right,13,6.0,0.16220953092922102,"[{'season_label': '2014/2015', 'appearances': 1, 'avg_score': 6.0, 'avg_vaep': 0.1}, {'season_label': '2015/2016', 'appearances': 2, 'avg_score': 6.0, 'avg_vaep': 0.12}, {'season_label': '2016/2017', 'appearances': 2, 'avg_score': 6.0, 'avg_vaep': 0.14}, {'season_label': '2017/2018', 'appearances': 2, 'avg_score': 6.0, 'avg_vaep': 0.11}, {'season_label': '2018/2019', 'appearances': 2, 'avg_score': 6.0, 'avg_vaep': 0.27}, {'season_label': '2019/2020', 'appearances': 2, 'avg_score': 6.0, 'avg_vaep': 0.07}, {'season_label': '2020/2021', 'appearances': 2, 'avg_score': 6.0, 'avg_vaep': 0.29}]","{'2014/2015': 13, '2015/2016': 13, '2016/2017': 13, '2017/2018': 13, '2018/2019': 13, '2019/2020': 13, '2020/2021': 13}"
fe04e05f-be48-920b-8ba9-0bea2ddfe60b,6382,Fernando José Torres Sanz,Attacker,right,6,6.3,0.5065428099733253,"[{'season_label': '2014/2015', 'appearances': 2, 'avg_score': 6.19, 'avg_vaep': 0.73}, {'season_label': '2015/2016', 'appearances': 1, 'avg_score': 7.42, 'avg_vaep': 1.19}, {'season_label': '2016/2017', 'appearances': 2, 'avg_score': 6.0, 'avg_vaep': 0.21}, {'season_label': '2020/2021', 'appearances': 1, 'avg_score': 6.0, 'avg_vaep': -0.04}]","{'2014/2015': 19, '2015/2016': 9, '2016/2017': 9, '2020/2021': 9}"
87475f2c-1909-e4e6-d0d7-f0e020a2ded3,6679,Aritz Elustondo Irribaria,Defender,right,5,6.114,0.40732780669641216,"[{'season_label': '2015/2016', 'appearances': 2, 'avg_score': 6.0, 'avg_vaep': 0.36}, {'season_label': '2017/2018', 'appearances': 2, 'avg_score': 6.29, 'avg_vaep': 0.55}, {'season_label': '2020/2021', 'appearances': 1, 'avg_score': 6.0, 'avg_vaep': 0.21}]","{'2014/2015': 34, '2015/2016': 30, '2016/2017': 15, '2017/2018': 15, '2020/2021': 15}"
f4fce05b-7e6a-f04c-39a6-5a97418bb529,12073,Pablo Hervías Ruiz,Defender,right,4,6.1675,0.24863570662046186,"[{'season_label': '2018/2019', 'appearances': 2, 'avg_score': 6.04, 'avg_vaep': 0.16}, {'season_label': '2019/2020', 'appearances': 2, 'avg_score': 6.29, 'avg_vaep': 0.33}]","{'2014/2015': 29, '2018/2019': 11, '2019/2020': 11}"
ad923014-30dc-5fe3-54e6-d0b1946e537f,41091,Jon Gaztañaga Arrospide,Midfielder,,0,,,[],{'2014/2015': 23}
1819fb90-34f7-9627-5e6f-64950a134e2a,6766,Gerard Moreno Balaguero,Attacker,left,11,6.505454545454546,0.43974430406226683,"[{'season_label': '2015/2016', 'appearances': 2, 'avg_score': 6.08, 'avg_vaep': 0.24}, {'season_label': '2016/2017', 'appearances': 2, 'avg_score': 6.32, 'avg_vaep': 1.13}, {'season_label': '2017/2018', 'appearances': 1, 'avg_score': 6.36, 'avg_vaep': 0.16}, {'season_label': '2018/2019', 'appearances': 2, 'avg_score': 6.79, 'avg_vaep': 0.13}, {'season_label': '2019/2020', 'appearances': 2, 'avg_score': 6.74, 'avg_vaep': 0.33}, {'season_label': '2020/2021', 'appearances': 2, 'avg_score': 6.67, 'avg_vaep': 0.5}]","{'2014/2015': 23, '2015/2016': 7, '2016/2017': 7, '2017/2018': 7, '2018/2019': 7, '2019/2020': 7, '2020/2021': 7}"
f1a70659-1e15-f818-14fa-c5184b29e7b5,11675,Moisés Gómez Bordonado,Midfielder,right,8,6.07375,0.3664613360438125,"[{'season_label': '2014/2015', 'appearances': 1, 'avg_score': 6.0, 'avg_vaep': -0.06}, {'season_label': '2015/2016', 'appearances': 2, 'avg_score': 6.0, 'avg_vaep': 0.81}, {'season_label': '2017/2018', 'appearances': 1, 'avg_score': 6.22, 'avg_vaep': 0.45}, {'season_label': '2018/2019', 'appearances': 2, 'avg_score': 6.0, 'avg_vaep': 0.38}, {'season_label': '2019/2020', 'appearances': 2, 'avg_score': 6.19, 'avg_vaep': 0.08}]","{'2014/2015': 19, '2015/2016': 21, '2017/2018': 6, '2018/2019': 23, '2019/2020': 23}"
ba7f4fbe-78b8-a3c4-618a-5eaf93dce218,23854,Juan Carlos Sánchez Martínez,Midfielder,,0,,,[],{'2014/2015': 25}
e49eb652-3da9-e1c3-47bc-148ea8ac55d3,5724,Fayçal Fajr,Attacker,right,7,6.361428571428571,0.3806752556424077,"[{'season_label': '2014/2015', 'appearances': 2, 'avg_score': 6.2, 'avg_vaep': 0.13}, {'season_label': '2015/2016', 'appearances': 2, 'avg_score': 6.22, 'avg_vaep': 0.36}, {'season_label': '2016/2017', 'appearances': 1, 'avg_score': 7.5, 'avg_vaep': 0.55}, {'season_label': '2020/2021', 'appearances': 2, 'avg_score': 6.1, 'avg_vaep': 0.56}]","{'2014/2015': 20, '2015/2016': 19, '2016/2017': 19, '2020/2021': 21}"
8e5231f0-eada-fd17-4b67-0e838e42d97d,8584,Jonathas Cristian de Jesus,Attacker,right,2,6.165,0.4497226333087383,"[{'season_label': '2014/2015', 'appearances': 2, 'avg_score': 6.17, 'avg_vaep': 0.45}]","{'2014/2015': 22, '2015/2016': 22}"
f655e8f9-339a-f2b6-29eb-ed05b585423a,9082,Przemysław Tytoń,GK,right,2,6.005,0.4746992795935512,"[{'season_label': '2014/2015', 'appearances': 2, 'avg_score': 6.0, 'avg_vaep': 0.47}]","{'2014/2015': 25, '2016/2017': 13, '2020/2021': 1}"
38b4f06e-27fd-4f6f-dcce-abc6f5c068ea,11603,Mario Pašalić,Midfielder,right,2,6.01,0.422575985486219,"[{'season_label': '2014/2015', 'appearances': 2, 'avg_score': 6.01, 'avg_vaep': 0.42}]",{'2014/2015': 24}
a0f1720d-e428-68b5-b11f-7734d30567a8,16456,Enzo Pablo Roco Roco,Defender,right,3,6.0,0.31414267208674573,"[{'season_label': '2014/2015', 'appearances': 1, 'avg_score': 6.0, 'avg_vaep': 0.16}, {'season_label': '2015/2016', 'appearances': 2, 'avg_score': 6.0, 'avg_vaep': 0.39}]","{'2014/2015': 3, '2015/2016': 6}"
19873725-ed76-e249-281f-495eb7d547ac,24258,Cristian Ignacio Herrera Pérez,Midfielder,,0,,,[],{'2014/2015': 9}
1abdec9e-557d-d71f-742a-5cfd35fb85f5,25849,Aarón Níguez Esclapez,Attacker,right,1,6.04,0.30965922667019186,"[{'season_label': '2014/2015', 'appearances': 1, 'avg_score': 6.04, 'avg_vaep': 0.31}]",{'2014/2015': 7}
e96b520d-898c-746f-8154-9b11832d7424,27245,José Eduardo Albácar Gallego,Defender,left,2,6.109999999999999,0.24663492951003718,"[{'season_label': '2014/2015', 'appearances': 2, 'avg_score': 6.11, 'avg_vaep': 0.25}]",{'2014/2015': 21}
c859dc7f-b3f2-21f8-598a-9d851cb6199d,27464,José Ángel Alonso Martín,Midfielder,right,1,6.0,0.019268069274403388,"[{'season_label': '2014/2015', 'appearances': 1, 'avg_score': 6.0, 'avg_vaep': 0.02}]",{'2014/2015': 14}
92251e86-65e1-9be6-2c86-ff039528e16e,13456,Daniel João Santos Candeias,Midfielder,right,1,6.0,0.02009687921963632,"[{'season_label': '2014/2015', 'appearances': 1, 'avg_score': 6.0, 'avg_vaep': 0.02}]",{'2014/2015': 7}
8e5fa18d-56aa-a32a-8205-4e8e1433b160,18721,Robert Ibáñez Castro,Midfielder,right,3,6.0,0.07836463025281167,"[{'season_label': '2014/2015', 'appearances': 1, 'avg_score': 6.0, 'avg_vaep': 0.07}, {'season_label': '2015/2016', 'appearances': 1, 'avg_score': 6.0, 'avg_vaep': 0.14}, {'season_label': '2017/2018', 'appearances': 1, 'avg_score': 6.0, 'avg_vaep': 0.02}]","{'2014/2015': 21, '2015/2016': 7, '2017/2018': 17}"
139c3c1b-7ca4-6a9d-4fd6-d163d98af635,5568,Raúl Alonso Jiménez Rodríguez,Midfielder,,0,,,[],{'2014/2015': 11}
3ce6d3c8-830d-27ec-2e6a-1936ecbaa514,3324,Eric Bertrand Bailly,Defender,right,2,6.0,0.34033648405238637,"[{'season_label': '2014/2015', 'appearances': 1, 'avg_score': 6.0, 'avg_vaep': 0.34}, {'season_label': '2015/2016', 'appearances': 1, 'avg_score': 6.0, 'avg_vaep': 0.34}]","{'2014/2015': 30, '2015/2016': 24}"
f4d0e2e7-fc05-7a58-f7ca-4a391f01940a,5200,Lucas Vázquez Iglesias,Defender,right,8,6.0725,0.2986490410175975,"[{'season_label': '2014/2015', 'appearances': 2, 'avg_score': 6.03, 'avg_vaep': 0.51}, {'season_label': '2015/2016', 'appearances': 1, 'avg_score': 6.0, 'avg_vaep': 0.12}, {'season_label': '2016/2017', 'appearances': 1, 'avg_score': 6.48, 'avg_vaep': 1.19}, {'season_label': '2018/2019', 'appearances': 1, 'avg_score': 6.0, 'avg_vaep': 0.0}, {'season_label': '2019/2020', 'appearances': 2, 'avg_score': 6.02, 'avg_vaep': 0.06}, {'season_label': '2020/2021', 'appearances': 1, 'avg_score': 6.0, 'avg_vaep': -0.06}]","{'2014/2015': 17, '2015/2016': 18, '2016/2017': 17, '2017/2018': 17, '2018/2019': 17, '2019/2020': 17, '2020/2021': 17}"
652cf383-61a2-0908-8302-ba2b8b7f51e0,6734,Luis Carlos Correia Pinto,Defender,left,5,6.1259999999999994,0.30582747410735467,"[{'season_label': '2014/2015', 'appearances': 1, 'avg_score': 6.01, 'avg_vaep': 0.17}, {'season_label': '2015/2016', 'appearances': 1, 'avg_score': 6.0, 'avg_vaep': 0.24}, {'season_label': '2016/2017', 'appearances': 1, 'avg_score': 6.0, 'avg_vaep': 0.18}, {'season_label': '2017/2018', 'appearances': 1, 'avg_score': 6.0, 'avg_vaep': 0.1}, {'season_label': '2020/2021', 'appearances': 1, 'avg_score': 6.62, 'avg_vaep': 0.85}]","{'2014/2015': 16, '2015/2016': 16, '2016/2017': 16, '2017/2018': 16, '2019/2020': 16, '2020/2021': 16}"
59ada654-da79-e058-176e-d2dfbec962a1,24080,José Verdú Nicolás,Attacker,right,1,6.0,0.1777821569939988,"[{'season_label': '2014/2015', 'appearances': 1, 'avg_score': 6.0, 'avg_vaep': 0.18}]",{'2014/2015': 18}
2b9b0303-cd3e-de8f-8cf7-030056102d10,297223,Cezary Stefan Wilk,Midfielder,,0,,,[],{'2014/2015': 20}
748d6b6e-d8e1-3f85-7cea-a6cfbdca14b8,3090,Nicolás Hernán Otamendi,Defender,right,2,6.025,0.7120028649369488,"[{'season_label': '2014/2015', 'appearances': 2, 'avg_score': 6.03, 'avg_vaep': 0.71}]",{'2014/2015': 23}
895daa40-8f49-4ad5-8006-c47a30f51c1f,3638,Shkodran Mustafi,Defender,right,3,6.0,0.6875961679240087,"[{'season_label': '2014/2015', 'appearances': 2, 'avg_score': 6.0, 'avg_vaep': 0.71}, {'season_label': '2015/2016', 'appearances': 1, 'avg_score': 6.0, 'avg_vaep': 0.64}]","{'2014/2015': 5, '2015/2016': 5}"
25daeb9b-3072-e9c5-3f66-a2196a92a011,5718,Rodrigo Moreno Machado,Attacker,left,9,6.794444444444444,0.4948079581764533,"[{'season_label': '2014/2015', 'appearances': 2, 'avg_score': 6.6, 'avg_vaep': 0.55}, {'season_label': '2015/2016', 'appearances': 1, 'avg_score': 6.15, 'avg_vaep': 0.37}, {'season_label': '2016/2017', 'appearances': 1, 'avg_score': 6.72, 'avg_vaep': -0.05}, {'season_label': '2017/2018', 'appearances': 2, 'avg_score': 6.85, 'avg_vaep': 1.28}, {'season_label': '2018/2019', 'appearances': 1, 'avg_score': 6.0, 'avg_vaep': 0.2}, {'season_label': '2020/2021', 'appearances': 2, 'avg_score': 7.7, 'avg_vaep': 0.14}]","{'2014/2015': 17, '2015/2016': 17, '2016/2017': 19, '2017/2018': 19, '2018/2019': 19, '2020/2021': 19}"
71dd9b48-ff89-28e7-26d4-d21a5af243f3,6592,Rúben Miguel Nunes Vezo,Defender,right,9,6.044444444444444,0.3376569834686557,"[{'season_label': '2015/2016', 'appearances': 1, 'avg_score': 6.0, 'avg_vaep': 0.57}, {'season_label': '2016/2017', 'appearances': 1, 'avg_score': 6.0, 'avg_vaep': 0.81}, {'season_label': '2017/2018', 'appearances': 1, 'avg_score': 6.01, 'avg_vaep': 0.12}, {'season_label': '2018/2019', 'appearances': 2, 'avg_score': 6.0, 'avg_vaep': 0.67}, {'season_label': '2019/2020', 'appearances': 2, 'avg_score': 6.15, 'avg_vaep': 0.0}, {'season_label': '2020/2021', 'appearances': 2, 'avg_score': 6.04, 'avg_vaep': 0.1}]","{'2014/2015': 3, '2015/2016': 3, '2016/2017': 17, '2017/2018': 14, '2018/2019': 14, '2019/2020': 14, '2020/2021': 3}"
a85edfa2-4307-bad5-82db-fb9713d7eb6b,6596,José Luis Gayà Peña,Defender,left,12,6.0633333333333335,0.33589434880741464,"[{'season_label': '2014/2015', 'appearances': 2, 'avg_score': 6.04, 'avg_vaep': 0.41}, {'season_label': '2015/2016', 'appearances': 2, 'avg_score': 6.02, 'avg_vaep': 0.23}, {'season_label': '2016/2017', 'appearances': 2, 'avg_score': 6.0, 'avg_vaep': 0.31}, {'season_label': '2017/2018', 'appearances': 1, 'avg_score': 6.16, 'avg_vaep': 0.29}, {'season_label': '2018/2019', 'appearances': 1, 'avg_score': 6.03, 'avg_vaep': 0.11}, {'season_label': '2019/2020', 'appearances': 2, 'avg_score': 6.01, 'avg_vaep': 0.34}, {'season_label': '2020/2021', 'appearances': 2, 'avg_score': 6.22, 'avg_vaep': 0.53}]","{'2014/2015': 31, '2015/2016': 14, '2016/2017': 14, '2017/2018': 14, '2018/2019': 14, '2019/2020': 14, '2020/2021': 14}"
f514cec8-1cb1-4855-9cf4-75e7426eed5e,7005,João Pedro Cavaco Cancelo,Attacker,right,4,6.0675,0.45476038406104635,"[{'season_label': '2014/2015', 'appearances': 1, 'avg_score': 6.09, 'avg_vaep': 0.55}, {'season_label': '2015/2016', 'appearances': 1, 'avg_score': 6.0, 'avg_vaep': 0.01}, {'season_label': '2016/2017', 'appearances': 2, 'avg_score': 6.09, 'avg_vaep': 0.63}]","{'2014/2015': 2, '2015/2016': 2, '2016/2017': 2}"
8558cb40-8c1d-7662-1371-888657d2eb1d,7797,Rodrigo Javier De Paul,Attacker,right,2,6.425,0.3225352498720895,"[{'season_label': '2014/2015', 'appearances': 1, 'avg_score': 6.0, 'avg_vaep': 0.33}, {'season_label': '2015/2016', 'appearances': 1, 'avg_score': 6.85, 'avg_vaep': 0.32}]","{'2014/2015': 20, '2015/2016': 20}"
de9d9617-1258-bf94-0fc7-b77c09b1cde4,10802,André Filipe Tavares Gomes,Midfielder,right,44,6.181136363636364,0.2603632595564291,"[{'season_label': '2014/2015', 'appearances': 2, 'avg_score': 6.18, 'avg_vaep': 0.64}, {'season_label': '2015/2016', 'appearances': 1, 'avg_score': 6.29, 'avg_vaep': 0.63}, {'season_label': '2016/2017', 'appearances': 26, 'avg_score': 6.22, 'avg_vaep': 0.17}, {'season_label': '2020/2021', 'appearances': 15, 'avg_score': 6.1, 'avg_vaep': 0.34}]","{'2014/2015': 21, '2015/2016': 21, '2016/2017': 21, '2020/2021': 21}"
68d5b092-3a8b-b138-7adf-b044e105d512,23451,Filipe Augusto Carvalho Souza,Midfielder,left,1,6.0,0.0236732714693062,"[{'season_label': '2014/2015', 'appearances': 1, 'avg_score': 6.0, 'avg_vaep': 0.02}]",{'2014/2015': 4}
3cfec6dd-c9e6-3252-4743-1a9ee7ee45ef,27480,Lucas Alfonso Orbán Alegre,Defender,left,1,6.0,0.30881529914222483,"[{'season_label': '2014/2015', 'appearances': 1, 'avg_score': 6.0, 'avg_vaep': 0.31}]","{'2014/2015': 6, '2015/2016': 15}"
0f304edd-b4ad-6007-a309-3fd6d963a1d2,4740,Daniel Pinillos González,Defender,left,1,6.0,0.23593208441889146,"[{'season_label': '2014/2015', 'appearances': 1, 'avg_score': 6.0, 'avg_vaep': 0.24}]",{'2014/2015': 29}
81e793dc-8317-a3db-c353-4ed3f242c418,6567,Borja García Freire,Attacker,right,3,6.083333333333333,0.15588907381788886,"[{'season_label': '2014/2015', 'appearances': 1, 'avg_score': 6.22, 'avg_vaep': 0.52}, {'season_label': '2017/2018', 'appearances': 1, 'avg_score': 6.03, 'avg_vaep': -0.31}, {'season_label': '2020/2021', 'appearances': 1, 'avg_score': 6.0, 'avg_vaep': 0.26}]","{'2014/2015': 18, '2017/2018': 10, '2019/2020': 24, '2020/2021': 24}"
a1d29909-8284-2359-1afb-051b28d964a9,24617,Eduard Campabadal Claros,Defender,right,1,6.11,0.49660276806753245,"[{'season_label': '2014/2015', 'appearances': 1, 'avg_score': 6.11, 'avg_vaep': 0.5}]",{'2014/2015': 33}
299024cf-e2cd-9219-7e0a-b02d2421285c,27248,José María López de Silva Sánchez,Attacker,left,1,6.0,-0.003108726548816776,"[{'season_label': '2014/2015', 'appearances': 1, 'avg_score': 6.0, 'avg_vaep': -0.0}]",{'2014/2015': 19}
374cad86-8cb6-2202-053d-308252bc4040,27250,Nabil Ghilas,Attacker,right,3,6.04,0.23795607740369937,"[{'season_label': '2014/2015', 'appearances': 1, 'avg_score': 6.09, 'avg_vaep': 0.39}, {'season_label': '2015/2016', 'appearances': 2, 'avg_score': 6.02, 'avg_vaep': 0.16}]","{'2014/2015': 14, '2015/2016': 23}"
d37eb50d-8683-61ea-729b-b4147eb3c1d8,6612,Rubén Duarte Sánchez,Defender,left,8,6.02,0.330964198351694,"[{'season_label': '2014/2015', 'appearances': 1, 'avg_score': 6.0, 'avg_vaep': 0.18}, {'season_label': '2015/2016', 'appearances': 1, 'avg_score': 6.0, 'avg_vaep': 0.54}, {'season_label': '2017/2018', 'appearances': 2, 'avg_score': 6.02, 'avg_vaep': 0.3}, {'season_label': '2018/2019', 'appearances': 1, 'avg_score': 6.1, 'avg_vaep': 0.02}, {'season_label': '2019/2020', 'appearances': 2, 'avg_score': 6.02, 'avg_vaep': 0.42}, {'season_label': '2020/2021', 'appearances': 1, 'avg_score': 6.0, 'avg_vaep': 0.48}]","{'2014/2015': 27, '2015/2016': 3, '2016/2017': 3, '2017/2018': 3, '2018/2019': 3, '2019/2020': 3, '2020/2021': 3}"
5e98d23a-fe19-a774-d1b2-dcbefd5103eb,6792,Pau López Sabata,GK,left,5,6.148000000000001,0.46976589809382857,"[{'season_label': '2015/2016', 'appearances': 2, 'avg_score': 6.0, 'avg_vaep': 0.23}, {'season_label': '2017/2018', 'appearances': 2, 'avg_score': 6.37, 'avg_vaep': 0.75}, {'season_label': '2020/2021', 'appearances': 1, 'avg_score': 6.0, 'avg_vaep': 0.4}]","{'2014/2015': 25, '2015/2016': 13, '2017/2018': 13, '2020/2021': 1}"
2d6f2519-81f6-88b3-a131-0c6fe81a7487,27241,Víctor Guillermo Álvarez Delgado,Defender,left,3,6.02,0.2938158193064737,"[{'season_label': '2014/2015', 'appearances': 1, 'avg_score': 6.0, 'avg_vaep': 0.12}, {'season_label': '2015/2016', 'appearances': 2, 'avg_score': 6.03, 'avg_vaep': 0.38}]","{'2014/2015': 5, '2015/2016': 5}"
176bf621-9855-a6eb-1f3a-30903e34b6fb,6837,Mauro Javier Dos Santos,Defender,right,2,6.0,0.23741159041856008,"[{'season_label': '2015/2016', 'appearances': 1, 'avg_score': 6.0, 'avg_vaep': 0.19}, {'season_label': '2016/2017', 'appearances': 1, 'avg_score': 6.0, 'avg_vaep': 0.28}]","{'2014/2015': 6, '2015/2016': 15, '2016/2017': 15, '2020/2021': 16}"
b928c4fa-4fc9-5fd7-e83a-96fa48c76418,27461,Francisco Manuel Vélez Jiménez,Defender,right,1,6.0,0.21885379607920186,"[{'season_label': '2014/2015', 'appearances': 1, 'avg_score': 6.0, 'avg_vaep': 0.22}]",{'2014/2015': 3}
5a499f6e-2631-3e19-bd40-49009bbed5bd,6668,José Luis Morales Nogales,Attacker,right,9,6.182222222222222,0.23243594266265669,"[{'season_label': '2014/2015', 'appearances': 2, 'avg_score': 6.03, 'avg_vaep': 0.45}, {'season_label': '2015/2016', 'appearances': 1, 'avg_score': 6.26, 'avg_vaep': 0.52}, {'season_label': '2017/2018', 'appearances': 2, 'avg_score': 6.05, 'avg_vaep': 0.02}, {'season_label': '2018/2019', 'appearances': 2, 'avg_score': 6.04, 'avg_vaep': 0.39}, {'season_label': '2019/2020', 'appearances': 2, 'avg_score': 6.57, 'avg_vaep': -0.07}]","{'2014/2015': 11, '2015/2016': 11, '2017/2018': 11, '2018/2019': 11, '2019/2020': 11}"
1e7875cf-32d3-0698-9d80-c14308f3a099,6691,David Remeseiro Salgueiro,Defender,right,4,6.075,0.5319921329710269,"[{'season_label': '2014/2015', 'appearances': 1, 'avg_score': 6.0, 'avg_vaep': 0.17}, {'season_label': '2017/2018', 'appearances': 2, 'avg_score': 6.15, 'avg_vaep': 0.97}, {'season_label': '2020/2021', 'appearances': 1, 'avg_score': 6.0, 'avg_vaep': 0.01}]","{'2014/2015': 30, '2017/2018': 23, '2019/2020': 23, '2020/2021': 23}"
0332d694-daab-22e0-e0ea-f7a5e88433f9,6784,Antonio García Aranda,Defender,left,7,6.067142857142857,0.42266451426127916,"[{'season_label': '2014/2015', 'appearances': 2, 'avg_score': 6.04, 'avg_vaep': 0.44}, {'season_label': '2015/2016', 'appearances': 2, 'avg_score': 6.12, 'avg_vaep': 0.52}, {'season_label': '2017/2018', 'appearances': 1, 'avg_score': 6.09, 'avg_vaep': 0.14}, {'season_label': '2018/2019', 'appearances': 1, 'avg_score': 6.05, 'avg_vaep': 0.45}, {'season_label': '2019/2020', 'appearances': 1, 'avg_score': 6.02, 'avg_vaep': 0.46}]","{'2014/2015': 3, '2015/2016': 3, '2017/2018': 3, '2018/2019': 3, '2019/2020': 3, '2020/2021': 3}"
97ea3cfb-64ee-aa1e-dba6-5501d0bb3c86,8801,Iván López Mendoza,Defender,right,3,6.023333333333333,0.32424032596766966,"[{'season_label': '2014/2015', 'appearances': 1, 'avg_score': 6.0, 'avg_vaep': 0.33}, {'season_label': '2015/2016', 'appearances': 2, 'avg_score': 6.04, 'avg_vaep': 0.32}]","{'2014/2015': 2, '2015/2016': 2}"
9d826202-96a1-e1fb-76c6-4302dc3d77ba,23970,José María Martín-Bejarano Serrano,Midfielder,right,2,6.0,-0.05410314109758474,"[{'season_label': '2014/2015', 'appearances': 1, 'avg_score': 6.0, 'avg_vaep': 0.04}, {'season_label': '2019/2020', 'appearances': 1, 'avg_score': 6.0, 'avg_vaep': -0.15}]","{'2014/2015': 25, '2015/2016': 22, '2019/2020': 6}"
052760bd-8e21-2726-717f-e6d070748880,27240,Jesús Fernández Collado,GK,left,1,6.0,0.09519229749275837,"[{'season_label': '2014/2015', 'appearances': 1, 'avg_score': 6.0, 'avg_vaep': 0.1}]","{'2014/2015': 1, '2015/2016': 25}"
55b782d9-f1c1-765a-ac3c-b3d51aae2430,6393,Iñaki Williams Arthuer,Attacker,right,10,6.511,0.37484071859216783,"[{'season_label': '2015/2016', 'appearances': 1, 'avg_score': 6.06, 'avg_vaep': 0.18}, {'season_label': '2016/2017', 'appearances': 2, 'avg_score': 6.55, 'avg_vaep': 0.57}, {'season_label': '2017/2018', 'appearances': 2, 'avg_score': 6.93, 'avg_vaep': 0.36}, {'season_label': '2018/2019', 'appearances': 1, 'avg_score': 6.43, 'avg_vaep': 0.43}, {'season_label': '2019/2020', 'appearances': 2, 'avg_score': 6.46, 'avg_vaep': 0.53}, {'season_label': '2020/2021', 'appearances': 2, 'avg_score': 6.37, 'avg_vaep': 0.12}]","{'2014/2015': 30, '2015/2016': 15, '2016/2017': 11, '2017/2018': 9, '2018/2019': 9, '2019/2020': 9, '2020/2021': 11}"
0e2db0cb-2c46-4590-4a05-4261104b7a14,6662,Iago Herrerín Buisán,GK,right,3,6.226666666666667,0.20592414901511802,"[{'season_label': '2015/2016', 'appearances': 1, 'avg_score': 6.2, 'avg_vaep': 0.3}, {'season_label': '2016/2017', 'appearances': 1, 'avg_score': 6.17, 'avg_vaep': 0.29}, {'season_label': '2017/2018', 'appearances': 1, 'avg_score': 6.31, 'avg_vaep': 0.03}]","{'2014/2015': 13, '2015/2016': 13, '2016/2017': 13, '2017/2018': 13, '2018/2019': 13, '2020/2021': 13}"
0cddb7c0-6f1c-d518-e1ef-dc0e20b70c31,6788,Xabier Etxeita Gorritxategi,Defender,right,4,6.0,0.28250915361149964,"[{'season_label': '2014/2015', 'appearances': 1, 'avg_score': 6.0, 'avg_vaep': 0.31}, {'season_label': '2015/2016', 'appearances': 1, 'avg_score': 6.0, 'avg_vaep': 0.32}, {'season_label': '2017/2018', 'appearances': 1, 'avg_score': 6.0, 'avg_vaep': 0.16}, {'season_label': '2018/2019', 'appearances': 1, 'avg_score': 6.0, 'avg_vaep': 0.34}]","{'2014/2015': 16, '2015/2016': 16, '2016/2017': 16, '2017/2018': 3, '2018/2019': 16, '2019/2020': 4, '2020/2021': 16}"
174b3952-5e01-b754-2b3e-e27ac7251d2c,6845,Ager Aketxe Barrutia,Midfielder,,0,,,[],"{'2014/2015': 23, '2015/2016': 23}"
2422878a-fa16-7139-ca26-5c63bb09c927,197493,Mikel Arruabarrena Aranbide,Midfielder,,0,,,[],{'2014/2015': 10}
d54a8d31-3fd5-55b4-0878-0be30d4e6163,402733,Jose Maria Añibarro Astondoa,Midfielder,,0,,,[],{'2014/2015': 4}
e074a297-5740-cdf3-948c-fc063892260e,6795,Rubén Blanco Veiga,GK,right,4,6.2375,0.36695742157053246,"[{'season_label': '2017/2018', 'appearances': 1, 'avg_score': 6.57, 'avg_vaep': 0.48}, {'season_label': '2018/2019', 'appearances': 2, 'avg_score': 6.0, 'avg_vaep': 0.23}, {'season_label': '2020/2021', 'appearances': 1, 'avg_score': 6.37, 'avg_vaep': 0.52}]","{'2014/2015': 13, '2015/2016': 13, '2017/2018': 13, '2018/2019': 13, '2020/2021': 13}"
6953aa78-95c6-af34-4d03-401184eaf8e4,23785,Théo Bongonda Mbul''Ofeko Batombo,Attacker,left,1,6.0,0.09741667097659956,"[{'season_label': '2016/2017', 'appearances': 1, 'avg_score': 6.0, 'avg_vaep': 0.1}]","{'2014/2015': 18, '2015/2016': 7, '2016/2017': 7}"
d5a1469d-699b-df9f-dc74-cc29643034bf,23382,Mohamed Lamine Sissoko Gillan,Midfielder,right,1,6.0,0.09521037076046923,"[{'season_label': '2014/2015', 'appearances': 1, 'avg_score': 6.0, 'avg_vaep': 0.1}]",{'2014/2015': 22}
a2802cad-e046-4408-3dcd-e1c8c483ed9a,6722,David Soria Solís,GK,right,6,6.021666666666667,0.2731756751618377,"[{'season_label': '2017/2018', 'appearances': 2, 'avg_score': 6.02, 'avg_vaep': 0.4}, {'season_label': '2018/2019', 'appearances': 1, 'avg_score': 6.02, 'avg_vaep': 0.14}, {'season_label': '2019/2020', 'appearances': 2, 'avg_score': 6.04, 'avg_vaep': 0.16}, {'season_label': '2020/2021', 'appearances': 1, 'avg_score': 6.0, 'avg_vaep': 0.39}]","{'2014/2015': 33, '2015/2016': 31, '2016/2017': 13, '2017/2018': 13, '2018/2019': 13, '2019/2020': 13, '2020/2021': 13}"
06358599-b7af-b250-6e06-3c1ea0a09fbd,6823,Sergio Rico González,GK,right,6,6.096666666666667,0.34677239867687604,"[{'season_label': '2014/2015', 'appearances': 1, 'avg_score': 6.01, 'avg_vaep': 0.23}, {'season_label': '2015/2016', 'appearances': 2, 'avg_score': 6.01, 'avg_vaep': 0.51}, {'season_label': '2016/2017', 'appearances': 2, 'avg_score': 6.28, 'avg_vaep': 0.17}, {'season_label': '2020/2021', 'appearances': 1, 'avg_score': 6.0, 'avg_vaep': 0.48}]","{'2014/2015': 29, '2015/2016': 1, '2016/2017': 1, '2020/2021': 1}"
020a8d59-1085-d3d8-69b2-9610e5d91ccb,27483,Benoît Trémoulinas,Defender,left,3,6.206666666666667,0.5926916549900246,"[{'season_label': '2014/2015', 'appearances': 1, 'avg_score': 6.16, 'avg_vaep': 0.01}, {'season_label': '2015/2016', 'appearances': 2, 'avg_score': 6.23, 'avg_vaep': 0.88}]","{'2014/2015': 2, '2015/2016': 2}"
88855547-570f-7ff0-53ff-f7c54e5148cc,3379,Alphonse Areola,GK,right,1,6.0,0.2997614501928183,"[{'season_label': '2015/2016', 'appearances': 1, 'avg_score': 6.0, 'avg_vaep': 0.3}]","{'2015/2016': 13, '2018/2019': 1}"
4a1c2f4d-cf2b-f76b-6b27-8ae40875d536,6827,Daniele Bonera,Attacker,right,1,6.0,0.4734602609532885,"[{'season_label': '2015/2016', 'appearances': 1, 'avg_score': 6.0, 'avg_vaep': 0.47}]","{'2015/2016': 23, '2016/2017': 23, '2017/2018': 23, '2020/2021': 23}"
31a6b556-8bbb-9c35-0c1b-296d9086acf0,6860,Mariano Damián Barbosa,Midfielder,,0,,,[],"{'2015/2016': 25, '2016/2017': 25, '2020/2021': 25}"
55ed523b-2ca4-371a-31d7-dbd7a2877bea,6862,Cédric Bakambu,Attacker,right,4,6.725,0.16023139231674577,"[{'season_label': '2015/2016', 'appearances': 2, 'avg_score': 6.94, 'avg_vaep': -0.0}, {'season_label': '2016/2017', 'appearances': 1, 'avg_score': 6.84, 'avg_vaep': 0.3}, {'season_label': '2020/2021', 'appearances': 1, 'avg_score': 6.19, 'avg_vaep': 0.35}]","{'2015/2016': 17, '2016/2017': 17, '2020/2021': 17}"
c53eb508-9337-7ca2-87be-8ce398855353,18867,Matías Nahuel Leiva Esquivel,Attacker,right,2,6.12,0.4989903572277399,"[{'season_label': '2016/2017', 'appearances': 1, 'avg_score': 6.0, 'avg_vaep': 0.0}, {'season_label': '2020/2021', 'appearances': 1, 'avg_score': 6.24, 'avg_vaep': 0.99}]","{'2015/2016': 26, '2016/2017': 11, '2020/2021': 11}"
ba038e2a-20de-d4a1-d146-841e6ed42f22,6834,Gerard Gumbau Garriga,Attacker,left,5,6.0,0.2334764616738539,"[{'season_label': '2015/2016', 'appearances': 3, 'avg_score': 6.0, 'avg_vaep': 0.22}, {'season_label': '2017/2018', 'appearances': 1, 'avg_score': 6.0, 'avg_vaep': 0.15}, {'season_label': '2020/2021', 'appearances': 1, 'avg_score': 6.0, 'avg_vaep': 0.37}]","{'2015/2016': 28, '2017/2018': 6, '2020/2021': 6}"
8108e758-0d35-a6df-529b-4cd78137c5aa,21229,Sergi Samper Montaña,Midfielder,right,2,6.0,0.1272915145073057,"[{'season_label': '2015/2016', 'appearances': 1, 'avg_score': 6.0, 'avg_vaep': 0.25}, {'season_label': '2016/2017', 'appearances': 1, 'avg_score': 6.0, 'avg_vaep': 0.01}]","{'2015/2016': 26, '2016/2017': 16}"
218ac3fe-3df6-ff2c-8fe8-f9353f1084f6,5687,Takashi Inui,Attacker,right,9,6.35,0.27243734122506186,"[{'season_label': '2015/2016', 'appearances': 2, 'avg_score': 6.0, 'avg_vaep': 0.15}, {'season_label': '2016/2017', 'appearances': 2, 'avg_score': 6.72, 'avg_vaep': 0.49}, {'season_label': '2017/2018', 'appearances': 1, 'avg_score': 6.0, 'avg_vaep': 0.02}, {'season_label': '2018/2019', 'appearances': 2, 'avg_score': 6.13, 'avg_vaep': 0.1}, {'season_label': '2020/2021', 'appearances': 2, 'avg_score': 6.72, 'avg_vaep': 0.47}]","{'2015/2016': 8, '2016/2017': 8, '2017/2018': 8, '2018/2019': 22, '2020/2021': 8}"
514f94b7-b871-de0e-acb2-21709d341aec,6566,Borja González Tomás,Attacker,right,5,6.298,0.3382121624508727,"[{'season_label': '2015/2016', 'appearances': 2, 'avg_score': 6.62, 'avg_vaep': 0.14}, {'season_label': '2017/2018', 'appearances': 2, 'avg_score': 6.12, 'avg_vaep': 0.51}, {'season_label': '2020/2021', 'appearances': 1, 'avg_score': 6.0, 'avg_vaep': 0.4}]","{'2015/2016': 18, '2017/2018': 18, '2020/2021': 9}"
32fcc8cf-e1fa-4c77-b5c5-8dafd36d1a98,6700,Sergio Enrich Ametller,Attacker,right,9,6.5344444444444445,0.3762232866772845,"[{'season_label': '2015/2016', 'appearances': 2, 'avg_score': 6.12, 'avg_vaep': 0.22}, {'season_label': '2016/2017', 'appearances': 2, 'avg_score': 6.61, 'avg_vaep': 1.02}, {'season_label': '2017/2018', 'appearances': 2, 'avg_score': 6.72, 'avg_vaep': 0.36}, {'season_label': '2018/2019', 'appearances': 2, 'avg_score': 6.13, 'avg_vaep': 0.09}, {'season_label': '2020/2021', 'appearances': 1, 'avg_score': 7.65, 'avg_vaep': 0.01}]","{'2015/2016': 9, '2016/2017': 9, '2017/2018': 9, '2018/2019': 9, '2020/2021': 9}"
5726daf2-c9ee-0f95-5eca-58291c26d2f3,6712,Gonzalo Escalante,Midfielder,right,9,6.053333333333333,0.48901611597729144,"[{'season_label': '2015/2016', 'appearances': 2, 'avg_score': 6.01, 'avg_vaep': 0.33}, {'season_label': '2016/2017', 'appearances': 2, 'avg_score': 6.06, 'avg_vaep': 0.51}, {'season_label': '2017/2018', 'appearances': 2, 'avg_score': 6.12, 'avg_vaep': 0.42}, {'season_label': '2018/2019', 'appearances': 1, 'avg_score': 6.03, 'avg_vaep': 0.35}, {'season_label': '2020/2021', 'appearances': 2, 'avg_score': 6.03, 'avg_vaep': 0.76}]","{'2015/2016': 5, '2016/2017': 5, '2017/2018': 5, '2018/2019': 5, '2020/2021': 5}"
325eaeac-5bef-3493-7cfd-c1bd73034d17,6742,Sergio Gontán Gallardo,Attacker,right,4,6.35,0.6294809014793827,"[{'season_label': '2015/2016', 'appearances': 1, 'avg_score': 6.82, 'avg_vaep': 0.37}, {'season_label': '2017/2018', 'appearances': 2, 'avg_score': 6.0, 'avg_vaep': 0.21}, {'season_label': '2020/2021', 'appearances': 1, 'avg_score': 6.58, 'avg_vaep': 1.73}]","{'2015/2016': 20, '2017/2018': 24, '2020/2021': 20}"
e5ba7c3b-be84-02a4-9a10-fed2162dac54,6776,David Juncà Reñé,Defender,left,5,6.142,0.41180551908873897,"[{'season_label': '2015/2016', 'appearances': 2, 'avg_score': 6.33, 'avg_vaep': 0.35}, {'season_label': '2016/2017', 'appearances': 1, 'avg_score': 6.0, 'avg_vaep': 0.51}, {'season_label': '2018/2019', 'appearances': 1, 'avg_score': 6.0, 'avg_vaep': 0.33}, {'season_label': '2020/2021', 'appearances': 1, 'avg_score': 6.05, 'avg_vaep': 0.51}]","{'2015/2016': 17, '2016/2017': 23, '2018/2019': 17, '2019/2020': 17, '2020/2021': 23}"
9eb53b50-52d5-34ea-2619-ca03b5649af7,7170,Simone Verdi,Midfielder,right,1,6.01,0.5187006167616346,"[{'season_label': '2015/2016', 'appearances': 1, 'avg_score': 6.01, 'avg_vaep': 0.52}]",{'2015/2016': 2}
f5f96025-b4aa-949a-d6d1-b20e207c66c9,9403,Izet Hajrović,Midfielder,left,1,6.0,0.013441909162793308,"[{'season_label': '2015/2016', 'appearances': 1, 'avg_score': 6.0, 'avg_vaep': 0.01}]",{'2015/2016': 11}
2a95da8a-ab3b-748d-2f96-e4503653181e,23416,Stefan Šćepović,Attacker,right,2,6.03,0.23400283325099736,"[{'season_label': '2015/2016', 'appearances': 2, 'avg_score': 6.03, 'avg_vaep': 0.23}]",{'2015/2016': 12}
54f46e81-b664-96c9-909b-cdc2f7987f41,27401,Bernard Mensah,Attacker,right,2,6.0,0.03105395538295852,"[{'season_label': '2015/2016', 'appearances': 2, 'avg_score': 6.0, 'avg_vaep': 0.03}]",{'2015/2016': 17}
90f5c2fc-a26c-dc32-f973-73bba4c0c337,27403,Santiago Vergini,Defender,right,2,6.0,-0.1129751334174216,"[{'season_label': '2015/2016', 'appearances': 2, 'avg_score': 6.0, 'avg_vaep': -0.11}]",{'2015/2016': 5}
dee75395-9003-6bbd-dca5-ab8fc0b8357e,31478,Balázs Megyeri,Midfielder,,0,,,[],{'2015/2016': 1}
1b906148-83e6-06d5-621b-45c14f4f2963,6713,Diego Javier Llorente Ríos,Defender,right,8,6.10375,0.32774371064033403,"[{'season_label': '2015/2016', 'appearances': 2, 'avg_score': 6.0, 'avg_vaep': 0.27}, {'season_label': '2016/2017', 'appearances': 1, 'avg_score': 6.0, 'avg_vaep': 0.1}, {'season_label': '2017/2018', 'appearances': 1, 'avg_score': 6.16, 'avg_vaep': 0.6}, {'season_label': '2018/2019', 'appearances': 2, 'avg_score': 6.25, 'avg_vaep': 0.63}, {'season_label': '2020/2021', 'appearances': 2, 'avg_score': 6.08, 'avg_vaep': 0.07}]","{'2015/2016': 27, '2016/2017': 5, '2017/2018': 3, '2018/2019': 3, '2020/2021': 3}"
8511df98-c02a-b60a-ea1b-2356c013bc0f,9246,Patrick Ebert,Midfielder,right,1,7.42,0.9901929472816846,"[{'season_label': '2015/2016', 'appearances': 1, 'avg_score': 7.42, 'avg_vaep': 0.99}]",{'2015/2016': 20}
491723c6-15d4-2eb8-b446-50bcbe384561,10727,Răzvan Dincă Raț,Defender,left,1,6.54,0.6695919349258475,"[{'season_label': '2015/2016', 'appearances': 1, 'avg_score': 6.54, 'avg_vaep': 0.67}]",{'2015/2016': 15}
db388c23-f671-042a-ec21-2b58da31f25a,197526,Alejandro Campos Tablado,Midfielder,,0,,,[],{'2015/2016': 30}
e6e9099e-5963-6a01-5536-fbb07f979201,5737,Steven N''Kemboanza Mike Christopher Nzonzi,Midfielder,right,6,6.68,0.46439719707268523,"[{'season_label': '2015/2016', 'appearances': 2, 'avg_score': 6.19, 'avg_vaep': 0.53}, {'season_label': '2016/2017', 'appearances': 2, 'avg_score': 7.17, 'avg_vaep': 0.52}, {'season_label': '2020/2021', 'appearances': 2, 'avg_score': 6.68, 'avg_vaep': 0.35}]","{'2015/2016': 15, '2016/2017': 15, '2020/2021': 15}"
866c7ee0-13c5-8f01-fa15-3a8d32c9ed57,7788,Ciro Immobile,Midfielder,,0,,,[],{'2015/2016': 11}
596059d2-66f3-2a63-144d-67628a53db89,7948,Marco Andreolli,Defender,right,1,6.0,0.3809780097944895,"[{'season_label': '2015/2016', 'appearances': 1, 'avg_score': 6.0, 'avg_vaep': 0.38}]",{'2015/2016': 17}
5a2b8fee-6a50-b559-4ecc-5041eed53650,8523,Yevhen Konoplyanka,Midfielder,right,1,6.06,0.7360336386445852,"[{'season_label': '2015/2016', 'appearances': 1, 'avg_score': 6.06, 'avg_vaep': 0.74}]",{'2015/2016': 22}
13844d01-d85a-85be-d473-38e396b2aa3d,10476,Timothée Kolodziejczak,Defender,left,2,6.220000000000001,0.23817848640283046,"[{'season_label': '2015/2016', 'appearances': 2, 'avg_score': 6.22, 'avg_vaep': 0.24}]",{'2015/2016': 5}
28513c6e-cd19-2653-7079-2e81561c6011,21210,Mariano Ferreira Filho,Defender,right,3,6.103333333333333,0.44750480482616695,"[{'season_label': '2015/2016', 'appearances': 1, 'avg_score': 6.0, 'avg_vaep': -0.0}, {'season_label': '2016/2017', 'appearances': 2, 'avg_score': 6.15, 'avg_vaep': 0.67}]","{'2015/2016': 25, '2016/2017': 3}"
081ac692-6348-a7c6-962c-58ed0dd93b0b,19392,Juan del Cármen Cámara Mesa,Midfielder,,0,,,[],{'2015/2016': 27}
b3f445b0-ff5a-783e-c652-cdf8e669a9bf,6736,Álvaro Medrán Just,Midfielder,right,2,6.015000000000001,0.5043973519368592,"[{'season_label': '2015/2016', 'appearances': 1, 'avg_score': 6.03, 'avg_vaep': 1.31}, {'season_label': '2020/2021', 'appearances': 1, 'avg_score': 6.0, 'avg_vaep': -0.3}]","{'2015/2016': 23, '2016/2017': 20, '2020/2021': 23}"
960c30fa-8429-c4be-dee9-45d0896d2351,16426,Wanderson Maciel Sousa Campos,Attacker,right,1,6.21,1.7164493596901593,"[{'season_label': '2015/2016', 'appearances': 1, 'avg_score': 6.21, 'avg_vaep': 1.72}]",{'2015/2016': 30}
4aec9b9c-38fe-30d8-411f-2a18e6324c9d,24391,Borja Galán González,Midfielder,,0,,,[],{'2015/2016': 31}
e71f0aa2-ed94-afb5-e84c-abf28aea9dfb,27402,Álvaro Daniel Pereira Barragán,Defender,left,1,6.0,0.12204075179397478,"[{'season_label': '2015/2016', 'appearances': 1, 'avg_score': 6.0, 'avg_vaep': 0.12}]",{'2015/2016': 2}
35452583-78f2-a356-6e4a-823d0ad28a3e,46465,José Carrillo Mancilla,Midfielder,,0,,,[],{'2015/2016': 36}
1c47ca5c-758a-3f8e-a6b6-5ea893b7c90e,220761,Miguel Ángel Muñoz Alonso,Midfielder,,0,,,[],{'2015/2016': 35}
62e7f2e0-90fe-150e-f8de-b4466fdc81b3,3601,Charly Musonda Junior,Defender,right,2,6.0,0.13848708149089362,"[{'season_label': '2015/2016', 'appearances': 1, 'avg_score': 6.0, 'avg_vaep': 0.1}, {'season_label': '2016/2017', 'appearances': 1, 'avg_score': 6.0, 'avg_vaep': 0.18}]","{'2015/2016': 8, '2016/2017': 7}"
ad554d8c-3b06-d6b9-7ee7-6a2448bd7913,6697,Daniel Ceballos Fernández,Midfielder,right,4,6.305,0.70159052512372,"[{'season_label': '2015/2016', 'appearances': 2, 'avg_score': 6.26, 'avg_vaep': 0.56}, {'season_label': '2016/2017', 'appearances': 2, 'avg_score': 6.35, 'avg_vaep': 0.85}]","{'2015/2016': 10, '2016/2017': 10, '2017/2018': 24, '2020/2021': 24}"
83715fd4-755b-33f9-c395-8e1a9ee221e1,6872,Bruno González Cabrera,Defender,right,5,6.0,0.3387428708570951,"[{'season_label': '2015/2016', 'appearances': 2, 'avg_score': 6.0, 'avg_vaep': 0.3}, {'season_label': '2016/2017', 'appearances': 1, 'avg_score': 6.0, 'avg_vaep': 0.25}, {'season_label': '2019/2020', 'appearances': 1, 'avg_score': 6.0, 'avg_vaep': 0.38}, {'season_label': '2020/2021', 'appearances': 1, 'avg_score': 6.0, 'avg_vaep': 0.47}]","{'2015/2016': 4, '2016/2017': 4, '2017/2018': 4, '2019/2020': 6, '2020/2021': 4}"
8860a4e2-7cbb-e4c6-3821-b429211684a3,7161,Germán Alejandro Pezzella,Defender,right,4,6.175,0.4917492147515077,"[{'season_label': '2015/2016', 'appearances': 2, 'avg_score': 6.35, 'avg_vaep': 0.44}, {'season_label': '2016/2017', 'appearances': 2, 'avg_score': 6.0, 'avg_vaep': 0.54}]","{'2015/2016': 20, '2016/2017': 20}"
555fd432-04fd-3f24-1370-6c2d6cc8ee0a,24132,Francisco Miguel Varela Martín,Midfielder,,0,,,[],{'2015/2016': 6}
b9bd8641-1ab7-be06-a576-12b91c7ef221,27346,Petros Matheus dos Santos Araújo,Midfielder,right,4,6.06,0.997416143508417,"[{'season_label': '2015/2016', 'appearances': 2, 'avg_score': 6.12, 'avg_vaep': 0.52}, {'season_label': '2016/2017', 'appearances': 2, 'avg_score': 6.0, 'avg_vaep': 1.48}]","{'2015/2016': 25, '2016/2017': 5}"
df4684fd-2272-1f73-96ac-e865dbf2bf3f,27348,Ricky van Wolfswinkel,Attacker,right,2,6.055,0.19321436902100686,"[{'season_label': '2015/2016', 'appearances': 2, 'avg_score': 6.05, 'avg_vaep': 0.19}]",{'2015/2016': 9}
73d41ffb-dd7d-d455-264a-09fc1ce4fb52,27349,Heiko Westermann,Defender,left,2,6.0,0.09828647700123838,"[{'season_label': '2015/2016', 'appearances': 2, 'avg_score': 6.0, 'avg_vaep': 0.1}]",{'2015/2016': 17}
7f49e381-0586-5a45-1788-a39d603fecd2,186264,Foued Kadir,Midfielder,,0,,,[],{'2015/2016': 5}
1bd4b29a-8e0a-fccd-9923-fe29cecb4b29,3063,Danilo Luiz da Silva,Defender,right,1,6.02,0.25296341133798705,"[{'season_label': '2015/2016', 'appearances': 1, 'avg_score': 6.02, 'avg_vaep': 0.25}]","{'2015/2016': 23, '2016/2017': 23}"
f998fe28-62e4-dbab-7e4d-18de41d02d3b,5539,Carlos Henrique Casimiro,Midfielder,right,10,6.211,0.44346865268162217,"[{'season_label': '2015/2016', 'appearances': 1, 'avg_score': 6.02, 'avg_vaep': -0.0}, {'season_label': '2016/2017', 'appearances': 2, 'avg_score': 6.21, 'avg_vaep': 0.31}, {'season_label': '2017/2018', 'appearances': 1, 'avg_score': 6.17, 'avg_vaep': 0.8}, {'season_label': '2018/2019', 'appearances': 2, 'avg_score': 6.52, 'avg_vaep': 0.51}, {'season_label': '2019/2020', 'appearances': 2, 'avg_score': 6.22, 'avg_vaep': 0.33}, {'season_label': '2020/2021', 'appearances': 2, 'avg_score': 6.02, 'avg_vaep': 0.67}]","{'2015/2016': 14, '2016/2017': 14, '2017/2018': 14, '2018/2019': 14, '2019/2020': 14, '2020/2021': 14}"
105773e3-edc7-6ba9-0bb1-d60913dffddf,20086,Stipe Pletikosa,Midfielder,,0,,,[],{'2015/2016': 13}
223c4a00-879e-567a-fdfe-a1fbadbba17c,25997,Jonás Manuel Gutiérrez,Midfielder,left,1,6.0,0.015840668969758553,"[{'season_label': '2015/2016', 'appearances': 1, 'avg_score': 6.0, 'avg_vaep': 0.02}]",{'2015/2016': 24}
b769f92a-201b-b18d-d58e-514e7c2e8f05,26288,Jonathan Javier Rodríguez Portillo,Attacker,right,1,6.63,-0.10982386670002597,"[{'season_label': '2015/2016', 'appearances': 1, 'avg_score': 6.63, 'avg_vaep': -0.11}]",{'2015/2016': 20}
8f831227-b0eb-6c6d-09a0-555531365933,27457,Manuel Fernández Muñíz,GK,right,1,6.0,0.029282369046995882,"[{'season_label': '2015/2016', 'appearances': 1, 'avg_score': 6.0, 'avg_vaep': 0.03}]",{'2015/2016': 25}
cb41f167-917e-c4b8-d870-a90c54afef7d,5633,Yannick Ferreira Carrasco,Midfielder,right,8,6.175,0.44031701344988505,"[{'season_label': '2015/2016', 'appearances': 2, 'avg_score': 6.21, 'avg_vaep': 0.35}, {'season_label': '2016/2017', 'appearances': 2, 'avg_score': 6.09, 'avg_vaep': 0.25}, {'season_label': '2018/2019', 'appearances': 1, 'avg_score': 6.16, 'avg_vaep': 0.68}, {'season_label': '2019/2020', 'appearances': 2, 'avg_score': 6.31, 'avg_vaep': 0.59}, {'season_label': '2020/2021', 'appearances': 1, 'avg_score': 6.0, 'avg_vaep': 0.44}]","{'2015/2016': 21, '2016/2017': 10, '2018/2019': 21, '2019/2020': 21, '2020/2021': 10}"
a6869a35-be89-3ac2-d859-89c5cd605539,6376,Stefan Savić,Defender,right,7,6.085714285714286,0.29252174377610834,"[{'season_label': '2015/2016', 'appearances': 1, 'avg_score': 6.0, 'avg_vaep': 0.03}, {'season_label': '2016/2017', 'appearances': 2, 'avg_score': 6.0, 'avg_vaep': 0.21}, {'season_label': '2017/2018', 'appearances': 1, 'avg_score': 6.0, 'avg_vaep': 0.06}, {'season_label': '2019/2020', 'appearances': 2, 'avg_score': 6.3, 'avg_vaep': 0.39}, {'season_label': '2020/2021', 'appearances': 1, 'avg_score': 6.0, 'avg_vaep': 0.75}]","{'2015/2016': 15, '2016/2017': 15, '2017/2018': 15, '2019/2020': 15, '2020/2021': 15}"
6a62253c-6733-25a7-be23-9b84a9f879d2,17622,Jackson Arley Martínez Valencia,Attacker,left,1,6.03,0.35466283391360776,"[{'season_label': '2015/2016', 'appearances': 1, 'avg_score': 6.03, 'avg_vaep': 0.35}]",{'2015/2016': 11}
30580a4c-af21-ef93-0b77-74a2eff4aa26,16073,Aras Özbiliz,Midfielder,,0,,,[],{'2015/2016': 16}
cfe8517a-9ddc-fdb2-ae7c-5832947c3833,24782,Jonhatan Montiel Caballero,Midfielder,left,1,6.0,0.6912926165805402,"[{'season_label': '2015/2016', 'appearances': 1, 'avg_score': 6.0, 'avg_vaep': 0.69}]",{'2015/2016': 26}
118bd558-033a-1016-fcc8-2560c65cca5f,6561,Luis Hernández Rodríguez,Defender,right,3,6.02,0.06338351984777546,"[{'season_label': '2015/2016', 'appearances': 1, 'avg_score': 6.0, 'avg_vaep': 0.37}, {'season_label': '2016/2017', 'appearances': 1, 'avg_score': 6.0, 'avg_vaep': 0.31}, {'season_label': '2020/2021', 'appearances': 1, 'avg_score': 6.06, 'avg_vaep': -0.49}]","{'2015/2016': 2, '2016/2017': 24, '2020/2021': 4}"
ab6b331e-94c2-8169-d15c-ca0cb3bbc73e,6602,Miguel Ángel Guerrero Martín,Attacker,right,4,6.2925,0.19581795590147522,"[{'season_label': '2015/2016', 'appearances': 1, 'avg_score': 6.05, 'avg_vaep': 0.38}, {'season_label': '2016/2017', 'appearances': 1, 'avg_score': 6.8, 'avg_vaep': 0.36}, {'season_label': '2018/2019', 'appearances': 1, 'avg_score': 6.32, 'avg_vaep': 0.05}, {'season_label': '2020/2021', 'appearances': 1, 'avg_score': 6.0, 'avg_vaep': -0.0}]","{'2015/2016': 9, '2016/2017': 9, '2018/2019': 9, '2020/2021': 9}"
b555f4a2-9012-28cc-8263-27079761e696,6880,Arnaldo Antonio Sanabria Ayala,Attacker,right,3,6.296666666666667,0.4301919158254653,"[{'season_label': '2015/2016', 'appearances': 1, 'avg_score': 6.0, 'avg_vaep': 0.38}, {'season_label': '2016/2017', 'appearances': 1, 'avg_score': 6.17, 'avg_vaep': 0.58}, {'season_label': '2019/2020', 'appearances': 1, 'avg_score': 6.72, 'avg_vaep': 0.33}]","{'2015/2016': 20, '2016/2017': 9, '2017/2018': 9, '2019/2020': 19, '2020/2021': 9}"
9b8b50fb-590c-590f-fbf1-295ce92258dc,6926,Alen Halilović,Attacker,left,4,6.0225,0.22844411459846015,"[{'season_label': '2015/2016', 'appearances': 2, 'avg_score': 6.04, 'avg_vaep': 0.36}, {'season_label': '2016/2017', 'appearances': 1, 'avg_score': 6.0, 'avg_vaep': -0.13}, {'season_label': '2020/2021', 'appearances': 1, 'avg_score': 6.0, 'avg_vaep': 0.33}]","{'2015/2016': 25, '2016/2017': 20, '2020/2021': 8}"
4d85374a-75c3-ff7c-040d-f577395ff7f9,13107,Sergio Álvarez Díaz,Midfielder,right,3,6.169999999999999,0.41143801121810003,"[{'season_label': '2016/2017', 'appearances': 1, 'avg_score': 6.0, 'avg_vaep': 0.02}, {'season_label': '2017/2018', 'appearances': 1, 'avg_score': 6.0, 'avg_vaep': 0.29}, {'season_label': '2018/2019', 'appearances': 1, 'avg_score': 6.51, 'avg_vaep': 0.92}]","{'2015/2016': 6, '2016/2017': 6, '2017/2018': 6, '2018/2019': 6}"
1de16907-c72c-efcb-0197-5c3e61185ced,16332,Ognjen Vranješ,Defender,right,1,6.0,0.790807235360262,"[{'season_label': '2015/2016', 'appearances': 1, 'avg_score': 6.0, 'avg_vaep': 0.79}]",{'2015/2016': 21}
4823b377-3a10-45c2-cc5e-857b35e3648b,18398,Omar Mascarell González,Midfielder,right,2,6.025,0.5249856293157791,"[{'season_label': '2015/2016', 'appearances': 2, 'avg_score': 6.03, 'avg_vaep': 0.52}]",{'2015/2016': 17}
fc4128d0-0c37-1e94-9ce0-7a2cdc1bfd3d,23838,Pablo Pérez Rodríguez,Attacker,right,2,6.085,1.1323175201923732,"[{'season_label': '2015/2016', 'appearances': 2, 'avg_score': 6.08, 'avg_vaep': 1.13}]",{'2015/2016': 22}
8dd99f71-9edf-43e0-7427-cc78a3549648,23848,Carlos Carmona Bonet,Midfielder,,0,,,[],{'2015/2016': 19}
972c16f4-42eb-a604-6968-0bf869dd6a89,23994,Alejandro Menéndez Díez,Attacker,left,2,6.33,0.1326636472795144,"[{'season_label': '2015/2016', 'appearances': 2, 'avg_score': 6.33, 'avg_vaep': 0.13}]",{'2015/2016': 3}
945beadd-1794-ee1a-ffd8-a65dad8b844e,24173,Carlos Castro García,Attacker,left,3,6.98,0.2583107001046301,"[{'season_label': '2015/2016', 'appearances': 2, 'avg_score': 6.54, 'avg_vaep': 0.26}, {'season_label': '2016/2017', 'appearances': 1, 'avg_score': 7.86, 'avg_vaep': 0.25}]","{'2015/2016': 16, '2016/2017': 9}"
ca4f76fc-1601-927e-425f-9487890361a6,26256,Igor Lichnovsky Osorio,Defender,right,2,6.0,0.259802847971514,"[{'season_label': '2015/2016', 'appearances': 2, 'avg_score': 6.0, 'avg_vaep': 0.26}]",{'2015/2016': 4}
93b5129e-24b9-c92e-5b8e-7115056b46bd,27526,Rachid Aït-Atmane,Midfielder,right,1,6.0,0.1978416650381405,"[{'season_label': '2015/2016', 'appearances': 1, 'avg_score': 6.0, 'avg_vaep': 0.2}]",{'2015/2016': 24}
f0fffde3-f68a-91a5-13c9-b81b96502a3a,197560,Dennis Díaz Fernánadez,Midfielder,,0,,,[],{'2015/2016': 26}
cb463625-fc9d-de2d-8220-7e15bde1b674,6764,Pablo Fornals Malla,Midfielder,right,4,6.29,0.2735594700243382,"[{'season_label': '2015/2016', 'appearances': 1, 'avg_score': 6.0, 'avg_vaep': -0.06}, {'season_label': '2016/2017', 'appearances': 1, 'avg_score': 6.05, 'avg_vaep': 0.44}, {'season_label': '2017/2018', 'appearances': 1, 'avg_score': 6.12, 'avg_vaep': 0.37}, {'season_label': '2020/2021', 'appearances': 1, 'avg_score': 6.99, 'avg_vaep': 0.34}]","{'2015/2016': 31, '2016/2017': 31, '2017/2018': 8, '2020/2021': 8}"
3016a447-172f-3045-b65f-5fc83e04b554,8419,Duje Čop,Attacker,right,3,6.336666666666666,-0.046300629726829357,"[{'season_label': '2015/2016', 'appearances': 2, 'avg_score': 6.5, 'avg_vaep': 0.12}, {'season_label': '2017/2018', 'appearances': 1, 'avg_score': 6.0, 'avg_vaep': -0.39}]","{'2015/2016': 20, '2016/2017': 24, '2017/2018': 20}"
0b33f2e8-843e-8b44-0dd8-caf7086995b0,5719,Marco Asensio Willemsen,Attacker,left,9,6.108888888888888,0.19786730061140487,"[{'season_label': '2015/2016', 'appearances': 2, 'avg_score': 6.1, 'avg_vaep': 0.72}, {'season_label': '2016/2017', 'appearances': 2, 'avg_score': 6.13, 'avg_vaep': 0.15}, {'season_label': '2017/2018', 'appearances': 1, 'avg_score': 6.14, 'avg_vaep': -0.06}, {'season_label': '2019/2020', 'appearances': 2, 'avg_score': 6.05, 'avg_vaep': 0.18}, {'season_label': '2020/2021', 'appearances': 2, 'avg_score': 6.14, 'avg_vaep': -0.13}]","{'2015/2016': 25, '2016/2017': 20, '2017/2018': 20, '2019/2020': 11, '2020/2021': 20}"
e987eff4-a7c7-b7e5-80d6-59feb6f60c1a,6701,Joan Jordán Moreno,Midfielder,right,9,6.14,0.43066030138854533,"[{'season_label': '2015/2016', 'appearances': 1, 'avg_score': 6.0, 'avg_vaep': 0.92}, {'season_label': '2017/2018', 'appearances': 2, 'avg_score': 6.18, 'avg_vaep': 0.32}, {'season_label': '2018/2019', 'appearances': 2, 'avg_score': 6.02, 'avg_vaep': 0.33}, {'season_label': '2019/2020', 'appearances': 2, 'avg_score': 6.25, 'avg_vaep': 0.48}, {'season_label': '2020/2021', 'appearances': 2, 'avg_score': 6.19, 'avg_vaep': 0.35}]","{'2015/2016': 19, '2017/2018': 24, '2018/2019': 24, '2019/2020': 8, '2020/2021': 24}"
9fa83fec-3cf3-810e-5680-ed45f7124dce,6838,Hernán Arsenio Pérez González,Attacker,right,5,6.148000000000001,0.2819594330605469,"[{'season_label': '2015/2016', 'appearances': 2, 'avg_score': 6.08, 'avg_vaep': 0.45}, {'season_label': '2016/2017', 'appearances': 1, 'avg_score': 6.0, 'avg_vaep': 0.02}, {'season_label': '2017/2018', 'appearances': 1, 'avg_score': 6.58, 'avg_vaep': 0.29}, {'season_label': '2020/2021', 'appearances': 1, 'avg_score': 6.0, 'avg_vaep': 0.2}]","{'2015/2016': 17, '2016/2017': 17, '2017/2018': 17, '2020/2021': 21}"
b6102a25-51c0-b3cd-2c13-daaeab843f50,22919,Lluís López Mármol,Defender,right,1,6.0,0.3104783918643079,"[{'season_label': '2017/2018', 'appearances': 1, 'avg_score': 6.0, 'avg_vaep': 0.31}]","{'2015/2016': 27, '2017/2018': 27, '2018/2019': 6}"
42aa61c7-ccfa-95dc-4db4-d894530def8a,31904,Giedrius Arlauskis,Midfielder,,0,,,[],{'2015/2016': 1}
f95ec3de-395b-4bce-25b3-9ef6138da871,3610,Roque Mesa Quevedo,Midfielder,right,10,6.182,0.4530376463932043,"[{'season_label': '2015/2016', 'appearances': 2, 'avg_score': 6.44, 'avg_vaep': 0.64}, {'season_label': '2016/2017', 'appearances': 2, 'avg_score': 6.16, 'avg_vaep': 0.85}, {'season_label': '2017/2018', 'appearances': 2, 'avg_score': 6.0, 'avg_vaep': 0.29}, {'season_label': '2018/2019', 'appearances': 2, 'avg_score': 6.0, 'avg_vaep': 0.33}, {'season_label': '2019/2020', 'appearances': 2, 'avg_score': 6.31, 'avg_vaep': 0.16}]","{'2015/2016': 15, '2016/2017': 15, '2017/2018': 7, '2018/2019': 6, '2019/2020': 17}"
a0d3973a-d100-ad83-a64c-304bb58677dd,6721,Willian José da Silva,Attacker,right,9,7.005555555555556,0.25912674361704074,"[{'season_label': '2015/2016', 'appearances': 1, 'avg_score': 7.7, 'avg_vaep': 0.66}, {'season_label': '2016/2017', 'appearances': 2, 'avg_score': 6.58, 'avg_vaep': 0.33}, {'season_label': '2017/2018', 'appearances': 1, 'avg_score': 6.6, 'avg_vaep': 0.02}, {'season_label': '2018/2019', 'appearances': 2, 'avg_score': 6.59, 'avg_vaep': 0.07}, {'season_label': '2019/2020', 'appearances': 1, 'avg_score': 8.3, 'avg_vaep': 0.4}, {'season_label': '2020/2021', 'appearances': 2, 'avg_score': 7.05, 'avg_vaep': 0.23}]","{'2015/2016': 8, '2016/2017': 12, '2017/2018': 12, '2018/2019': 9, '2019/2020': 9, '2020/2021': 12}"
0ad5292c-158f-3924-f8b4-80367fcbeb94,6927,David García Santana,Defender,right,3,6.03,0.07462793342104608,"[{'season_label': '2015/2016', 'appearances': 1, 'avg_score': 6.09, 'avg_vaep': 0.18}, {'season_label': '2016/2017', 'appearances': 1, 'avg_score': 6.0, 'avg_vaep': 0.01}, {'season_label': '2020/2021', 'appearances': 1, 'avg_score': 6.0, 'avg_vaep': 0.04}]","{'2015/2016': 5, '2016/2017': 5, '2020/2021': 5}"
caaa29ea-b72b-231b-0af6-2fbdff89bfce,6932,Dani Castellano Betancor,Defender,left,2,6.0,0.09478655301336403,"[{'season_label': '2015/2016', 'appearances': 1, 'avg_score': 6.0, 'avg_vaep': -0.01}, {'season_label': '2020/2021', 'appearances': 1, 'avg_score': 6.0, 'avg_vaep': 0.2}]","{'2015/2016': 23, '2020/2021': 23}"
5a794da4-f056-dcd7-32eb-706e9ef991d7,7905,Raúl Lizoáin Cruz,Midfielder,,0,,,[],"{'2015/2016': 1, '2016/2017': 1, '2020/2021': 1}"
ad7bdcaf-bea7-4680-e11d-25162a145507,7906,David Simón Rodríguez Santana,Defender,right,1,6.03,0.13343009874370182,"[{'season_label': '2015/2016', 'appearances': 1, 'avg_score': 6.03, 'avg_vaep': 0.13}]","{'2015/2016': 2, '2016/2017': 2, '2020/2021': 2}"
feb93033-a7ab-04ea-442b-08103ec019a4,8167,Sergio Ezequiel Araújo,Attacker,right,2,6.300000000000001,0.2288714971509762,"[{'season_label': '2015/2016', 'appearances': 2, 'avg_score': 6.3, 'avg_vaep': 0.23}]",{'2015/2016': 10}
252e98b1-8570-7e59-5a7c-40e615c0da8c,15805,Hernán Daniel Santana Trujillo,Midfielder,right,3,6.013333333333333,0.5641606453494509,"[{'season_label': '2015/2016', 'appearances': 1, 'avg_score': 6.0, 'avg_vaep': 0.11}, {'season_label': '2016/2017', 'appearances': 1, 'avg_score': 6.0, 'avg_vaep': 0.28}, {'season_label': '2020/2021', 'appearances': 1, 'avg_score': 6.04, 'avg_vaep': 1.31}]","{'2015/2016': 14, '2016/2017': 14, '2020/2021': 14}"
2c1b748d-ffe7-4069-de48-429ee20cfc96,26689,Nauzet Alemán Viera,Midfielder,,0,,,[],{'2015/2016': 7}
4021e8ad-51eb-17ec-0f04-bc29eb5ea19f,27521,Juan Emmanuel Culio,Midfielder,left,1,6.0,0.7420879724231781,"[{'season_label': '2015/2016', 'appearances': 1, 'avg_score': 6.0, 'avg_vaep': 0.74}]",{'2015/2016': 19}
fed34d7c-05dc-bb59-6142-516748ac52ef,27522,Antolín Alcáraz Viveros,Defender,right,1,6.0,0.6829554488758731,"[{'season_label': '2015/2016', 'appearances': 1, 'avg_score': 6.0, 'avg_vaep': 0.68}]",{'2015/2016': 3}
82680bfe-c0fa-0834-6c1b-10d30a3e3d4a,11212,Fábio Ricardo Gomes Fonseca,Midfielder,,0,,,[],{'2015/2016': 5}
3001ef25-7407-d5a3-71a9-6dcd947c7d93,6392,Íñigo Lekue Martínez,Attacker,right,5,6.142,0.3075363181127614,"[{'season_label': '2016/2017', 'appearances': 1, 'avg_score': 6.0, 'avg_vaep': -0.0}, {'season_label': '2018/2019', 'appearances': 1, 'avg_score': 6.09, 'avg_vaep': 0.4}, {'season_label': '2019/2020', 'appearances': 1, 'avg_score': 6.0, 'avg_vaep': 0.09}, {'season_label': '2020/2021', 'appearances': 2, 'avg_score': 6.31, 'avg_vaep': 0.53}]","{'2015/2016': 30, '2016/2017': 15, '2018/2019': 15, '2019/2020': 15, '2020/2021': 15}"
b14573b9-273c-38ba-0f89-bb63abc87973,6606,Javier Eraso Goñi,Attacker,right,9,6.09,0.37648411277061516,"[{'season_label': '2015/2016', 'appearances': 2, 'avg_score': 6.21, 'avg_vaep': 0.24}, {'season_label': '2016/2017', 'appearances': 2, 'avg_score': 6.06, 'avg_vaep': 0.14}, {'season_label': '2017/2018', 'appearances': 1, 'avg_score': 6.0, 'avg_vaep': 0.02}, {'season_label': '2018/2019', 'appearances': 2, 'avg_score': 6.05, 'avg_vaep': 0.49}, {'season_label': '2020/2021', 'appearances': 2, 'avg_score': 6.08, 'avg_vaep': 0.82}]","{'2015/2016': 5, '2016/2017': 5, '2017/2018': 17, '2018/2019': 17, '2020/2021': 17}"
e9510081-ac30-ffa8-3f10-b68cde1cac07,6666,Sabin Merino Zuloaga,Attacker,right,4,6.1775,0.22227684992367358,"[{'season_label': '2015/2016', 'appearances': 2, 'avg_score': 6.3, 'avg_vaep': 0.15}, {'season_label': '2017/2018', 'appearances': 1, 'avg_score': 6.0, 'avg_vaep': 0.36}, {'season_label': '2020/2021', 'appearances': 1, 'avg_score': 6.11, 'avg_vaep': 0.24}]","{'2015/2016': 25, '2016/2017': 19, '2017/2018': 18, '2020/2021': 19}"
d15426b9-c324-6766-10fb-b01360473ed8,3240,Mathew Ryan,Midfielder,,0,,,[],{'2015/2016': 25}
ae87a54e-183c-075c-494c-4d397d126a66,4406,Aymen Abdennour,Defender,left,4,6.0,0.23599792440290912,"[{'season_label': '2015/2016', 'appearances': 2, 'avg_score': 6.0, 'avg_vaep': 0.22}, {'season_label': '2016/2017', 'appearances': 2, 'avg_score': 6.0, 'avg_vaep': 0.25}]","{'2015/2016': 23, '2016/2017': 23}"
edea2984-42a6-7de0-45e8-8dfb6e5ea4a2,5741,Enzo Nicolás Pérez,Midfielder,right,4,6.05,0.505735032559187,"[{'season_label': '2015/2016', 'appearances': 2, 'avg_score': 6.05, 'avg_vaep': 0.27}, {'season_label': '2016/2017', 'appearances': 2, 'avg_score': 6.05, 'avg_vaep': 0.74}]","{'2015/2016': 15, '2016/2017': 8}"
7cc538b1-3379-57da-e283-c30ad46def38,6586,Ignacio Gil de Pareja Vicent,Midfielder,,0,,,[],"{'2015/2016': 33, '2020/2021': 31}"
609e9d4b-cc81-57c0-0808-993f612f1acd,6725,Zakaria Bakkali,Attacker,right,3,6.010000000000001,0.064523670074171,"[{'season_label': '2015/2016', 'appearances': 1, 'avg_score': 6.0, 'avg_vaep': 0.01}, {'season_label': '2016/2017', 'appearances': 1, 'avg_score': 6.0, 'avg_vaep': 0.08}, {'season_label': '2020/2021', 'appearances': 1, 'avg_score': 6.03, 'avg_vaep': 0.1}]","{'2015/2016': 16, '2016/2017': 11, '2020/2021': 18}"
76383b34-503a-fb05-08f8-364787c55800,6898,Jaume Doménech Sánchez,GK,right,3,6.080000000000001,0.18267190371564843,"[{'season_label': '2015/2016', 'appearances': 1, 'avg_score': 6.12, 'avg_vaep': 0.06}, {'season_label': '2018/2019', 'appearances': 1, 'avg_score': 6.0, 'avg_vaep': 0.34}, {'season_label': '2019/2020', 'appearances': 1, 'avg_score': 6.12, 'avg_vaep': 0.15}]","{'2015/2016': 24, '2016/2017': 13, '2017/2018': 1, '2018/2019': 1, '2019/2020': 1, '2020/2021': 1}"
4ccea316-1064-506d-da8e-0c9fd416d1ae,10037,Danilo Barbosa da Silva,Midfielder,right,1,6.0,0.14266739732738642,"[{'season_label': '2015/2016', 'appearances': 1, 'avg_score': 6.0, 'avg_vaep': 0.14}]",{'2015/2016': 12}
6481ebf1-1683-30ca-0f7b-b56c51c5630f,23849,Francisco José Villalba Rodrigo,Midfielder,,0,,,[],{'2015/2016': 30}
213c8881-9880-6ef1-a0e2-bbf2f4855c6c,27481,Carlos Carbonell Gil,Attacker,right,1,6.0,0.09627095057294355,"[{'season_label': '2015/2016', 'appearances': 1, 'avg_score': 6.0, 'avg_vaep': 0.1}]",{'2015/2016': 28}
e9e5eed4-838d-1984-4cc0-0a72f39253b0,27482,Aderllan Leandro de Jesus Santos,Defender,right,1,6.0,0.4786309423907369,"[{'season_label': '2015/2016', 'appearances': 1, 'avg_score': 6.0, 'avg_vaep': 0.48}]",{'2015/2016': 4}
3c0ff39f-579f-ee5d-118b-feeb237c91b2,197491,Ibrahim Diallo,Midfielder,,0,,,[],{'2015/2016': 31}
2a93f390-20f6-d31d-33f8-1a191b048cb1,10852,Miguel Filipe Nunes Cardoso,Midfielder,right,1,6.0,0.11109776112425607,"[{'season_label': '2015/2016', 'appearances': 1, 'avg_score': 6.0, 'avg_vaep': 0.11}]",{'2015/2016': 30}
f72f78a3-6565-7d56-853b-6867fb37dc3c,6685,Mikel Oyarzabal Ugarte,Attacker,left,11,6.51,0.3994092925950099,"[{'season_label': '2015/2016', 'appearances': 2, 'avg_score': 6.39, 'avg_vaep': 0.74}, {'season_label': '2016/2017', 'appearances': 2, 'avg_score': 6.85, 'avg_vaep': 0.18}, {'season_label': '2017/2018', 'appearances': 2, 'avg_score': 6.37, 'avg_vaep': 0.42}, {'season_label': '2018/2019', 'appearances': 2, 'avg_score': 6.95, 'avg_vaep': 0.32}, {'season_label': '2019/2020', 'appearances': 1, 'avg_score': 6.34, 'avg_vaep': 0.25}, {'season_label': '2020/2021', 'appearances': 2, 'avg_score': 6.08, 'avg_vaep': 0.43}]","{'2015/2016': 28, '2016/2017': 18, '2017/2018': 10, '2018/2019': 10, '2019/2020': 10, '2020/2021': 18}"
a2926855-56cd-eb77-9dbc-336e83dfb3cb,8522,Armindo Tué Na Bangna,Attacker,right,1,6.58,0.2998304944485426,"[{'season_label': '2015/2016', 'appearances': 1, 'avg_score': 6.58, 'avg_vaep': 0.3}]",{'2015/2016': 7}
0d924f0e-6b3f-d0d9-1074-c22727a53966,10754,Héctor Hernández Ortega,Attacker,left,2,6.0,0.014183030622916704,"[{'season_label': '2015/2016', 'appearances': 2, 'avg_score': 6.0, 'avg_vaep': 0.01}]",{'2015/2016': 21}
69e1d2d2-2776-ad3d-b673-6247f14f00e6,16539,Diego Antonio Reyes Rosales,Defender,right,3,6.0,0.2403066860309385,"[{'season_label': '2015/2016', 'appearances': 1, 'avg_score': 6.0, 'avg_vaep': 0.08}, {'season_label': '2016/2017', 'appearances': 2, 'avg_score': 6.0, 'avg_vaep': 0.32}]","{'2015/2016': 23, '2016/2017': 23}"
5d12d5a7-6a96-8353-6eb2-3a6a1c9767cc,40864,Ander Bardaji Maiza Lasgar,Midfielder,,0,,,[],{'2015/2016': 31}
7aee5d5d-fa97-b251-6e5f-639672c7e199,6581,Jonathan Rodríguez Menéndez,Attacker,left,6,6.109999999999999,0.1925922642049045,"[{'season_label': '2015/2016', 'appearances': 1, 'avg_score': 6.06, 'avg_vaep': 0.28}, {'season_label': '2016/2017', 'appearances': 1, 'avg_score': 6.57, 'avg_vaep': -0.05}, {'season_label': '2017/2018', 'appearances': 2, 'avg_score': 6.02, 'avg_vaep': 0.18}, {'season_label': '2019/2020', 'appearances': 2, 'avg_score': 6.0, 'avg_vaep': 0.29}]","{'2015/2016': 23, '2016/2017': 21, '2017/2018': 23, '2019/2020': 7}"
7eca143c-aaf4-9d9e-3dc5-c04961a314a0,8818,Jorge Meré Pérez,Defender,right,1,6.0,0.33579076552268816,"[{'season_label': '2015/2016', 'appearances': 1, 'avg_score': 6.0, 'avg_vaep': 0.34}]",{'2015/2016': 28}
3ea81662-1e0d-8ecd-5e53-4ec28051d4d5,11537,Alberto García Cabrera,Midfielder,,0,,,[],"{'2015/2016': 13, '2017/2018': 1}"
157c6fd1-3f6a-d291-1c5e-c3a97dfd4438,25057,Alejandro Barrera García,Attacker,right,1,6.0,0.02236131283643772,"[{'season_label': '2015/2016', 'appearances': 1, 'avg_score': 6.0, 'avg_vaep': 0.02}]",{'2015/2016': 8}
cfcce062-1b49-c983-991e-ad4c3d4d3b6b,3292,Abdoulaye Doucouré,Midfielder,right,1,6.0,0.43670800431937096,"[{'season_label': '2015/2016', 'appearances': 1, 'avg_score': 6.0, 'avg_vaep': 0.44}]",{'2015/2016': 16}
3bcf6eec-b261-1212-e088-d0d91f2ade9c,4418,Matheus Dória Macedo,Defender,left,2,6.0,0.14706876756827114,"[{'season_label': '2015/2016', 'appearances': 2, 'avg_score': 6.0, 'avg_vaep': 0.15}]",{'2015/2016': 12}
803a82de-e7e3-fbb3-438a-149508484250,6847,Adalberto Peñaranda Maestre,Attacker,right,4,6.1125,0.24056220840452625,"[{'season_label': '2015/2016', 'appearances': 2, 'avg_score': 6.09, 'avg_vaep': 0.2}, {'season_label': '2016/2017', 'appearances': 1, 'avg_score': 6.13, 'avg_vaep': 0.23}, {'season_label': '2020/2021', 'appearances': 1, 'avg_score': 6.14, 'avg_vaep': 0.32}]","{'2015/2016': 27, '2016/2017': 16, '2020/2021': 16}"
af0a59d7-7edf-6e17-8ec2-5cb090df864b,7158,Cristiano Biraghi,Defender,left,1,6.06,1.322234861941979,"[{'season_label': '2015/2016', 'appearances': 1, 'avg_score': 6.06, 'avg_vaep': 1.32}]",{'2015/2016': 3}
b689e747-d136-0e42-e9db-b90fa68d9e83,20064,Hugo Miguel Almeida Costa Lopes,Defender,right,1,6.0,0.3460231070021109,"[{'season_label': '2015/2016', 'appearances': 1, 'avg_score': 6.0, 'avg_vaep': 0.35}]",{'2015/2016': 18}
28bda53c-86d3-7e27-5a3e-bfdc113b1f59,6676,Igor Zubeldia Elorza,Defender,right,7,6.158571428571428,0.20622698669337428,"[{'season_label': '2017/2018', 'appearances': 2, 'avg_score': 6.09, 'avg_vaep': 0.37}, {'season_label': '2018/2019', 'appearances': 2, 'avg_score': 6.46, 'avg_vaep': 0.16}, {'season_label': '2019/2020', 'appearances': 2, 'avg_score': 6.01, 'avg_vaep': 0.1}, {'season_label': '2020/2021', 'appearances': 1, 'avg_score': 6.0, 'avg_vaep': 0.21}]","{'2015/2016': 29, '2016/2017': 27, '2017/2018': 5, '2018/2019': 5, '2019/2020': 5, '2020/2021': 5}"
b9ed18a3-01c9-f3d1-8393-8c451fa183df,6737,Alfonso Pedraza Sag,Defender,left,4,6.0,0.48586629661940606,"[{'season_label': '2017/2018', 'appearances': 2, 'avg_score': 6.0, 'avg_vaep': 0.65}, {'season_label': '2020/2021', 'appearances': 2, 'avg_score': 6.0, 'avg_vaep': 0.32}]","{'2015/2016': 28, '2017/2018': 16, '2019/2020': 24, '2020/2021': 17}"
ccce2fab-7336-b8bc-8362-d115dec2d5a2,6935,Adrián Marín Gómez,Attacker,left,4,6.015,0.05770251786634617,"[{'season_label': '2017/2018', 'appearances': 1, 'avg_score': 6.0, 'avg_vaep': 0.03}, {'season_label': '2018/2019', 'appearances': 1, 'avg_score': 6.06, 'avg_vaep': 0.1}, {'season_label': '2019/2020', 'appearances': 2, 'avg_score': 6.0, 'avg_vaep': 0.05}]","{'2015/2016': 27, '2017/2018': 17, '2018/2019': 17, '2019/2020': 17, '2020/2021': 5}"
781877bd-a078-3aac-5f1c-f765c128b437,6624,Jorge Franco Alviz,Attacker,right,4,6.0725,0.33406465651660255,"[{'season_label': '2015/2016', 'appearances': 1, 'avg_score': 6.0, 'avg_vaep': 0.37}, {'season_label': '2016/2017', 'appearances': 1, 'avg_score': 6.22, 'avg_vaep': 0.42}, {'season_label': '2017/2018', 'appearances': 1, 'avg_score': 6.07, 'avg_vaep': 0.12}, {'season_label': '2020/2021', 'appearances': 1, 'avg_score': 6.0, 'avg_vaep': 0.43}]","{'2015/2016': 9, '2016/2017': 14, '2017/2018': 14, '2019/2020': 18, '2020/2021': 14}"
ca6d4410-5c8d-5836-8d11-134a0e2146ff,13614,Francesco Bardi,Midfielder,,0,,,[],{'2015/2016': 1}
4a55dbdc-6c16-6150-7005-0599ef141d44,24086,Antonio José Raillo Arenas,Defender,right,2,6.0,0.22194533480069367,"[{'season_label': '2018/2019', 'appearances': 2, 'avg_score': 6.0, 'avg_vaep': 0.22}]","{'2015/2016': 24, '2018/2019': 21}"
d8bbc276-e322-c3e8-c228-86df1d4e31d5,16338,Uche Henry Agbo,Defender,right,2,6.025,0.4972542439809331,"[{'season_label': '2015/2016', 'appearances': 1, 'avg_score': 6.02, 'avg_vaep': 0.25}, {'season_label': '2016/2017', 'appearances': 1, 'avg_score': 6.03, 'avg_vaep': 0.74}]","{'2015/2016': 26, '2016/2017': 5}"
81b40c4c-1882-2a4c-764b-1bbb63fae434,158769,Ivan Kelava,Midfielder,,0,,,[],{'2015/2016': 1}
660724e3-d5d5-3527-45be-10a2b89a1f84,24453,Josip Radošević,Midfielder,right,1,6.08,0.20042442946578376,"[{'season_label': '2015/2016', 'appearances': 1, 'avg_score': 6.08, 'avg_vaep': 0.2}]",{'2015/2016': 6}
f1b8b7b3-ceb6-5c18-8dcd-c0851634cadf,6865,Francisco José Molinero Calderón,Defender,right,1,6.0,0.18247189836984035,"[{'season_label': '2015/2016', 'appearances': 1, 'avg_score': 6.0, 'avg_vaep': 0.18}]","{'2015/2016': 2, '2020/2021': 15}"
5f96320c-454a-ed71-2e45-45adacdba754,11634,Cristiano Piccini,Defender,right,3,6.036666666666666,0.7088489564315145,"[{'season_label': '2016/2017', 'appearances': 1, 'avg_score': 6.04, 'avg_vaep': 0.34}, {'season_label': '2017/2018', 'appearances': 2, 'avg_score': 6.04, 'avg_vaep': 0.9}]","{'2015/2016': 12, '2016/2017': 12, '2017/2018': 21, '2019/2020': 24}"
d79199b8-6238-c86b-aa35-733a3a1ce4a5,19724,Rafael van der Vaart,Attacker,left,1,6.0,0.09285538889889722,"[{'season_label': '2015/2016', 'appearances': 1, 'avg_score': 6.0, 'avg_vaep': 0.09}]",{'2015/2016': 23}
f7ae6299-4651-460a-9f62-95c9e34614ec,27345,Didier Digard,Defender,right,1,6.0,0.31001084245508537,"[{'season_label': '2015/2016', 'appearances': 1, 'avg_score': 6.0, 'avg_vaep': 0.31}]",{'2015/2016': 15}
77d4b4ac-7285-5455-f810-c0f47f74d9da,27347,Juan Manuel Vargas Risco,Defender,left,1,6.09,0.39503096897897194,"[{'season_label': '2015/2016', 'appearances': 1, 'avg_score': 6.09, 'avg_vaep': 0.4}]",{'2015/2016': 11}
674f3c2c-1a8a-6f90-461e-8a66fb5550ba,5678,Jefferson Andrés Lerma Solís,Midfielder,right,3,6.09,0.6410457416138039,"[{'season_label': '2015/2016', 'appearances': 2, 'avg_score': 6.13, 'avg_vaep': 0.69}, {'season_label': '2020/2021', 'appearances': 1, 'avg_score': 6.0, 'avg_vaep': 0.53}]","{'2015/2016': 8, '2020/2021': 8}"
8ce8b102-d403-92a6-88f8-c04b3cd6cae0,6647,Zouhair Feddal,Defender,left,4,6.165,0.23997086456211036,"[{'season_label': '2015/2016', 'appearances': 2, 'avg_score': 6.0, 'avg_vaep': 0.14}, {'season_label': '2020/2021', 'appearances': 2, 'avg_score': 6.33, 'avg_vaep': 0.34}]","{'2015/2016': 24, '2017/2018': 4, '2020/2021': 4}"
2ced6d22-fa9f-d127-688f-53e50dd559ed,25134,Deyverson Brum Silva Acosta,Attacker,left,5,6.484,0.2733486150664248,"[{'season_label': '2015/2016', 'appearances': 2, 'avg_score': 6.57, 'avg_vaep': 0.36}, {'season_label': '2016/2017', 'appearances': 1, 'avg_score': 7.25, 'avg_vaep': 0.48}, {'season_label': '2019/2020', 'appearances': 2, 'avg_score': 6.02, 'avg_vaep': 0.08}]","{'2015/2016': 20, '2016/2017': 20, '2018/2019': 14, '2019/2020': 14}"
43277312-4021-b504-983e-853ed7588fa6,27463,Mauricio Andrés Cuero Castillo,Midfielder,right,1,6.0,0.2620490920780867,"[{'season_label': '2015/2016', 'appearances': 1, 'avg_score': 6.0, 'avg_vaep': 0.26}]",{'2015/2016': 9}
682793af-8891-c399-ad9d-ee25d69700fb,27656,Carl Medjani,Midfielder,right,1,6.0,0.08287451396608958,"[{'season_label': '2016/2017', 'appearances': 1, 'avg_score': 6.0, 'avg_vaep': 0.08}]","{'2015/2016': 14, '2016/2017': 12}"
cf566487-133f-1f53-8e02-da96f9a16b18,23802,Juan Muñoz Muñoz,Midfielder,right,1,6.0,-0.20637336251456873,"[{'season_label': '2015/2016', 'appearances': 1, 'avg_score': 6.0, 'avg_vaep': -0.21}]",{'2015/2016': 11}
a89b71bb-5227-c75d-463d-d82a03115738,5456,Mateo Kovačić,Midfielder,right,4,6.04,0.08417696208744019,"[{'season_label': '2016/2017', 'appearances': 2, 'avg_score': 6.06, 'avg_vaep': -0.0}, {'season_label': '2020/2021', 'appearances': 2, 'avg_score': 6.02, 'avg_vaep': 0.17}]","{'2015/2016': 16, '2016/2017': 16, '2020/2021': 23}"
6bb56208-f672-af0d-d654-51f869fedfd9,6038,John Guidetti,Attacker,right,5,6.514,0.21635204382764642,"[{'season_label': '2015/2016', 'appearances': 2, 'avg_score': 7.02, 'avg_vaep': 0.23}, {'season_label': '2016/2017', 'appearances': 1, 'avg_score': 6.01, 'avg_vaep': 0.41}, {'season_label': '2017/2018', 'appearances': 1, 'avg_score': 6.0, 'avg_vaep': -0.03}, {'season_label': '2020/2021', 'appearances': 1, 'avg_score': 6.52, 'avg_vaep': 0.25}]","{'2015/2016': 11, '2016/2017': 9, '2017/2018': 10, '2019/2020': 10, '2020/2021': 9}"
ad185a32-0a9c-8af2-e25d-53ef7cbacd4f,6797,Daniel Wass,Defender,right,9,6.19,0.3848046489361473,"[{'season_label': '2015/2016', 'appearances': 2, 'avg_score': 6.14, 'avg_vaep': 0.14}, {'season_label': '2016/2017', 'appearances': 1, 'avg_score': 6.11, 'avg_vaep': 0.23}, {'season_label': '2017/2018', 'appearances': 1, 'avg_score': 6.09, 'avg_vaep': 0.62}, {'season_label': '2018/2019', 'appearances': 1, 'avg_score': 6.18, 'avg_vaep': 0.23}, {'season_label': '2019/2020', 'appearances': 2, 'avg_score': 6.04, 'avg_vaep': 0.58}, {'season_label': '2020/2021', 'appearances': 2, 'avg_score': 6.48, 'avg_vaep': 0.47}]","{'2015/2016': 18, '2016/2017': 18, '2017/2018': 18, '2018/2019': 18, '2019/2020': 18, '2020/2021': 18}"
c57daa0b-c9c4-d8e3-5a21-e9a2801aecb2,7577,Carles Planas Antolínez,Defender,left,3,6.04,0.21968073716683043,"[{'season_label': '2015/2016', 'appearances': 2, 'avg_score': 6.06, 'avg_vaep': 0.11}, {'season_label': '2020/2021', 'appearances': 1, 'avg_score': 6.0, 'avg_vaep': 0.44}]","{'2015/2016': 21, '2016/2017': 21, '2020/2021': 21}"
41f9dded-925a-cdd0-278e-d6d02845997f,79615,Néstor Díaz García,Midfielder,,0,,,[],{'2015/2016': 26}
20c1945e-ae4b-9868-cbbf-d09675f7d76e,6928,Pedro Taunausú Domínguez Placeres,Midfielder,right,4,6.3025,0.39885940014028165,"[{'season_label': '2015/2016', 'appearances': 1, 'avg_score': 6.96, 'avg_vaep': 0.95}, {'season_label': '2016/2017', 'appearances': 1, 'avg_score': 6.15, 'avg_vaep': 0.08}, {'season_label': '2020/2021', 'appearances': 2, 'avg_score': 6.05, 'avg_vaep': 0.28}]","{'2015/2016': 24, '2016/2017': 24, '2020/2021': 24}"
10ffbba2-ec90-25b9-45ac-c154f3403aec,6934,Jerónimo Figueroa Cabrera,Midfielder,left,2,6.645,0.3868738389064674,"[{'season_label': '2015/2016', 'appearances': 1, 'avg_score': 7.25, 'avg_vaep': 0.35}, {'season_label': '2016/2017', 'appearances': 1, 'avg_score': 6.04, 'avg_vaep': 0.42}]","{'2015/2016': 11, '2016/2017': 11}"
15bb63b2-8926-cd08-3b15-e3b97567bbea,7692,Mauricio Lemos Merladet,Defender,right,4,6.1425,0.3306850248304727,"[{'season_label': '2015/2016', 'appearances': 1, 'avg_score': 6.0, 'avg_vaep': 0.02}, {'season_label': '2016/2017', 'appearances': 2, 'avg_score': 6.13, 'avg_vaep': 0.22}, {'season_label': '2020/2021', 'appearances': 1, 'avg_score': 6.3, 'avg_vaep': 0.86}]","{'2015/2016': 3, '2016/2017': 3, '2020/2021': 3}"
3400f321-cb9f-e8a7-c2ef-a0e1edb2eaf5,26448,Javier Garrido Behovide,Defender,left,1,6.29,0.12975624526552565,"[{'season_label': '2015/2016', 'appearances': 1, 'avg_score': 6.29, 'avg_vaep': 0.13}]",{'2015/2016': 22}
e5beda48-6259-643c-262e-6fd24aa3ca88,27251,Francisco José Perdomo Borges,Defender,right,1,6.0,0.03312491241376847,"[{'season_label': '2015/2016', 'appearances': 1, 'avg_score': 6.0, 'avg_vaep': 0.03}]","{'2015/2016': 29, '2016/2017': 31}"
55479c55-ebd1-efd3-ff12-5f1337100388,6684,Roger Martí Salvador,Attacker,right,5,6.1659999999999995,0.4821247973261052,"[{'season_label': '2015/2016', 'appearances': 1, 'avg_score': 6.35, 'avg_vaep': 0.34}, {'season_label': '2017/2018', 'appearances': 1, 'avg_score': 6.0, 'avg_vaep': 0.05}, {'season_label': '2018/2019', 'appearances': 1, 'avg_score': 6.32, 'avg_vaep': 1.35}, {'season_label': '2019/2020', 'appearances': 2, 'avg_score': 6.08, 'avg_vaep': 0.34}]","{'2015/2016': 14, '2017/2018': 9, '2018/2019': 9, '2019/2020': 9}"
952575f5-9148-e0a9-ceb3-64fdba14f8c5,4558,Pape Cheikh Diop Gueye,Attacker,right,2,6.005,0.17225119221984642,"[{'season_label': '2015/2016', 'appearances': 1, 'avg_score': 6.0, 'avg_vaep': 0.01}, {'season_label': '2018/2019', 'appearances': 1, 'avg_score': 6.01, 'avg_vaep': 0.34}]","{'2015/2016': 33, '2018/2019': 24}"
136c2f05-99b3-a017-5c54-4b72e4861b9f,6600,Claudio Beauvue,Attacker,right,3,6.166666666666667,0.08252697789066588,"[{'season_label': '2015/2016', 'appearances': 1, 'avg_score': 6.1, 'avg_vaep': 0.38}, {'season_label': '2020/2021', 'appearances': 2, 'avg_score': 6.2, 'avg_vaep': -0.06}]","{'2015/2016': 12, '2016/2017': 12, '2020/2021': 12}"
ff4dfdf5-904e-920c-e52b-48c1cef97829,11391,Borja Iglesias Quintas,Attacker,right,4,6.6575,0.08546102662330668,"[{'season_label': '2017/2018', 'appearances': 2, 'avg_score': 6.47, 'avg_vaep': -0.04}, {'season_label': '2018/2019', 'appearances': 1, 'avg_score': 6.0, 'avg_vaep': 0.09}, {'season_label': '2019/2020', 'appearances': 1, 'avg_score': 7.69, 'avg_vaep': 0.35}]","{'2015/2016': 31, '2017/2018': 7, '2018/2019': 9, '2019/2020': 9}"
6e1bee0c-59ef-09e1-91d2-6ade686dacf8,27340,Dejan Dražić,Attacker,right,1,6.0,0.04406724795262562,"[{'season_label': '2015/2016', 'appearances': 1, 'avg_score': 6.0, 'avg_vaep': 0.04}]",{'2015/2016': 16}
58473c0c-f0d3-a91a-6764-0caff09c74f3,27341,Marcelo Alfonso Díaz Rojas,Midfielder,right,2,6.0,0.06468871651031805,"[{'season_label': '2015/2016', 'appearances': 1, 'avg_score': 6.0, 'avg_vaep': 0.09}, {'season_label': '2016/2017', 'appearances': 1, 'avg_score': 6.0, 'avg_vaep': 0.04}]","{'2015/2016': 5, '2016/2017': 5}"
a438a122-ad7b-41a2-d652-eccda5a6711b,27342,Josep Señé Escudero,Attacker,right,2,6.165,0.7040508130376111,"[{'season_label': '2015/2016', 'appearances': 1, 'avg_score': 6.33, 'avg_vaep': 0.92}, {'season_label': '2018/2019', 'appearances': 1, 'avg_score': 6.0, 'avg_vaep': 0.48}]","{'2015/2016': 23, '2018/2019': 4}"
5a0c7ef9-3260-4cde-35ea-2c83e30183e5,75537,David Goldar Gómez,Midfielder,,0,,,[],{'2015/2016': 34}
f01acd85-b5e4-0e93-f565-627a8bb8bd98,5492,Samuel Yves Umtiti,Defender,left,85,6.575411764705882,0.3437842283458368,"[{'season_label': '2016/2017', 'appearances': 25, 'avg_score': 6.66, 'avg_vaep': 0.38}, {'season_label': '2017/2018', 'appearances': 12, 'avg_score': 6.49, 'avg_vaep': 0.28}, {'season_label': '2018/2019', 'appearances': 13, 'avg_score': 6.6, 'avg_vaep': 0.48}, {'season_label': '2019/2020', 'appearances': 11, 'avg_score': 6.35, 'avg_vaep': 0.13}, {'season_label': '2020/2021', 'appearances': 24, 'avg_score': 6.62, 'avg_vaep': 0.36}]","{'2016/2017': 23, '2017/2018': 23, '2018/2019': 23, '2019/2020': 23, '2020/2021': 23}"
ecb9fe2f-bb99-c31f-567e-9823e884dbec,6849,Lucas Digne,Defender,left,26,6.4423076923076925,0.42095211194947085,"[{'season_label': '2016/2017', 'appearances': 15, 'avg_score': 6.46, 'avg_vaep': 0.38}, {'season_label': '2020/2021', 'appearances': 11, 'avg_score': 6.42, 'avg_vaep': 0.47}]","{'2016/2017': 19, '2020/2021': 19}"
aa495e18-c7e3-a21a-4e48-923b92048a61,8652,Jasper Cillessen,GK,right,5,6.506,0.31619654345959136,"[{'season_label': '2016/2017', 'appearances': 1, 'avg_score': 6.16, 'avg_vaep': 0.31}, {'season_label': '2017/2018', 'appearances': 2, 'avg_score': 6.84, 'avg_vaep': 0.35}, {'season_label': '2019/2020', 'appearances': 1, 'avg_score': 6.62, 'avg_vaep': 0.11}, {'season_label': '2020/2021', 'appearances': 1, 'avg_score': 6.07, 'avg_vaep': 0.46}]","{'2016/2017': 13, '2017/2018': 13, '2019/2020': 13, '2020/2021': 13}"
aeda4e5a-3a22-f1e1-b0cf-e7a8191fb21a,13599,Carles Aleña Castillo,Midfielder,left,24,6.320833333333333,0.31027658037677003,"[{'season_label': '2016/2017', 'appearances': 2, 'avg_score': 6.0, 'avg_vaep': 0.16}, {'season_label': '2017/2018', 'appearances': 15, 'avg_score': 6.4, 'avg_vaep': 0.32}, {'season_label': '2018/2019', 'appearances': 4, 'avg_score': 6.44, 'avg_vaep': 0.35}, {'season_label': '2019/2020', 'appearances': 3, 'avg_score': 6.0, 'avg_vaep': 0.32}]","{'2016/2017': 28, '2017/2018': 26, '2018/2019': 19, '2019/2020': 6, '2020/2021': 26}"
e42ad93f-7491-f2a3-8ba2-ec1416ef6f55,6714,Paulo Henrique Chagas de Lima,Midfielder,left,1,6.0,0.3138652986563102,"[{'season_label': '2016/2017', 'appearances': 1, 'avg_score': 6.0, 'avg_vaep': 0.31}]","{'2016/2017': 19, '2020/2021': 19}"
9f810ebd-27f4-dbcf-1ccc-9302e5125f08,6723,Wissam Ben Yedder,Attacker,left,3,6.989999999999999,0.48557013246803155,"[{'season_label': '2017/2018', 'appearances': 2, 'avg_score': 7.49, 'avg_vaep': 0.82}, {'season_label': '2020/2021', 'appearances': 1, 'avg_score': 6.0, 'avg_vaep': -0.18}]","{'2016/2017': 12, '2017/2018': 9, '2020/2021': 9}"
e6be4c22-a596-3ab0-0dfe-8f3b695b5332,6822,Carlos Joaquín Correa,Attacker,right,3,6.176666666666667,0.44803401716490043,"[{'season_label': '2016/2017', 'appearances': 2, 'avg_score': 6.09, 'avg_vaep': 0.61}, {'season_label': '2020/2021', 'appearances': 1, 'avg_score': 6.35, 'avg_vaep': 0.12}]","{'2016/2017': 11, '2020/2021': 11}"
9cd3598a-9151-6950-427c-605ae29cff68,7469,Salvatore Sirigu,GK,right,1,6.0,0.3393151123964344,"[{'season_label': '2016/2017', 'appearances': 1, 'avg_score': 6.0, 'avg_vaep': 0.34}]",{'2016/2017': 25}
066763a6-99fb-e4dc-6205-bac5d616162b,18904,Claudio Matías Kranevitter,Defender,right,1,6.0,1.01526031100002,"[{'season_label': '2016/2017', 'appearances': 1, 'avg_score': 6.0, 'avg_vaep': 1.02}]",{'2016/2017': 4}
d8930161-44cf-c7f1-3dd5-cab7204d1be1,20253,Samir Nasri,Attacker,right,2,6.3100000000000005,0.4576401709109632,"[{'season_label': '2016/2017', 'appearances': 2, 'avg_score': 6.31, 'avg_vaep': 0.46}]",{'2016/2017': 10}
477ad223-c8ae-57ea-56d3-c6fd32491578,38524,Hiroshi Kiyotake,Midfielder,,0,,,[],{'2016/2017': 14}
39cd7b46-9bea-e7c6-17c7-3e0d008195ef,3362,Marlon Santos da Silva Barbosa,Defender,right,2,7.075,0.31772183439352375,"[{'season_label': '2016/2017', 'appearances': 2, 'avg_score': 7.08, 'avg_vaep': 0.32}]",{'2016/2017': 33}
b299ad86-2b6f-12cb-5767-9f0538eca514,3165,Emmanuel Rivière,Midfielder,,0,,,[],{'2016/2017': 12}
2f73168b-f365-6f69-7507-752ec592c437,6657,Sergio León Limones,Attacker,right,7,6.140000000000001,0.2524708419462383,"[{'season_label': '2016/2017', 'appearances': 2, 'avg_score': 6.19, 'avg_vaep': 0.49}, {'season_label': '2017/2018', 'appearances': 1, 'avg_score': 6.0, 'avg_vaep': -0.09}, {'season_label': '2019/2020', 'appearances': 2, 'avg_score': 6.24, 'avg_vaep': 0.1}, {'season_label': '2020/2021', 'appearances': 2, 'avg_score': 6.06, 'avg_vaep': 0.34}]","{'2016/2017': 7, '2017/2018': 7, '2019/2020': 7, '2020/2021': 7}"
239f914f-30ea-3c94-8fce-2ea07a9efb33,7478,Alejandro Berenguer Remiro,Midfielder,right,3,6.010000000000001,0.2928919056369826,"[{'season_label': '2016/2017', 'appearances': 1, 'avg_score': 6.03, 'avg_vaep': 0.29}, {'season_label': '2019/2020', 'appearances': 2, 'avg_score': 6.0, 'avg_vaep': 0.29}]","{'2016/2017': 11, '2019/2020': 12}"
39d92997-2619-274c-c906-6307f707d002,8540,Kenan Kodro,Attacker,right,4,6.0175,0.024765263880908606,"[{'season_label': '2016/2017', 'appearances': 2, 'avg_score': 6.02, 'avg_vaep': -0.0}, {'season_label': '2017/2018', 'appearances': 1, 'avg_score': 6.0, 'avg_vaep': -0.0}, {'season_label': '2019/2020', 'appearances': 1, 'avg_score': 6.04, 'avg_vaep': 0.11}]","{'2016/2017': 19, '2017/2018': 2, '2018/2019': 23, '2019/2020': 19}"
d999ac77-ec9c-98bd-436d-1016a6a8276a,15955,Goran Čaušić,Midfielder,right,2,6.0,0.1698244321742095,"[{'season_label': '2016/2017', 'appearances': 2, 'avg_score': 6.0, 'avg_vaep': 0.17}]",{'2016/2017': 8}
00a59ba9-fb2b-36cf-6b94-0130aa4361a4,18160,Iván Márquez Álvarez,Defender,right,1,6.0,0.14575046513346024,"[{'season_label': '2016/2017', 'appearances': 1, 'avg_score': 6.0, 'avg_vaep': 0.15}]",{'2016/2017': 33}
089f0d15-4017-a38e-e15a-7b8b96d5106c,23948,Carlos Clerc Martínez,Defender,left,3,6.076666666666667,0.21397600858047858,"[{'season_label': '2016/2017', 'appearances': 1, 'avg_score': 6.06, 'avg_vaep': 0.17}, {'season_label': '2018/2019', 'appearances': 1, 'avg_score': 6.14, 'avg_vaep': 0.22}, {'season_label': '2019/2020', 'appearances': 1, 'avg_score': 6.03, 'avg_vaep': 0.25}]","{'2016/2017': 21, '2018/2019': 19, '2019/2020': 19}"
73a2e4a4-7218-51fa-b207-428a7288f46e,23949,Unai García Lugea,Defender,right,1,6.0,0.4911478310787061,"[{'season_label': '2019/2020', 'appearances': 1, 'avg_score': 6.0, 'avg_vaep': 0.49}]","{'2016/2017': 15, '2019/2020': 4}"
27d5b5fd-04fa-b043-c0c6-4468fe18e488,23950,David García Zubiría,Defender,right,3,6.109999999999999,0.22058179872328765,"[{'season_label': '2016/2017', 'appearances': 1, 'avg_score': 6.0, 'avg_vaep': -0.04}, {'season_label': '2018/2019', 'appearances': 1, 'avg_score': 6.0, 'avg_vaep': 0.52}, {'season_label': '2019/2020', 'appearances': 1, 'avg_score': 6.33, 'avg_vaep': 0.18}]","{'2016/2017': 5, '2018/2019': 5, '2019/2020': 5}"
b6e61f3a-4600-0af5-3590-f293dcf35c20,24872,Cecilio Nauzet Pérez González,GK,right,1,6.0,0.8033463915962784,"[{'season_label': '2016/2017', 'appearances': 1, 'avg_score': 6.0, 'avg_vaep': 0.8}]",{'2016/2017': 13}
234d9cdb-375d-458c-f93f-b427a55da75f,27566,Cayetano Bartolomé Bonnín Vásquez,Defender,right,1,6.0,0.005000966859370237,"[{'season_label': '2016/2017', 'appearances': 1, 'avg_score': 6.0, 'avg_vaep': 0.01}]",{'2016/2017': 3}
95688ba6-36a4-720a-85b3-634acfec8cdd,6597,Gabriel Appelt Pires,Attacker,left,4,6.825,0.8151792782650773,"[{'season_label': '2016/2017', 'appearances': 2, 'avg_score': 7.22, 'avg_vaep': 0.8}, {'season_label': '2020/2021', 'appearances': 2, 'avg_score': 6.43, 'avg_vaep': 0.83}]","{'2016/2017': 8, '2020/2021': 8}"
f740c8d9-c193-f16d-8a07-d3a8a751d13f,6598,Unai Bustinza Martínez,Defender,right,5,6.0,0.4492068601452047,"[{'season_label': '2016/2017', 'appearances': 1, 'avg_score': 6.0, 'avg_vaep': 0.61}, {'season_label': '2017/2018', 'appearances': 1, 'avg_score': 6.0, 'avg_vaep': 0.32}, {'season_label': '2018/2019', 'appearances': 2, 'avg_score': 6.0, 'avg_vaep': 0.42}, {'season_label': '2020/2021', 'appearances': 1, 'avg_score': 6.0, 'avg_vaep': 0.47}]","{'2016/2017': 3, '2017/2018': 3, '2018/2019': 3, '2020/2021': 3}"
55518366-9058-fb27-3008-595a9393d628,6833,Martín Maximiliano Mantovani,Defender,right,1,6.0,0.25798125993605936,"[{'season_label': '2016/2017', 'appearances': 1, 'avg_score': 6.0, 'avg_vaep': 0.26}]",{'2016/2017': 5}
15f99f21-65aa-8c86-c9df-ace16fefd281,6875,Alexander Szymanowski,Midfielder,left,3,6.0,0.06422565096909238,"[{'season_label': '2016/2017', 'appearances': 2, 'avg_score': 6.0, 'avg_vaep': 0.03}, {'season_label': '2020/2021', 'appearances': 1, 'avg_score': 6.0, 'avg_vaep': 0.13}]","{'2016/2017': 11, '2020/2021': 11}"
7bcd9157-1fc1-119e-87d8-1e1054255e73,6895,Diego Rico Salguero,Defender,left,3,6.1000000000000005,0.7630848033331858,"[{'season_label': '2016/2017', 'appearances': 2, 'avg_score': 6.1, 'avg_vaep': 0.58}, {'season_label': '2020/2021', 'appearances': 1, 'avg_score': 6.11, 'avg_vaep': 1.14}]","{'2016/2017': 15, '2020/2021': 15}"
a11da6bd-58b9-5b33-4f8c-d49f00918f16,7804,Alberto Brignoli,Midfielder,,0,,,[],{'2016/2017': 1}
ec73a085-11f0-f151-58c8-30720aee7588,9879,Jon Ander Serantes Simon,GK,right,1,6.02,-0.1498943014012184,"[{'season_label': '2016/2017', 'appearances': 1, 'avg_score': 6.02, 'avg_vaep': -0.15}]","{'2016/2017': 13, '2017/2018': 13}"
0374aee1-11fb-3142-383a-bdfc77c28285,11501,Darwin Daniel Machís Marcano,Attacker,right,6,6.3183333333333325,0.2558177861007304,"[{'season_label': '2016/2017', 'appearances': 2, 'avg_score': 6.29, 'avg_vaep': -0.01}, {'season_label': '2018/2019', 'appearances': 2, 'avg_score': 6.19, 'avg_vaep': 0.48}, {'season_label': '2019/2020', 'appearances': 2, 'avg_score': 6.47, 'avg_vaep': 0.29}]","{'2016/2017': 7, '2018/2019': 23, '2019/2020': 11}"
f7692655-e08c-dfa2-dc55-b19495e34fd7,24133,Víctor David Díaz Miguel,Defender,right,4,6.0225,0.5055303128633568,"[{'season_label': '2016/2017', 'appearances': 1, 'avg_score': 6.01, 'avg_vaep': 0.35}, {'season_label': '2018/2019', 'appearances': 2, 'avg_score': 6.04, 'avg_vaep': 0.63}, {'season_label': '2019/2020', 'appearances': 1, 'avg_score': 6.0, 'avg_vaep': 0.42}]","{'2016/2017': 17, '2018/2019': 16, '2019/2020': 16}"
1b04e3e4-deb9-9316-836e-b317f939347a,24704,Alberto Martín Romo García Adámez,Midfielder,right,1,6.03,0.49396152538975,"[{'season_label': '2016/2017', 'appearances': 1, 'avg_score': 6.03, 'avg_vaep': 0.49}]",{'2016/2017': 6}
7a576629-fef8-8f3e-636a-fd33b09e8289,6601,Raúl García Carnero,Defender,left,6,6.041666666666667,0.2515523104636183,"[{'season_label': '2016/2017', 'appearances': 2, 'avg_score': 6.0, 'avg_vaep': 0.16}, {'season_label': '2017/2018', 'appearances': 1, 'avg_score': 6.0, 'avg_vaep': 0.59}, {'season_label': '2018/2019', 'appearances': 1, 'avg_score': 6.0, 'avg_vaep': 0.04}, {'season_label': '2020/2021', 'appearances': 2, 'avg_score': 6.12, 'avg_vaep': 0.27}]","{'2016/2017': 3, '2017/2018': 14, '2018/2019': 6, '2019/2020': 3, '2020/2021': 14}"
c6102b37-27b2-a7d8-b1bb-6981147081ef,6615,Víctor Laguardia Cisneros,Defender,right,8,6.0,0.193125827978065,"[{'season_label': '2016/2017', 'appearances': 2, 'avg_score': 6.0, 'avg_vaep': 0.29}, {'season_label': '2017/2018', 'appearances': 2, 'avg_score': 6.0, 'avg_vaep': 0.27}, {'season_label': '2018/2019', 'appearances': 1, 'avg_score': 6.0, 'avg_vaep': -0.02}, {'season_label': '2019/2020', 'appearances': 2, 'avg_score': 6.0, 'avg_vaep': 0.19}, {'season_label': '2020/2021', 'appearances': 1, 'avg_score': 6.0, 'avg_vaep': 0.05}]","{'2016/2017': 5, '2017/2018': 5, '2018/2019': 5, '2019/2020': 5, '2020/2021': 5}"
488e4104-520c-6aab-6928-63cc1dba45af,6629,Fernando Pacheco Flores,GK,left,9,6.024444444444445,0.34774730177216245,"[{'season_label': '2016/2017', 'appearances': 2, 'avg_score': 6.05, 'avg_vaep': 0.43}, {'season_label': '2017/2018', 'appearances': 2, 'avg_score': 6.0, 'avg_vaep': 0.19}, {'season_label': '2018/2019', 'appearances': 1, 'avg_score': 6.01, 'avg_vaep': 0.19}, {'season_label': '2019/2020', 'appearances': 2, 'avg_score': 6.0, 'avg_vaep': 0.56}, {'season_label': '2020/2021', 'appearances': 2, 'avg_score': 6.05, 'avg_vaep': 0.29}]","{'2016/2017': 1, '2017/2018': 1, '2018/2019': 1, '2019/2020': 1, '2020/2021': 1}"
44e65d3e-9bc2-f88b-2b3d-566de51a5381,6632,Manuel Alejandro García Sánchez,Midfielder,left,5,6.062,0.4932650050879602,"[{'season_label': '2017/2018', 'appearances': 1, 'avg_score': 6.0, 'avg_vaep': 0.57}, {'season_label': '2018/2019', 'appearances': 2, 'avg_score': 6.13, 'avg_vaep': 0.57}, {'season_label': '2019/2020', 'appearances': 1, 'avg_score': 6.0, 'avg_vaep': 0.23}, {'season_label': '2020/2021', 'appearances': 1, 'avg_score': 6.04, 'avg_vaep': 0.54}]","{'2016/2017': 19, '2017/2018': 19, '2018/2019': 19, '2019/2020': 19, '2020/2021': 19}"
7790583c-0d8d-74e9-30a4-441ad75ebc64,6704,Theo Bernard François Hernández,Defender,left,3,6.296666666666667,0.2220211873542818,"[{'season_label': '2016/2017', 'appearances': 2, 'avg_score': 6.39, 'avg_vaep': 0.22}, {'season_label': '2017/2018', 'appearances': 1, 'avg_score': 6.11, 'avg_vaep': 0.23}]","{'2016/2017': 15, '2017/2018': 19, '2020/2021': 15}"
7edcfb2d-8f6a-659e-f4cd-1e6c9b6d7079,6839,Daniel Alejandro Torres Rojas,Midfielder,right,3,6.06,0.45583752969226526,"[{'season_label': '2016/2017', 'appearances': 2, 'avg_score': 6.09, 'avg_vaep': 0.74}, {'season_label': '2017/2018', 'appearances': 1, 'avg_score': 6.0, 'avg_vaep': -0.11}]","{'2016/2017': 16, '2017/2018': 16, '2020/2021': 16}"
4324e8d0-d37b-110e-e1a4-f1633ac52df5,6840,Marcos Llorente Moreno,Midfielder,right,5,6.122,0.622726486811007,"[{'season_label': '2016/2017', 'appearances': 2, 'avg_score': 6.09, 'avg_vaep': 0.72}, {'season_label': '2018/2019', 'appearances': 1, 'avg_score': 6.0, 'avg_vaep': 0.54}, {'season_label': '2019/2020', 'appearances': 2, 'avg_score': 6.21, 'avg_vaep': 0.57}]","{'2016/2017': 6, '2018/2019': 14, '2019/2020': 14}"
5f6ecc96-86eb-1bff-304b-bda038c60c54,6881,Christian Robert Santos Kwasniewski,Attacker,left,2,6.465,0.20417114005704207,"[{'season_label': '2016/2017', 'appearances': 1, 'avg_score': 6.93, 'avg_vaep': 0.62}, {'season_label': '2020/2021', 'appearances': 1, 'avg_score': 6.0, 'avg_vaep': -0.22}]","{'2016/2017': 9, '2020/2021': 9}"
8708cc4b-4fd6-5703-2edd-c86555279921,23747,Cristian Omar Espinoza,Attacker,right,1,6.0,0.3846752030622156,"[{'season_label': '2016/2017', 'appearances': 1, 'avg_score': 6.0, 'avg_vaep': 0.38}]",{'2016/2017': 14}
397dcbbb-8a93-272b-6630-0d4126b4f9e9,30594,Adrián Ortolá Vañó,Midfielder,,0,,,[],{'2016/2017': 13}
e8de67aa-c98d-923e-b372-575f30568a89,6395,Kepa Arrizabalaga Revuelta,GK,right,2,6.734999999999999,0.1715391294683286,"[{'season_label': '2020/2021', 'appearances': 2, 'avg_score': 6.73, 'avg_vaep': 0.17}]","{'2016/2017': 26, '2020/2021': 1}"
8f97d1d7-e021-58a8-3ceb-2c14ff5372cd,6667,Mikel Vesga Arruti,Midfielder,left,7,6.001428571428571,0.3380888676266685,"[{'season_label': '2016/2017', 'appearances': 2, 'avg_score': 6.0, 'avg_vaep': 0.07}, {'season_label': '2017/2018', 'appearances': 2, 'avg_score': 6.0, 'avg_vaep': 0.68}, {'season_label': '2018/2019', 'appearances': 1, 'avg_score': 6.0, 'avg_vaep': 0.22}, {'season_label': '2019/2020', 'appearances': 2, 'avg_score': 6.0, 'avg_vaep': 0.32}]","{'2016/2017': 12, '2017/2018': 23, '2018/2019': 16, '2019/2020': 6, '2020/2021': 21}"
03b2ceb7-3723-f8b5-3cd5-33e4fba898ee,5484,Lucas Hernández Pi,Defender,left,2,6.0,0.3126135201409852,"[{'season_label': '2017/2018', 'appearances': 1, 'avg_score': 6.0, 'avg_vaep': 0.24}, {'season_label': '2020/2021', 'appearances': 1, 'avg_score': 6.0, 'avg_vaep': 0.38}]","{'2016/2017': 19, '2017/2018': 21, '2020/2021': 19}"
2ea279ca-6969-46ac-eb43-37fb1ba9b23a,6377,Ángel Martín Correa,Attacker,right,10,6.112,0.2872022387009565,"[{'season_label': '2016/2017', 'appearances': 2, 'avg_score': 6.24, 'avg_vaep': 0.24}, {'season_label': '2017/2018', 'appearances': 2, 'avg_score': 6.04, 'avg_vaep': 0.29}, {'season_label': '2018/2019', 'appearances': 2, 'avg_score': 6.03, 'avg_vaep': 0.43}, {'season_label': '2019/2020', 'appearances': 2, 'avg_score': 6.22, 'avg_vaep': 0.59}, {'season_label': '2020/2021', 'appearances': 2, 'avg_score': 6.04, 'avg_vaep': -0.12}]","{'2016/2017': 11, '2017/2018': 10, '2018/2019': 10, '2019/2020': 10, '2020/2021': 11}"
a2e8e57d-bcbe-d07c-d3fd-9d3635dbfa60,19669,Osvaldo Nicolás Fabián Gaitán,Attacker,left,1,6.0,-0.019977254152763635,"[{'season_label': '2020/2021', 'appearances': 1, 'avg_score': 6.0, 'avg_vaep': -0.02}]","{'2016/2017': 23, '2020/2021': 22}"
f2ea68d7-f8c8-8649-a313-93a0f9459930,23317,André Campos Moreira,Midfielder,,0,,,[],{'2016/2017': 25}
bc4e356f-ee19-7224-2c8f-7eabf4dff517,2950,Jonas Martin,Midfielder,right,1,6.0,0.047610207249817904,"[{'season_label': '2016/2017', 'appearances': 1, 'avg_score': 6.0, 'avg_vaep': 0.05}]",{'2016/2017': 8}
510f2318-f324-cf07-fce2-4c3a4b89c771,6646,Riza Durmisi,Defender,left,3,6.1000000000000005,0.5603959475483862,"[{'season_label': '2016/2017', 'appearances': 2, 'avg_score': 6.1, 'avg_vaep': 0.33}, {'season_label': '2020/2021', 'appearances': 1, 'avg_score': 6.11, 'avg_vaep': 1.02}]","{'2016/2017': 14, '2020/2021': 14}"
f1398d2c-9b36-1025-1169-157332225c49,6648,Aïssa Mandi,Defender,right,9,6.13,0.3311807780102956,"[{'season_label': '2016/2017', 'appearances': 2, 'avg_score': 6.0, 'avg_vaep': 0.53}, {'season_label': '2017/2018', 'appearances': 2, 'avg_score': 6.22, 'avg_vaep': 0.42}, {'season_label': '2018/2019', 'appearances': 1, 'avg_score': 6.0, 'avg_vaep': 0.04}, {'season_label': '2019/2020', 'appearances': 2, 'avg_score': 6.05, 'avg_vaep': 0.1}, {'season_label': '2020/2021', 'appearances': 2, 'avg_score': 6.31, 'avg_vaep': 0.43}]","{'2016/2017': 23, '2017/2018': 23, '2018/2019': 23, '2019/2020': 23, '2020/2021': 23}"
c6969ae3-0d99-f739-51cb-976b88a457af,6655,Fabián Ruiz Peña,Midfielder,left,3,6.260000000000001,0.3251969192294079,"[{'season_label': '2016/2017', 'appearances': 1, 'avg_score': 6.0, 'avg_vaep': 0.4}, {'season_label': '2020/2021', 'appearances': 2, 'avg_score': 6.39, 'avg_vaep': 0.29}]","{'2016/2017': 21, '2020/2021': 6}"
a577dad7-e00e-aad2-56c1-12c836f55b11,6883,Alexander Alegría Moreno,Attacker,right,1,7.5,0.4059287545060215,"[{'season_label': '2016/2017', 'appearances': 1, 'avg_score': 7.5, 'avg_vaep': 0.41}]",{'2016/2017': 19}
8b73f6e0-233d-36b6-02d3-380b92c24767,12789,Felipe Alejandro Gutiérrez Leiva,Midfielder,left,1,6.0,0.3254983313163393,"[{'season_label': '2016/2017', 'appearances': 1, 'avg_score': 6.0, 'avg_vaep': 0.33}]",{'2016/2017': 6}
dd8a3f5d-0f62-b085-adec-ae10a3cde2e8,24253,José Carlos Ramírez Suárez,Midfielder,,0,,,[],{'2016/2017': 28}
b585c69a-e3f0-faac-aa51-5177e067a1cf,22235,Wilfrid Jaures Kaptoum,Midfielder,,0,,,[],"{'2016/2017': 27, '2017/2018': 34}"
a992995e-f4f0-439b-258f-2360dbb85511,6835,Alin Dorinel Toșca,Defender,left,2,6.0600000000000005,0.3853544496732866,"[{'season_label': '2016/2017', 'appearances': 1, 'avg_score': 6.0, 'avg_vaep': 0.23}, {'season_label': '2020/2021', 'appearances': 1, 'avg_score': 6.12, 'avg_vaep': 0.55}]","{'2016/2017': 21, '2020/2021': 21}"
9c805dcd-dc7d-b4e8-2594-9f20601fc73b,6900,Rafael Jesús Navarro Mazuelos,Midfielder,right,1,6.0,0.007763079978758469,"[{'season_label': '2016/2017', 'appearances': 1, 'avg_score': 6.0, 'avg_vaep': 0.01}]","{'2016/2017': 2, '2018/2019': 12}"
64254db8-396e-404d-9223-914a0bd355d2,11001,Roman Zozulya,Midfielder,,0,,,[],{'2016/2017': 18}
67510c89-42ba-d17d-29a6-7491c18d138f,16000,Ryan Donk,Midfielder,right,1,6.0,0.21727331934380345,"[{'season_label': '2016/2017', 'appearances': 1, 'avg_score': 6.0, 'avg_vaep': 0.22}]",{'2016/2017': 15}
b5d62aa6-024a-b6a6-5a12-c78c4c2d4efc,7904,Javi Castellano Betancor,Midfielder,right,1,6.0,0.011650144377199467,"[{'season_label': '2016/2017', 'appearances': 1, 'avg_score': 6.0, 'avg_vaep': 0.01}]","{'2016/2017': 18, '2020/2021': 18}"
e4838235-3dc6-c663-79fb-8e1ebf48c5e8,8668,Kevin-Prince Boateng,Attacker,right,3,6.416666666666667,0.610089769944049,"[{'season_label': '2016/2017', 'appearances': 2, 'avg_score': 6.58, 'avg_vaep': 0.62}, {'season_label': '2017/2018', 'appearances': 1, 'avg_score': 6.08, 'avg_vaep': 0.58}]","{'2016/2017': 7, '2017/2018': 19}"
0fbdcafc-ce2c-b11f-51c9-9c4d667b1488,24144,Ángel Montoro Sánchez,Midfielder,right,3,6.053333333333334,0.19106097969597613,"[{'season_label': '2016/2017', 'appearances': 1, 'avg_score': 6.01, 'avg_vaep': 0.47}, {'season_label': '2018/2019', 'appearances': 1, 'avg_score': 6.15, 'avg_vaep': 0.01}, {'season_label': '2019/2020', 'appearances': 1, 'avg_score': 6.0, 'avg_vaep': 0.1}]","{'2016/2017': 6, '2018/2019': 19, '2019/2020': 19}"
c73b2ece-3c47-d44d-3579-a75ece205595,27565,Hélder Filipe Oliveira Lopes,Defender,left,2,6.13,0.5707765151764761,"[{'season_label': '2016/2017', 'appearances': 2, 'avg_score': 6.13, 'avg_vaep': 0.57}]",{'2016/2017': 22}
8ccfd91f-903f-333d-c839-f2f5c4200f7d,27567,Mateo Ezequiel García,Midfielder,left,1,6.0,-0.2242208216630388,"[{'season_label': '2016/2017', 'appearances': 1, 'avg_score': 6.0, 'avg_vaep': -0.22}]",{'2016/2017': 19}
4cf0ed86-41cf-cbbf-4678-4e620a0316fb,6759,Roberto Soriano,Midfielder,right,3,6.066666666666666,0.4717087948338303,"[{'season_label': '2016/2017', 'appearances': 2, 'avg_score': 6.02, 'avg_vaep': 0.51}, {'season_label': '2020/2021', 'appearances': 1, 'avg_score': 6.17, 'avg_vaep': 0.39}]","{'2016/2017': 20, '2020/2021': 20}"
12e1b435-e5e5-3888-e787-d22c1e8d262d,6765,Rodrigo Hernández Cascante,Midfielder,right,6,6.330000000000001,0.5713282907605995,"[{'season_label': '2016/2017', 'appearances': 2, 'avg_score': 6.12, 'avg_vaep': 0.3}, {'season_label': '2017/2018', 'appearances': 2, 'avg_score': 6.33, 'avg_vaep': 0.81}, {'season_label': '2020/2021', 'appearances': 2, 'avg_score': 6.55, 'avg_vaep': 0.6}]","{'2016/2017': 16, '2017/2018': 14, '2020/2021': 16}"
161882dd-2d19-c716-8190-81aee2c08b98,6859,Nicola Sansone,Attacker,right,3,6.666666666666667,0.3336978185240393,"[{'season_label': '2016/2017', 'appearances': 2, 'avg_score': 6.51, 'avg_vaep': 0.33}, {'season_label': '2020/2021', 'appearances': 1, 'avg_score': 6.98, 'avg_vaep': 0.34}]","{'2016/2017': 18, '2020/2021': 18}"
33028e34-3e04-a441-f724-59235331e70e,25351,Alexandre Rodrigues da Silva,Attacker,right,1,6.1,0.5420036264786177,"[{'season_label': '2016/2017', 'appearances': 1, 'avg_score': 6.1, 'avg_vaep': 0.54}]",{'2016/2017': 10}
2a79b296-8232-7231-d852-16a98c98687d,28266,Rafael Santos Borré Amaury,Midfielder,,0,,,[],{'2016/2017': 24}
944a4455-9d15-1ead-6928-aae68985669c,23821,Fausto Antonio Tienza Nuñez,Midfielder,right,1,6.0,0.2561122485967644,"[{'season_label': '2016/2017', 'appearances': 1, 'avg_score': 6.0, 'avg_vaep': 0.26}]",{'2016/2017': 14}
d96988b8-8c76-419f-ad96-77dcd6adb947,23946,Miguel Olavide Montes,Midfielder,,1,6.0,0.3883286360942293,"[{'season_label': '2016/2017', 'appearances': 1, 'avg_score': 6.0, 'avg_vaep': 0.39}]",{'2016/2017': 35}
ca0912c0-1f24-c6ef-488d-b9a2a97b7768,24315,Enrique Barja Afonso,Attacker,right,3,6.256666666666667,0.18227201687356379,"[{'season_label': '2018/2019', 'appearances': 1, 'avg_score': 6.0, 'avg_vaep': 0.1}, {'season_label': '2019/2020', 'appearances': 2, 'avg_score': 6.38, 'avg_vaep': 0.22}]","{'2016/2017': 30, '2018/2019': 19, '2019/2020': 11}"
1f145831-515d-ea01-f362-b28e7dd8f4ae,27563,Aitor Buñuel Redrado,Defender,right,1,6.0,0.39321265212856815,"[{'season_label': '2016/2017', 'appearances': 1, 'avg_score': 6.0, 'avg_vaep': 0.39}]",{'2016/2017': 34}
c422e39e-579b-0c88-96e9-d9fc9a2ca8ac,27564,Jhon Stiven Mondragón Dosman,Defender,right,1,6.0,0.24505042289820267,"[{'season_label': '2016/2017', 'appearances': 1, 'avg_score': 6.0, 'avg_vaep': 0.25}]",{'2016/2017': 37}
8643c8e2-107b-a86c-4737-1e037059c4b7,3389,Eliaquim Mangala,Defender,left,2,6.0,0.1436616589417099,"[{'season_label': '2016/2017', 'appearances': 2, 'avg_score': 6.0, 'avg_vaep': 0.14}]","{'2016/2017': 5, '2018/2019': 4, '2019/2020': 4}"
5763abe8-7ed1-9387-9920-3fb6e8650025,6583,Carlos Soler Barragán,Midfielder,right,7,6.047142857142857,0.40805010164357164,"[{'season_label': '2016/2017', 'appearances': 1, 'avg_score': 6.0, 'avg_vaep': 0.39}, {'season_label': '2017/2018', 'appearances': 1, 'avg_score': 6.02, 'avg_vaep': 0.37}, {'season_label': '2018/2019', 'appearances': 1, 'avg_score': 6.0, 'avg_vaep': 0.2}, {'season_label': '2019/2020', 'appearances': 2, 'avg_score': 6.12, 'avg_vaep': 0.46}, {'season_label': '2020/2021', 'appearances': 2, 'avg_score': 6.04, 'avg_vaep': 0.49}]","{'2016/2017': 18, '2017/2018': 8, '2018/2019': 8, '2019/2020': 8, '2020/2021': 18}"
e4d8163c-7a06-8b65-a64c-89bd745ec360,6584,Simone Zaza,Attacker,left,3,6.140000000000001,0.4187618725560848,"[{'season_label': '2016/2017', 'appearances': 1, 'avg_score': 6.0, 'avg_vaep': 0.11}, {'season_label': '2020/2021', 'appearances': 2, 'avg_score': 6.21, 'avg_vaep': 0.57}]","{'2016/2017': 12, '2020/2021': 9}"
83da7c53-9e1a-b4e7-5962-3c38d8737e9e,6891,Ezequiel Marcelo Garay,Defender,right,7,6.185714285714285,0.4737654243383856,"[{'season_label': '2016/2017', 'appearances': 2, 'avg_score': 6.0, 'avg_vaep': 0.32}, {'season_label': '2017/2018', 'appearances': 2, 'avg_score': 6.62, 'avg_vaep': 0.43}, {'season_label': '2018/2019', 'appearances': 1, 'avg_score': 6.05, 'avg_vaep': 1.11}, {'season_label': '2020/2021', 'appearances': 2, 'avg_score': 6.0, 'avg_vaep': 0.35}]","{'2016/2017': 24, '2017/2018': 24, '2018/2019': 24, '2020/2021': 24}"
0cb15d2d-a6ae-b47c-10fe-e170ae37ec89,24504,Eugeni Valderrama Domènech,Midfielder,,0,,,[],"{'2016/2017': 39, '2019/2020': 8}"
93750846-29cd-055e-6b81-9053bc9714de,8281,Luís Carlos Almeida da Cunha,Attacker,right,1,6.29,1.1014094321872108,"[{'season_label': '2016/2017', 'appearances': 1, 'avg_score': 6.29, 'avg_vaep': 1.1}]",{'2016/2017': 17}
f4334c13-1c78-1e2a-6f0a-5e34814c8147,3265,José Luis Sanmartín Mato,Attacker,right,5,6.5200000000000005,0.42881027557705237,"[{'season_label': '2016/2017', 'appearances': 1, 'avg_score': 8.26, 'avg_vaep': 1.27}, {'season_label': '2018/2019', 'appearances': 2, 'avg_score': 6.15, 'avg_vaep': 0.38}, {'season_label': '2019/2020', 'appearances': 2, 'avg_score': 6.02, 'avg_vaep': 0.06}]","{'2016/2017': 7, '2018/2019': 9, '2019/2020': 9}"
42299f06-ee41-9aa5-d9d0-7798b56779e2,6779,Emre Çolak,Attacker,left,4,6.5425,0.15583852262534492,"[{'season_label': '2016/2017', 'appearances': 2, 'avg_score': 6.02, 'avg_vaep': 0.04}, {'season_label': '2020/2021', 'appearances': 2, 'avg_score': 7.06, 'avg_vaep': 0.27}]","{'2016/2017': 8, '2020/2021': 8}"
58f1e2bf-c0c0-c182-f1af-dab7cae02402,6896,Marlos Moreno Durán,Midfielder,right,1,6.0,0.011904827115358785,"[{'season_label': '2020/2021', 'appearances': 1, 'avg_score': 6.0, 'avg_vaep': 0.01}]","{'2016/2017': 9, '2020/2021': 17}"
4e96fc8e-cd81-da21-4039-f63f34965275,10333,Ola John,Midfielder,,0,,,[],{'2016/2017': 24}
310366dd-6f1a-6763-9b87-0efe6ca3613d,6613,Rubén Sobrino Pozuelo,Attacker,right,6,6.228333333333334,0.5934026596399539,"[{'season_label': '2016/2017', 'appearances': 1, 'avg_score': 6.42, 'avg_vaep': 0.61}, {'season_label': '2017/2018', 'appearances': 1, 'avg_score': 6.0, 'avg_vaep': 0.38}, {'season_label': '2018/2019', 'appearances': 1, 'avg_score': 6.0, 'avg_vaep': 0.0}, {'season_label': '2019/2020', 'appearances': 1, 'avg_score': 6.24, 'avg_vaep': 1.35}, {'season_label': '2020/2021', 'appearances': 2, 'avg_score': 6.36, 'avg_vaep': 0.61}]","{'2016/2017': 7, '2017/2018': 7, '2018/2019': 23, '2019/2020': 11, '2020/2021': 7}"
1c336b80-80f8-2bcc-2cd2-499b4c57261d,6628,Óscar David Romero Villamayor,Attacker,left,2,6.345000000000001,0.3004411886631715,"[{'season_label': '2016/2017', 'appearances': 1, 'avg_score': 6.16, 'avg_vaep': 0.28}, {'season_label': '2020/2021', 'appearances': 1, 'avg_score': 6.53, 'avg_vaep': 0.32}]","{'2016/2017': 10, '2020/2021': 10}"
271f1770-7d8b-fd2c-d45f-7e5182298703,6903,Aleksandar Katai,Midfielder,right,1,6.0,-0.224488904905229,"[{'season_label': '2016/2017', 'appearances': 1, 'avg_score': 6.0, 'avg_vaep': -0.22}]",{'2016/2017': 25}
f542f981-00aa-b2e0-1bcf-4f253f88c107,15959,Nenad Krstičić,Attacker,left,1,6.03,0.14592939987051068,"[{'season_label': '2016/2017', 'appearances': 1, 'avg_score': 6.03, 'avg_vaep': 0.15}]",{'2016/2017': 23}
e0308d73-972d-8dd5-e2dd-27853106386e,6929,José Vicente Gómez Umpiérrez,Midfielder,left,3,6.0,0.12782828053301878,"[{'season_label': '2016/2017', 'appearances': 1, 'avg_score': 6.0, 'avg_vaep': 0.12}, {'season_label': '2020/2021', 'appearances': 2, 'avg_score': 6.0, 'avg_vaep': 0.13}]","{'2016/2017': 4, '2020/2021': 4}"
e936cd07-2659-4710-711f-6be2a3fc1ddf,22041,Marko Livaja,Midfielder,left,1,6.0,0.007520175800891593,"[{'season_label': '2016/2017', 'appearances': 1, 'avg_score': 6.0, 'avg_vaep': 0.01}]",{'2016/2017': 9}
1f9f9d8f-f752-05aa-73ec-83e543d8b571,6660,Enric Saborit Teixidor,Defender,left,1,6.39,0.4115311395362369,"[{'season_label': '2020/2021', 'appearances': 1, 'avg_score': 6.39, 'avg_vaep': 0.41}]","{'2016/2017': 25, '2020/2021': 3}"
876e8108-f87e-b618-77c6-263228b67256,6877,Yeray Álvarez López,Defender,right,5,6.1899999999999995,0.3959041763388086,"[{'season_label': '2016/2017', 'appearances': 1, 'avg_score': 6.11, 'avg_vaep': 0.62}, {'season_label': '2017/2018', 'appearances': 2, 'avg_score': 6.1, 'avg_vaep': 0.19}, {'season_label': '2018/2019', 'appearances': 1, 'avg_score': 6.04, 'avg_vaep': 0.45}, {'season_label': '2019/2020', 'appearances': 1, 'avg_score': 6.6, 'avg_vaep': 0.52}]","{'2016/2017': 27, '2017/2018': 5, '2018/2019': 5, '2019/2020': 5}"
136e6389-3ca7-1445-c018-5e464cf12266,32185,Alejandro Remiro Gargallo,GK,right,4,6.9075,0.27251444555622584,"[{'season_label': '2018/2019', 'appearances': 2, 'avg_score': 7.23, 'avg_vaep': 0.28}, {'season_label': '2019/2020', 'appearances': 2, 'avg_score': 6.58, 'avg_vaep': 0.26}]","{'2016/2017': 29, '2018/2019': 1, '2019/2020': 1}"
8004d637-b623-6202-217b-e3dfcdd8ce59,3093,Florian Grégoire Claude Lejeune,Defender,right,4,6.0,0.38151262749397574,"[{'season_label': '2016/2017', 'appearances': 2, 'avg_score': 6.0, 'avg_vaep': 0.34}, {'season_label': '2019/2020', 'appearances': 2, 'avg_score': 6.0, 'avg_vaep': 0.42}]","{'2016/2017': 20, '2019/2020': 22}"
f29e2360-ef27-7f77-595d-fae0aab78138,6703,Christian Rivera Hernández,Defender,right,3,6.0,0.24155630480163381,"[{'season_label': '2016/2017', 'appearances': 2, 'avg_score': 6.0, 'avg_vaep': 0.1}, {'season_label': '2020/2021', 'appearances': 1, 'avg_score': 6.0, 'avg_vaep': 0.53}]","{'2016/2017': 6, '2020/2021': 6}"
6194a1ee-187a-cd66-0698-9f03769e8f7f,6808,Alexander Mesa Travieso,Attacker,right,1,6.0,0.48435104525560746,"[{'season_label': '2020/2021', 'appearances': 1, 'avg_score': 6.0, 'avg_vaep': 0.48}]","{'2016/2017': 22, '2019/2020': 23, '2020/2021': 16}"
33abbac3-90f9-33b4-d29d-1ccae857ea98,40802,Markel Areitio Cedrún,Midfielder,,0,,,[],{'2016/2017': 30}
773fc301-3fec-43c9-5872-4a25b7dcb360,5598,Óscar Esau Duarte Gaitán,Defender,right,2,6.025,0.3070782505283205,"[{'season_label': '2017/2018', 'appearances': 1, 'avg_score': 6.05, 'avg_vaep': -0.04}, {'season_label': '2019/2020', 'appearances': 1, 'avg_score': 6.0, 'avg_vaep': 0.65}]","{'2016/2017': 6, '2017/2018': 6, '2018/2019': 6, '2019/2020': 6, '2020/2021': 6}"
6c1e55ec-7c43-dc51-a374-72ddcbd756fb,6757,Aarón Martín Caricol,Defender,left,5,6.0,0.5640397111161292,"[{'season_label': '2016/2017', 'appearances': 2, 'avg_score': 6.0, 'avg_vaep': 0.61}, {'season_label': '2019/2020', 'appearances': 1, 'avg_score': 6.0, 'avg_vaep': 0.43}, {'season_label': '2020/2021', 'appearances': 2, 'avg_score': 6.0, 'avg_vaep': 0.58}]","{'2016/2017': 29, '2019/2020': 19, '2020/2021': 3}"
c600b4b4-9faa-3a2a-1652-42e90ca21ac3,6866,Marc Roca Junqué,Midfielder,left,5,6.244,0.3808031627751916,"[{'season_label': '2016/2017', 'appearances': 1, 'avg_score': 6.0, 'avg_vaep': -0.02}, {'season_label': '2017/2018', 'appearances': 2, 'avg_score': 6.45, 'avg_vaep': 0.37}, {'season_label': '2018/2019', 'appearances': 2, 'avg_score': 6.16, 'avg_vaep': 0.59}]","{'2016/2017': 28, '2017/2018': 21, '2018/2019': 21, '2020/2021': 21}"
e474e852-0850-a6f3-d13f-268666736f33,6870,José Manuel Jurado Marín,Midfielder,right,3,6.263333333333333,0.642280010470131,"[{'season_label': '2016/2017', 'appearances': 2, 'avg_score': 6.39, 'avg_vaep': 0.68}, {'season_label': '2020/2021', 'appearances': 1, 'avg_score': 6.0, 'avg_vaep': 0.57}]","{'2016/2017': 14, '2020/2021': 10}"
e2459ae2-cf79-2158-9685-a6835ec08a7c,6902,Óscar Melendo Jiménez,Attacker,left,4,6.1225000000000005,0.32840978266176535,"[{'season_label': '2016/2017', 'appearances': 1, 'avg_score': 6.0, 'avg_vaep': 0.13}, {'season_label': '2017/2018', 'appearances': 2, 'avg_score': 6.22, 'avg_vaep': 0.52}, {'season_label': '2018/2019', 'appearances': 1, 'avg_score': 6.04, 'avg_vaep': 0.14}]","{'2016/2017': 30, '2017/2018': 14, '2018/2019': 14, '2020/2021': 14}"
14c879f3-f5d8-ed93-a09f-6090d77c2cc3,3434,Stevan Jovetić,Midfielder,right,1,6.0,0.03389181037528033,"[{'season_label': '2016/2017', 'appearances': 1, 'avg_score': 6.0, 'avg_vaep': 0.03}]",{'2016/2017': 16}
c7be03f5-d811-ed29-c328-526ca8ab0d61,5742,Gabriel Iván Mercado,Defender,right,4,6.0,0.1993701472720204,"[{'season_label': '2016/2017', 'appearances': 1, 'avg_score': 6.0, 'avg_vaep': 0.33}, {'season_label': '2017/2018', 'appearances': 2, 'avg_score': 6.0, 'avg_vaep': 0.23}, {'season_label': '2020/2021', 'appearances': 1, 'avg_score': 6.0, 'avg_vaep': 0.01}]","{'2016/2017': 24, '2017/2018': 25, '2020/2021': 25}"
0ec04cb3-912c-4f08-874d-d03716f80df1,6826,Clément Lenglet,Defender,left,79,6.71379746835443,0.30979458680015837,"[{'season_label': '2016/2017', 'appearances': 1, 'avg_score': 6.06, 'avg_vaep': 0.55}, {'season_label': '2017/2018', 'appearances': 21, 'avg_score': 6.34, 'avg_vaep': 0.31}, {'season_label': '2018/2019', 'appearances': 23, 'avg_score': 6.93, 'avg_vaep': 0.41}, {'season_label': '2019/2020', 'appearances': 32, 'avg_score': 6.87, 'avg_vaep': 0.23}, {'season_label': '2020/2021', 'appearances': 2, 'avg_score': 6.0, 'avg_vaep': 0.36}]","{'2016/2017': 5, '2017/2018': 15, '2018/2019': 15, '2019/2020': 15, '2020/2021': 5}"
50982fb2-f2cf-a186-d335-310461dfa2be,6711,Enrique García Martínez,Attacker,right,5,6.154,0.3188548911595717,"[{'season_label': '2016/2017', 'appearances': 1, 'avg_score': 6.29, 'avg_vaep': 0.47}, {'season_label': '2017/2018', 'appearances': 2, 'avg_score': 6.11, 'avg_vaep': 0.18}, {'season_label': '2018/2019', 'appearances': 1, 'avg_score': 6.0, 'avg_vaep': 0.19}, {'season_label': '2020/2021', 'appearances': 1, 'avg_score': 6.27, 'avg_vaep': 0.57}]","{'2016/2017': 17, '2017/2018': 17, '2018/2019': 17, '2020/2021': 17}"
b53c87a7-be4d-c514-11e5-9867566d1c71,30476,Borja López Menéndez,Midfielder,,0,,,[],{'2016/2017': 35}
6a4d5952-d4c0-18a1-c1af-9fa590a10dda,3163,Mariano Díaz Mejía,Attacker,right,3,6.116666666666667,0.04720757526653566,"[{'season_label': '2016/2017', 'appearances': 1, 'avg_score': 6.0, 'avg_vaep': -0.03}, {'season_label': '2018/2019', 'appearances': 1, 'avg_score': 6.33, 'avg_vaep': -0.0}, {'season_label': '2019/2020', 'appearances': 1, 'avg_score': 6.02, 'avg_vaep': 0.17}]","{'2016/2017': 18, '2018/2019': 24, '2019/2020': 24}"
0496604c-1d80-f66f-beb9-63c12e570a26,6844,Federico Ricca Rostagnol,Defender,left,1,6.0,0.608470844279509,"[{'season_label': '2016/2017', 'appearances': 1, 'avg_score': 6.0, 'avg_vaep': 0.61}]",{'2016/2017': 15}
bfb345da-fd56-1613-fc28-430f37c43143,16508,Denys Boyko,Midfielder,,0,,,[],{'2016/2017': 13}
abc0da44-7d4f-abea-cb1f-1b1fb75b82d3,23940,Mikel Villanueva Álvarez,Midfielder,,0,,,[],{'2016/2017': 4}
4b4053f7-4ead-8706-cc64-3fccdbb9c85c,24194,Alejandro Carbonell Vallés,Midfielder,,0,,,[],{'2016/2017': 30}
d9e74f47-6103-85b1-1e29-5eec4c58d473,6885,Kévin Manuel Rodrigues,Defender,left,2,6.0600000000000005,0.4179559215717745,"[{'season_label': '2018/2019', 'appearances': 1, 'avg_score': 6.0, 'avg_vaep': 0.21}, {'season_label': '2020/2021', 'appearances': 1, 'avg_score': 6.12, 'avg_vaep': 0.63}]","{'2016/2017': 32, '2017/2018': 20, '2018/2019': 24, '2020/2021': 20}"
2172fde4-9301-0472-70b2-897085e4319d,6906,Jon Bautista Orgilles,Attacker,right,3,6.013333333333333,0.11897953862110928,"[{'season_label': '2016/2017', 'appearances': 1, 'avg_score': 6.04, 'avg_vaep': 0.03}, {'season_label': '2017/2018', 'appearances': 1, 'avg_score': 6.0, 'avg_vaep': 0.3}, {'season_label': '2019/2020', 'appearances': 1, 'avg_score': 6.0, 'avg_vaep': 0.03}]","{'2016/2017': 26, '2017/2018': 21, '2019/2020': 25, '2020/2021': 21}"
c37f9e12-83cb-d4a6-edfd-778fc8b1c652,8170,Antonio Miguel Ramírez Martínez,Midfielder,,0,,,[],"{'2016/2017': 25, '2020/2021': 13}"
aa25a165-a029-2826-5290-1f835f9f83b5,13108,Marc Cardona Rovira,Attacker,right,2,6.0,0.06500455977220554,"[{'season_label': '2017/2018', 'appearances': 2, 'avg_score': 6.0, 'avg_vaep': 0.07}]","{'2016/2017': 39, '2017/2018': 7}"
ad1f8bb9-b51f-023c-dc80-cf94bb615aa9,6756,Marc Navarro Ceciliano,Defender,right,2,6.015000000000001,0.10035005032204936,"[{'season_label': '2020/2021', 'appearances': 2, 'avg_score': 6.02, 'avg_vaep': 0.1}]","{'2016/2017': 31, '2018/2019': 2, '2020/2021': 2}"
b9009beb-804f-a097-c04d-226a8ba5102e,5461,Šime Vrsaljko,Defender,right,2,6.029999999999999,0.47618094462359295,"[{'season_label': '2016/2017', 'appearances': 1, 'avg_score': 6.06, 'avg_vaep': 0.58}, {'season_label': '2020/2021', 'appearances': 1, 'avg_score': 6.0, 'avg_vaep': 0.38}]","{'2016/2017': 16, '2019/2020': 24, '2020/2021': 16}"
16de63b2-df37-3d5a-9da8-81c8a1c58794,5516,Pione Sisto Ifolo Emirmija,Attacker,right,5,6.356,0.4604314809774223,"[{'season_label': '2016/2017', 'appearances': 1, 'avg_score': 6.03, 'avg_vaep': 0.16}, {'season_label': '2017/2018', 'appearances': 1, 'avg_score': 6.0, 'avg_vaep': 0.26}, {'season_label': '2018/2019', 'appearances': 1, 'avg_score': 6.23, 'avg_vaep': 0.53}, {'season_label': '2020/2021', 'appearances': 2, 'avg_score': 6.76, 'avg_vaep': 0.68}]","{'2016/2017': 11, '2017/2018': 11, '2018/2019': 11, '2020/2021': 11}"
5e9fb672-ee46-be62-8a14-1b594d7c6f3e,6830,Facundo Sebastián Roncaglia,Defender,right,4,6.1725,0.5637405947777552,"[{'season_label': '2016/2017', 'appearances': 1, 'avg_score': 6.03, 'avg_vaep': 0.65}, {'season_label': '2019/2020', 'appearances': 1, 'avg_score': 6.08, 'avg_vaep': 0.6}, {'season_label': '2020/2021', 'appearances': 2, 'avg_score': 6.29, 'avg_vaep': 0.5}]","{'2016/2017': 24, '2017/2018': 4, '2018/2019': 12, '2019/2020': 12, '2020/2021': 24}"
078fbc1d-6581-2e58-59c6-382f0eb1bb5e,40890,Iván Villar Martínez,GK,right,2,6.205,0.08337501217192766,"[{'season_label': '2019/2020', 'appearances': 2, 'avg_score': 6.21, 'avg_vaep': 0.08}]","{'2016/2017': 27, '2018/2019': 25, '2019/2020': 1}"
a2dad692-02cc-3e9f-4c44-851e6945c04b,40778,David Concha Salas,Midfielder,,0,,,[],{'2016/2017': 24}
e250c593-36b5-05ed-411d-455abaa30b4d,3553,Lacina Traoré,Midfielder,,0,,,[],{'2016/2017': 8}
ab4981fb-59db-07f8-7db4-b1a7a2e9efcf,25591,Juan Rodríguez Martínez,Defender,right,1,6.0,0.6689132202955079,"[{'season_label': '2016/2017', 'appearances': 1, 'avg_score': 6.0, 'avg_vaep': 0.67}]",{'2016/2017': 29}
fcec608f-0259-e123-aa4c-88a4a51abc50,27558,Elderson Uwa Echiejile,Defender,left,1,6.0,0.4091825022987905,"[{'season_label': '2016/2017', 'appearances': 1, 'avg_score': 6.0, 'avg_vaep': 0.41}]",{'2016/2017': 12}
8e19a39c-36b8-e5e3-afd2-a3b2692aea96,6729,Guilherme dos Santos Torres,Midfielder,right,3,6.126666666666666,0.3203665150304005,"[{'season_label': '2016/2017', 'appearances': 1, 'avg_score': 6.0, 'avg_vaep': 0.32}, {'season_label': '2020/2021', 'appearances': 2, 'avg_score': 6.19, 'avg_vaep': 0.32}]","{'2016/2017': 20, '2020/2021': 20}"
3946bb00-df4e-ebe1-35aa-471d36e6ef68,6774,Borja Valle Balonga,Attacker,right,2,6.23,0.4956139794558112,"[{'season_label': '2020/2021', 'appearances': 2, 'avg_score': 6.23, 'avg_vaep': 0.5}]","{'2016/2017': 17, '2020/2021': 19}"
8fc00922-bc09-442f-10ff-8a8be0973604,16441,Ryan Guno Babel,Attacker,right,1,6.09,-0.0020826732106797863,"[{'season_label': '2016/2017', 'appearances': 1, 'avg_score': 6.09, 'avg_vaep': -0.0}]",{'2016/2017': 23}
68331ff0-427b-551b-68e9-11eebe35233b,6603,Dimitrios Siovas,Defender,left,7,6.005714285714285,0.3535882759520713,"[{'season_label': '2016/2017', 'appearances': 1, 'avg_score': 6.0, 'avg_vaep': 0.41}, {'season_label': '2017/2018', 'appearances': 1, 'avg_score': 6.0, 'avg_vaep': 0.12}, {'season_label': '2018/2019', 'appearances': 1, 'avg_score': 6.01, 'avg_vaep': 0.36}, {'season_label': '2019/2020', 'appearances': 2, 'avg_score': 6.02, 'avg_vaep': 0.39}, {'season_label': '2020/2021', 'appearances': 2, 'avg_score': 6.0, 'avg_vaep': 0.4}]","{'2016/2017': 22, '2017/2018': 22, '2018/2019': 22, '2019/2020': 18, '2020/2021': 22}"
0912d0f1-5f13-9426-8c66-639e39b26215,8642,Nereo Champagne,Midfielder,,0,,,[],"{'2016/2017': 1, '2020/2021': 13}"
54e86f8a-9dd9-4e31-f18f-e3bc94f0ae75,25566,Luciano da Rocha Neves,Midfielder,,0,,,[],{'2016/2017': 20}
1fffeb21-9221-5ea3-4ce0-aab63650534a,3416,Gabriel Moisés Antunes da Silva,Defender,left,1,6.0,0.612268858076277,"[{'season_label': '2016/2017', 'appearances': 1, 'avg_score': 6.0, 'avg_vaep': 0.61}]",{'2016/2017': 12}
19eca597-9ccb-b752-778e-6c5f090dc9b6,4551,Omer Atzili,Midfielder,,0,,,[],{'2016/2017': 15}
457ded6f-20b2-8feb-21b9-bca73c498671,4909,Jeremie Boga,Attacker,right,1,6.0,0.19704359951720107,"[{'season_label': '2016/2017', 'appearances': 1, 'avg_score': 6.0, 'avg_vaep': 0.2}]",{'2016/2017': 10}
21097372-82d2-c2de-4fc5-534be26c9bb6,5725,Mehdi Carcela-González,Attacker,left,1,6.13,1.1378586621940485,"[{'season_label': '2016/2017', 'appearances': 1, 'avg_score': 6.13, 'avg_vaep': 1.14}]",{'2016/2017': 16}
28ce9bc9-5487-6829-eeb5-6ff46da8e1ab,6846,Andreas Hoelgebaum Pereira,Attacker,right,3,6.033333333333334,0.2753135406783258,"[{'season_label': '2016/2017', 'appearances': 1, 'avg_score': 6.07, 'avg_vaep': 0.48}, {'season_label': '2020/2021', 'appearances': 2, 'avg_score': 6.02, 'avg_vaep': 0.17}]","{'2016/2017': 18, '2020/2021': 11}"
79ec2a42-46fe-b212-6ecf-43c4a4418002,10488,Jon Miquel Toral Harper,Midfielder,left,1,6.0,0.6394441415795882,"[{'season_label': '2016/2017', 'appearances': 1, 'avg_score': 6.0, 'avg_vaep': 0.64}]",{'2016/2017': 11}
c58ec9af-2937-1058-432c-2c0ddf1f3c9a,12162,Victorien Angban,Midfielder,,0,,,[],{'2016/2017': 26}
8d97f450-424d-df64-48b7-efe4159d2aa6,13730,Matthieu Saunier,Defender,right,1,6.0,0.20345078498939984,"[{'season_label': '2016/2017', 'appearances': 1, 'avg_score': 6.0, 'avg_vaep': 0.2}]",{'2016/2017': 20}
6bea0403-f89e-400c-cd9b-50f6f5875d27,27639,Artem Kravets,Attacker,right,1,6.02,0.9231024021428311,"[{'season_label': '2016/2017', 'appearances': 1, 'avg_score': 6.02, 'avg_vaep': 0.92}]",{'2016/2017': 24}
3fd60983-2924-58bf-7dee-75f12d5e9e05,3042,Mikel Merino Zazón,Midfielder,left,6,6.5183333333333335,0.20427870153374292,"[{'season_label': '2017/2018', 'appearances': 2, 'avg_score': 6.49, 'avg_vaep': 0.32}, {'season_label': '2018/2019', 'appearances': 2, 'avg_score': 6.56, 'avg_vaep': 0.11}, {'season_label': '2019/2020', 'appearances': 2, 'avg_score': 6.5, 'avg_vaep': 0.18}]","{'2017/2018': 8, '2018/2019': 8, '2019/2020': 8}"
e7ac288b-0f2d-4144-5904-d071ba37aaff,6670,Andoni Gorosabel Espinosa,Defender,right,3,6.116666666666667,0.48599523092101055,"[{'season_label': '2018/2019', 'appearances': 1, 'avg_score': 6.28, 'avg_vaep': 0.41}, {'season_label': '2019/2020', 'appearances': 2, 'avg_score': 6.04, 'avg_vaep': 0.52}]","{'2017/2018': 18, '2018/2019': 18, '2019/2020': 18, '2020/2021': 27}"
bbc9e485-17c0-9067-2f76-7062b39607c5,16210,Luca Sangalli Fuentes,Midfielder,right,2,6.0,0.12305741125419445,"[{'season_label': '2017/2018', 'appearances': 2, 'avg_score': 6.0, 'avg_vaep': 0.12}]","{'2017/2018': 23, '2018/2019': 23}"
08f36fcf-88c0-a84c-19a6-ed437b9cbcc9,5477,Ousmane Dembélé,Attacker,right,71,6.668450704225352,0.23269582639272493,"[{'season_label': '2017/2018', 'appearances': 25, 'avg_score': 6.63, 'avg_vaep': 0.29}, {'season_label': '2018/2019', 'appearances': 4, 'avg_score': 7.04, 'avg_vaep': 0.12}, {'season_label': '2019/2020', 'appearances': 27, 'avg_score': 6.74, 'avg_vaep': 0.23}, {'season_label': '2020/2021', 'appearances': 15, 'avg_score': 6.51, 'avg_vaep': 0.19}]","{'2017/2018': 11, '2018/2019': 11, '2019/2020': 11, '2020/2021': 11}"
436db71e-0360-5b5a-ea1e-08078f29f7f2,6374,Nélson Cabral Semedo,Defender,right,74,6.414054054054054,0.4129156611733428,"[{'season_label': '2017/2018', 'appearances': 25, 'avg_score': 6.41, 'avg_vaep': 0.44}, {'season_label': '2018/2019', 'appearances': 27, 'avg_score': 6.47, 'avg_vaep': 0.43}, {'season_label': '2020/2021', 'appearances': 22, 'avg_score': 6.35, 'avg_vaep': 0.37}]","{'2017/2018': 2, '2018/2019': 2, '2020/2021': 2}"
00430c0c-1fae-276c-9713-ab5f21167882,8206,Arturo Erasmo Vidal Pardo,Midfielder,right,59,6.452033898305085,0.4522115867306238,"[{'season_label': '2017/2018', 'appearances': 29, 'avg_score': 6.5, 'avg_vaep': 0.46}, {'season_label': '2018/2019', 'appearances': 30, 'avg_score': 6.4, 'avg_vaep': 0.45}]","{'2017/2018': 22, '2018/2019': 22}"
d4a89791-9a12-4958-e699-170b2b1dc8f2,3109,Malcom Filipe Silva de Oliveira,Attacker,left,13,6.322307692307692,0.16220952039265496,"[{'season_label': '2017/2018', 'appearances': 13, 'avg_score': 6.32, 'avg_vaep': 0.16}]",{'2017/2018': 14}
2b6bb535-4a56-ce25-6116-b6b307a1ea10,11392,Arthur Henrique Ramos de Oliveira Melo,Midfielder,right,41,6.55560975609756,0.31979924763786916,"[{'season_label': '2017/2018', 'appearances': 23, 'avg_score': 6.48, 'avg_vaep': 0.28}, {'season_label': '2018/2019', 'appearances': 18, 'avg_score': 6.66, 'avg_vaep': 0.37}]","{'2017/2018': 8, '2018/2019': 8}"
d309cd63-96e7-4460-0c94-3fada20f686a,3246,Guido Marcelo Carrillo,Attacker,right,3,6.0,0.1893746438084539,"[{'season_label': '2018/2019', 'appearances': 2, 'avg_score': 6.0, 'avg_vaep': 0.14}, {'season_label': '2019/2020', 'appearances': 1, 'avg_score': 6.0, 'avg_vaep': 0.28}]","{'2017/2018': 9, '2018/2019': 18, '2019/2020': 21}"
1dffefa6-5e27-e718-7c6c-052be0ae02b0,6301,Youssef En-Nesyri,Attacker,left,6,6.343333333333334,0.3539391522520721,"[{'season_label': '2017/2018', 'appearances': 2, 'avg_score': 6.66, 'avg_vaep': 0.17}, {'season_label': '2018/2019', 'appearances': 2, 'avg_score': 6.37, 'avg_vaep': 0.54}, {'season_label': '2019/2020', 'appearances': 2, 'avg_score': 6.0, 'avg_vaep': 0.35}]","{'2017/2018': 26, '2018/2019': 15, '2019/2020': 15}"
1a9dcba2-349f-ef2b-b823-c39e45dd6c96,6739,Diego Alejandro Rolan Silva,Attacker,right,2,6.0649999999999995,0.30155687703791045,"[{'season_label': '2017/2018', 'appearances': 1, 'avg_score': 6.05, 'avg_vaep': 0.22}, {'season_label': '2020/2021', 'appearances': 1, 'avg_score': 6.08, 'avg_vaep': 0.39}]","{'2017/2018': 4, '2020/2021': 24}"
7d915191-0198-dc0e-9938-f28d90b3723a,11730,Jonathan Cristian Silva,Defender,left,4,6.0175,0.2610178092818387,"[{'season_label': '2017/2018', 'appearances': 2, 'avg_score': 6.04, 'avg_vaep': 0.27}, {'season_label': '2018/2019', 'appearances': 2, 'avg_score': 6.0, 'avg_vaep': 0.25}]","{'2017/2018': 5, '2018/2019': 5}"
bcc097fe-afe8-0f48-9ef5-4b0720ca059c,11745,Michael Nicolás Santos Rosadilla,Attacker,,1,6.0,0.06466077583900187,"[{'season_label': '2017/2018', 'appearances': 1, 'avg_score': 6.0, 'avg_vaep': 0.06}]",{'2017/2018': 20}
23ef43a8-ba70-34f8-b17f-26f28a9a3792,16212,Óscar Rodríguez Arnaiz,Attacker,right,4,6.43,0.5484295850401395,"[{'season_label': '2017/2018', 'appearances': 2, 'avg_score': 6.82, 'avg_vaep': 0.79}, {'season_label': '2018/2019', 'appearances': 1, 'avg_score': 6.05, 'avg_vaep': 0.43}, {'season_label': '2019/2020', 'appearances': 1, 'avg_score': 6.03, 'avg_vaep': 0.19}]","{'2017/2018': 27, '2018/2019': 27, '2019/2020': 14}"
b4a3c653-ae58-ddb2-b96b-d00536fb0620,17818,Rodrigo Tarín Higón,Defender,right,4,6.0,0.1106724835563,"[{'season_label': '2017/2018', 'appearances': 2, 'avg_score': 6.0, 'avg_vaep': 0.16}, {'season_label': '2018/2019', 'appearances': 2, 'avg_score': 6.0, 'avg_vaep': 0.06}]","{'2017/2018': 28, '2018/2019': 15}"
9498ed9d-a593-442d-ddeb-83b6e0535e61,41407,Juan Brandariz Movilla,Midfielder,,0,,,[],"{'2017/2018': 36, '2018/2019': 40}"
12780ea6-88a7-1dab-c284-b064add459a4,5218,André Miguel Valente Silva,Attacker,right,1,6.47,0.396747981722001,"[{'season_label': '2017/2018', 'appearances': 1, 'avg_score': 6.47, 'avg_vaep': 0.4}]",{'2017/2018': 12}
de6b1cf3-fb0a-3aa1-244d-30f7b8c29c41,5534,Simon Thorup Kjær,Defender,right,4,6.0,0.22858776557268357,"[{'season_label': '2017/2018', 'appearances': 2, 'avg_score': 6.0, 'avg_vaep': 0.48}, {'season_label': '2020/2021', 'appearances': 2, 'avg_score': 6.0, 'avg_vaep': -0.02}]","{'2017/2018': 4, '2020/2021': 4}"
d0cffa36-e832-b65f-e145-a6e9360bda83,6334,Luis Fernando Muriel Fruto,Attacker,right,3,6.88,0.5874930711943307,"[{'season_label': '2017/2018', 'appearances': 1, 'avg_score': 6.32, 'avg_vaep': 0.09}, {'season_label': '2020/2021', 'appearances': 2, 'avg_score': 7.16, 'avg_vaep': 0.83}]","{'2017/2018': 14, '2020/2021': 20}"
b670dfc5-9334-0027-5810-47db105f3347,6919,Guilherme Antonio Arana Lopes,Defender,left,1,6.16,1.00414916495356,"[{'season_label': '2017/2018', 'appearances': 1, 'avg_score': 6.16, 'avg_vaep': 1.0}]","{'2017/2018': 23, '2020/2021': 8}"
28bbd522-fee8-ef20-20ff-5828be644942,11541,Tomáš Vaclík,GK,right,4,6.04,0.16094744669908323,"[{'season_label': '2017/2018', 'appearances': 2, 'avg_score': 6.08, 'avg_vaep': 0.2}, {'season_label': '2018/2019', 'appearances': 2, 'avg_score': 6.0, 'avg_vaep': 0.12}]","{'2017/2018': 1, '2018/2019': 1, '2019/2020': 1}"
4c322963-16ce-c19d-27f6-2e4e8db15430,13360,Quincy Anton Promes,Midfielder,right,1,6.33,0.3550247728580871,"[{'season_label': '2017/2018', 'appearances': 1, 'avg_score': 6.33, 'avg_vaep': 0.36}]",{'2017/2018': 21}
81369942-850f-f882-62fb-67e116892188,23921,Juan Soriano Oropesa,Midfielder,,0,,,[],"{'2017/2018': 13, '2018/2019': 13}"
0e1ebad6-8af7-f0ae-4830-b7ac92bc3c6f,3245,Thomas Lemar,Midfielder,left,5,6.0,0.31756413635084757,"[{'season_label': '2017/2018', 'appearances': 1, 'avg_score': 6.0, 'avg_vaep': 1.32}, {'season_label': '2018/2019', 'appearances': 2, 'avg_score': 6.0, 'avg_vaep': 0.07}, {'season_label': '2019/2020', 'appearances': 2, 'avg_score': 6.0, 'avg_vaep': 0.07}]","{'2017/2018': 11, '2018/2019': 11, '2019/2020': 11}"
b8cfbf77-a3d2-50a4-523b-a67a65a7d031,5696,Santiago Arias Naranjo,Defender,right,3,6.023333333333333,0.3252593417661653,"[{'season_label': '2017/2018', 'appearances': 2, 'avg_score': 6.0, 'avg_vaep': 0.27}, {'season_label': '2018/2019', 'appearances': 1, 'avg_score': 6.07, 'avg_vaep': 0.43}]","{'2017/2018': 4, '2018/2019': 4}"
d94fd74d-cde1-aa55-3be7-2c1006578b23,5723,Gelson Dany Batalha Martins,Midfielder,,0,,,[],{'2017/2018': 18}
47060dfa-d028-7968-d7a4-a022691b7f53,7033,Nikola Kalinić,Midfielder,,0,,,[],{'2017/2018': 9}
426ea289-7bec-d895-15f1-9117a51c49f1,8136,Antonio Moya Vega,Midfielder,,0,,,[],"{'2017/2018': 43, '2019/2020': 34}"
8b9a2193-4e5e-b0b7-f177-bce0589c1b3d,22197,Juan Miranda González,Midfielder,,0,,,[],"{'2017/2018': 27, '2019/2020': 33}"
8ec53251-04e6-c805-3622-fe4c9e1ad57a,37237,Ignacio Peña Sotorres,Midfielder,,0,,,[],"{'2017/2018': 30, '2018/2019': 26, '2019/2020': 26}"
1def1713-ebf1-7722-cbe3-00cfc1c88558,7040,Marko Rog,Midfielder,right,1,6.03,0.8972517655674892,"[{'season_label': '2017/2018', 'appearances': 1, 'avg_score': 6.03, 'avg_vaep': 0.9}]",{'2017/2018': 20}
a7d92770-53b8-355e-69db-079f52d274e9,8068,Maximilian Wöber,Defender,left,1,6.0,0.21328184628509916,"[{'season_label': '2017/2018', 'appearances': 1, 'avg_score': 6.0, 'avg_vaep': 0.21}]",{'2017/2018': 14}
f0f072c0-dbbe-1e8b-36af-ffba199afa23,11332,Ibrahim Amadou,Defender,right,2,6.0,0.25328406800144876,"[{'season_label': '2017/2018', 'appearances': 1, 'avg_score': 6.0, 'avg_vaep': 0.08}, {'season_label': '2018/2019', 'appearances': 1, 'avg_score': 6.0, 'avg_vaep': 0.43}]","{'2017/2018': 5, '2018/2019': 23}"
dd797053-2bfa-1449-085b-8f43fc39a7d5,3625,Sofiane Boufal,Midfielder,right,1,6.13,0.4418267782966723,"[{'season_label': '2017/2018', 'appearances': 1, 'avg_score': 6.13, 'avg_vaep': 0.44}]",{'2017/2018': 19}
32c47400-d002-aa2e-9608-f262414b4aba,6297,Maximiliano Gómez González,Attacker,right,6,7.099999999999999,0.12603625332667434,"[{'season_label': '2017/2018', 'appearances': 1, 'avg_score': 6.27, 'avg_vaep': -0.1}, {'season_label': '2018/2019', 'appearances': 1, 'avg_score': 8.11, 'avg_vaep': 0.71}, {'season_label': '2019/2020', 'appearances': 2, 'avg_score': 7.09, 'avg_vaep': 0.02}, {'season_label': '2020/2021', 'appearances': 2, 'avg_score': 7.01, 'avg_vaep': 0.06}]","{'2017/2018': 9, '2018/2019': 22, '2019/2020': 22, '2020/2021': 7}"
3f78fa1c-db0e-2fda-88c2-a935950ffdf1,6798,Stanislav Lobotka,Midfielder,right,4,6.14,0.5259085770246656,"[{'season_label': '2017/2018', 'appearances': 1, 'avg_score': 6.04, 'avg_vaep': -0.08}, {'season_label': '2018/2019', 'appearances': 1, 'avg_score': 6.0, 'avg_vaep': 0.43}, {'season_label': '2020/2021', 'appearances': 2, 'avg_score': 6.26, 'avg_vaep': 0.88}]","{'2017/2018': 14, '2018/2019': 14, '2020/2021': 14}"
aba54c23-d97b-f132-1a42-75e21d615112,6799,Brais Méndez Portela,Midfielder,left,6,6.208333333333333,0.8103337132691498,"[{'season_label': '2017/2018', 'appearances': 1, 'avg_score': 6.28, 'avg_vaep': 1.1}, {'season_label': '2018/2019', 'appearances': 2, 'avg_score': 6.09, 'avg_vaep': 0.63}, {'season_label': '2019/2020', 'appearances': 1, 'avg_score': 6.23, 'avg_vaep': 0.35}, {'season_label': '2020/2021', 'appearances': 2, 'avg_score': 6.28, 'avg_vaep': 1.08}]","{'2017/2018': 23, '2018/2019': 23, '2019/2020': 23, '2020/2021': 26}"
d339a893-2df0-5de2-3ae3-d9e29df4b25f,6876,Róbert Mazáň,Defender,left,1,6.29,0.1559486657315574,"[{'season_label': '2017/2018', 'appearances': 1, 'avg_score': 6.29, 'avg_vaep': 0.16}]","{'2017/2018': 15, '2020/2021': 15}"
4564e13a-8536-4d67-43e3-8059a8544f34,10759,Andrew Hjulsager,Midfielder,,0,,,[],{'2017/2018': 16}
98f0d5f9-3731-b7f3-1865-31c37cca0945,11388,Néstor Alejandro Araújo Razo,Defender,right,5,6.215999999999999,0.19475689451865036,"[{'season_label': '2017/2018', 'appearances': 1, 'avg_score': 6.9, 'avg_vaep': 0.31}, {'season_label': '2018/2019', 'appearances': 2, 'avg_score': 6.01, 'avg_vaep': 0.15}, {'season_label': '2019/2020', 'appearances': 2, 'avg_score': 6.08, 'avg_vaep': 0.18}]","{'2017/2018': 4, '2018/2019': 4, '2019/2020': 4}"
47c6d232-c6a4-4681-18a7-4a72097b1876,11389,Francisco José Beltrán Peinado,Attacker,right,4,6.24,0.16894493621521178,"[{'season_label': '2017/2018', 'appearances': 1, 'avg_score': 6.06, 'avg_vaep': 0.17}, {'season_label': '2018/2019', 'appearances': 1, 'avg_score': 6.51, 'avg_vaep': 0.55}, {'season_label': '2019/2020', 'appearances': 2, 'avg_score': 6.2, 'avg_vaep': -0.02}]","{'2017/2018': 8, '2018/2019': 8, '2019/2020': 8}"
04c7f37f-2420-f053-2d7f-0e062ff2d5b5,12555,Okay Yokuşlu,Midfielder,right,2,6.0,0.13936953869506397,"[{'season_label': '2017/2018', 'appearances': 1, 'avg_score': 6.0, 'avg_vaep': 0.02}, {'season_label': '2018/2019', 'appearances': 1, 'avg_score': 6.0, 'avg_vaep': 0.25}]","{'2017/2018': 5, '2018/2019': 5, '2019/2020': 5}"
ab67d7cd-6af1-26c7-43b9-fcec4039e9da,17804,David Costas Cordal,Defender,right,1,6.1,0.31718930297574843,"[{'season_label': '2017/2018', 'appearances': 1, 'avg_score': 6.1, 'avg_vaep': 0.32}]","{'2017/2018': 3, '2018/2019': 3, '2020/2021': 39}"
69930733-ad15-478f-dd53-32faf5a3a662,22029,Kevin Vázquez Comesaña,Defender,right,2,6.165,0.5155544584622476,"[{'season_label': '2018/2019', 'appearances': 1, 'avg_score': 6.01, 'avg_vaep': 0.46}, {'season_label': '2019/2020', 'appearances': 1, 'avg_score': 6.32, 'avg_vaep': 0.58}]","{'2017/2018': 20, '2018/2019': 20, '2019/2020': 20}"
bd294168-a234-d758-51d6-f26f02723ab1,4712,Samuel Sáiz Alonso,Attacker,right,2,6.0,0.10040364986434724,"[{'season_label': '2017/2018', 'appearances': 2, 'avg_score': 6.0, 'avg_vaep': 0.1}]",{'2017/2018': 11}
524f141e-189d-2a00-968c-3d48cadd4159,6631,Mathieu Flamini,Attacker,left,1,6.0,0.029964935121824965,"[{'season_label': '2020/2021', 'appearances': 1, 'avg_score': 6.0, 'avg_vaep': 0.03}]","{'2017/2018': 16, '2020/2021': 8}"
5f635ccf-7bd8-ab4e-f0ed-892e5af22890,6634,Djené Dakonam Ortega,Defender,right,7,6.0,0.4307336992774903,"[{'season_label': '2017/2018', 'appearances': 2, 'avg_score': 6.0, 'avg_vaep': 0.55}, {'season_label': '2018/2019', 'appearances': 1, 'avg_score': 6.0, 'avg_vaep': 0.73}, {'season_label': '2019/2020', 'appearances': 2, 'avg_score': 6.0, 'avg_vaep': 0.28}, {'season_label': '2020/2021', 'appearances': 2, 'avg_score': 6.0, 'avg_vaep': 0.31}]","{'2017/2018': 2, '2018/2019': 2, '2019/2020': 2, '2020/2021': 2}"
0b94ce08-688c-6389-ce7b-68c52ce3f8c7,6635,Leandro Daniel Cabrera Sasía,Defender,left,3,6.043333333333333,0.3357297212423873,"[{'season_label': '2017/2018', 'appearances': 2, 'avg_score': 6.0, 'avg_vaep': 0.37}, {'season_label': '2018/2019', 'appearances': 1, 'avg_score': 6.13, 'avg_vaep': 0.28}]","{'2017/2018': 6, '2018/2019': 18, '2020/2021': 6}"
53edebc5-4333-3dfb-f7c5-933af792c9c4,6863,Mauro Wilney Arambarri Rosa,Midfielder,right,7,6.018571428571429,0.7011475831784212,"[{'season_label': '2017/2018', 'appearances': 2, 'avg_score': 6.04, 'avg_vaep': 1.1}, {'season_label': '2018/2019', 'appearances': 1, 'avg_score': 6.04, 'avg_vaep': 0.81}, {'season_label': '2019/2020', 'appearances': 2, 'avg_score': 6.0, 'avg_vaep': 0.4}, {'season_label': '2020/2021', 'appearances': 2, 'avg_score': 6.0, 'avg_vaep': 0.55}]","{'2017/2018': 18, '2018/2019': 18, '2019/2020': 18, '2020/2021': 18}"
84b64e53-7f08-e81b-8dea-8cce972a28b2,6901,Nemanja Maksimović,Midfielder,right,5,6.002,0.5390535430335148,"[{'season_label': '2017/2018', 'appearances': 2, 'avg_score': 6.0, 'avg_vaep': 0.85}, {'season_label': '2018/2019', 'appearances': 1, 'avg_score': 6.0, 'avg_vaep': 0.87}, {'season_label': '2019/2020', 'appearances': 2, 'avg_score': 6.0, 'avg_vaep': 0.07}]","{'2017/2018': 20, '2018/2019': 20, '2019/2020': 20, '2020/2021': 6}"
c70341de-2c11-2a6b-3496-aec1f631dddd,6931,Leandro Chichizola,GK,right,2,7.08,0.4617407434134293,"[{'season_label': '2020/2021', 'appearances': 2, 'avg_score': 7.08, 'avg_vaep': 0.46}]","{'2017/2018': 1, '2018/2019': 1, '2020/2021': 13}"
78bbb28f-2ca6-0a5b-9e82-650b8b297cd4,11550,Jaime Mata Arnaiz,Attacker,right,3,7.22,0.17259742718427637,"[{'season_label': '2017/2018', 'appearances': 1, 'avg_score': 8.05, 'avg_vaep': 0.34}, {'season_label': '2018/2019', 'appearances': 1, 'avg_score': 6.26, 'avg_vaep': 0.44}, {'season_label': '2019/2020', 'appearances': 1, 'avg_score': 7.35, 'avg_vaep': -0.27}]","{'2017/2018': 7, '2018/2019': 7, '2019/2020': 7}"
c77bfda6-1a02-04d4-4518-5053e6a9a8fe,6760,Enes Ünal,Attacker,right,7,6.2457142857142856,0.20930559800633222,"[{'season_label': '2017/2018', 'appearances': 2, 'avg_score': 6.12, 'avg_vaep': 0.15}, {'season_label': '2018/2019', 'appearances': 2, 'avg_score': 6.21, 'avg_vaep': 0.34}, {'season_label': '2019/2020', 'appearances': 2, 'avg_score': 6.53, 'avg_vaep': 0.21}, {'season_label': '2020/2021', 'appearances': 1, 'avg_score': 6.0, 'avg_vaep': 0.05}]","{'2017/2018': 9, '2018/2019': 9, '2019/2020': 10, '2020/2021': 15}"
2048d450-1a8e-e60d-3d58-6159d163dbeb,7699,Daniele Verde,Midfielder,left,2,6.109999999999999,0.21708104203298717,"[{'season_label': '2017/2018', 'appearances': 2, 'avg_score': 6.11, 'avg_vaep': 0.22}]",{'2017/2018': 11}
d3b8cf8b-9c79-7942-fe68-565e4ed2d8c3,11291,Laureano Antonio Villa Suárez,Attacker,right,3,6.0,0.1931438655265083,"[{'season_label': '2017/2018', 'appearances': 2, 'avg_score': 6.0, 'avg_vaep': 0.23}, {'season_label': '2019/2020', 'appearances': 1, 'avg_score': 6.0, 'avg_vaep': 0.13}]","{'2017/2018': 19, '2018/2019': 19, '2019/2020': 19}"
421b0ea7-0ab7-fd68-1ae6-3a8f12695199,11293,Fernando Calero Villa,Defender,right,3,6.026666666666666,0.35972791797212267,"[{'season_label': '2017/2018', 'appearances': 2, 'avg_score': 6.04, 'avg_vaep': 0.38}, {'season_label': '2018/2019', 'appearances': 1, 'avg_score': 6.0, 'avg_vaep': 0.33}]","{'2017/2018': 5, '2018/2019': 24}"
9d99197e-2ebf-03fc-388d-09f1e94af89b,11297,Javier Moyano Lujano,Defender,right,2,6.109999999999999,-0.15527454021594167,"[{'season_label': '2017/2018', 'appearances': 1, 'avg_score': 6.0, 'avg_vaep': -0.12}, {'season_label': '2018/2019', 'appearances': 1, 'avg_score': 6.22, 'avg_vaep': -0.19}]","{'2017/2018': 17, '2018/2019': 17}"
b32d54ed-fbef-5450-4db6-82d7d6d5be8d,11303,Anuar Mohamed Tuhami,Midfielder,right,3,6.16,-0.11625907307946666,"[{'season_label': '2017/2018', 'appearances': 2, 'avg_score': 6.24, 'avg_vaep': -0.11}, {'season_label': '2018/2019', 'appearances': 1, 'avg_score': 6.0, 'avg_vaep': -0.14}]","{'2017/2018': 23, '2018/2019': 8}"
d6c2e7c7-4cad-027b-49b4-369a0548ddfb,11304,Francisco José Olivas Alba,Defender,right,4,6.1825,0.8568393729292438,"[{'season_label': '2017/2018', 'appearances': 2, 'avg_score': 6.1, 'avg_vaep': 0.6}, {'season_label': '2018/2019', 'appearances': 2, 'avg_score': 6.27, 'avg_vaep': 1.12}]","{'2017/2018': 4, '2018/2019': 4}"
7cb85538-a409-3e82-fe8c-551341057388,17027,Sergio Guardiola Navarro,Attacker,left,5,6.238,0.5278005110310915,"[{'season_label': '2017/2018', 'appearances': 1, 'avg_score': 6.6, 'avg_vaep': 1.35}, {'season_label': '2018/2019', 'appearances': 2, 'avg_score': 6.21, 'avg_vaep': 0.31}, {'season_label': '2019/2020', 'appearances': 2, 'avg_score': 6.08, 'avg_vaep': 0.33}]","{'2017/2018': 12, '2018/2019': 7, '2019/2020': 7}"
eadd2c9c-45ec-261d-4ae6-6276556fbd55,18164,Antonio Jesús Regal Angulo,Defender,right,1,6.37,0.8303677168405557,"[{'season_label': '2017/2018', 'appearances': 1, 'avg_score': 6.37, 'avg_vaep': 0.83}]","{'2017/2018': 18, '2018/2019': 18}"
47f64e75-5012-d286-5986-a027f473d3c3,22020,Joaquín Fernández Moreno,Defender,right,4,6.07,0.3699862291982754,"[{'season_label': '2017/2018', 'appearances': 1, 'avg_score': 6.07, 'avg_vaep': 0.64}, {'season_label': '2018/2019', 'appearances': 2, 'avg_score': 6.06, 'avg_vaep': 0.25}, {'season_label': '2019/2020', 'appearances': 1, 'avg_score': 6.09, 'avg_vaep': 0.34}]","{'2017/2018': 2, '2018/2019': 24, '2019/2020': 24}"
4e93b153-9963-aec8-72bd-0000973520fa,23492,Stiven Ricardo Plaza Castillo,Midfielder,,1,6.0,0.06752433422661852,"[{'season_label': '2017/2018', 'appearances': 1, 'avg_score': 6.0, 'avg_vaep': 0.07}]",{'2017/2018': 42}
09060616-068d-2b95-44dc-33f2fbe4ce2d,3313,Giovani Lo Celso,Attacker,left,2,7.155,0.5858744887200373,"[{'season_label': '2017/2018', 'appearances': 2, 'avg_score': 7.16, 'avg_vaep': 0.59}]",{'2017/2018': 21}
7417744a-2bac-776f-abe5-a09b21c707a2,5214,William Silva de Carvalho,Midfielder,right,4,6.355,0.2079814637486379,"[{'season_label': '2017/2018', 'appearances': 2, 'avg_score': 6.69, 'avg_vaep': 0.14}, {'season_label': '2018/2019', 'appearances': 1, 'avg_score': 6.0, 'avg_vaep': -0.08}, {'season_label': '2019/2020', 'appearances': 1, 'avg_score': 6.05, 'avg_vaep': 0.64}]","{'2017/2018': 14, '2018/2019': 14, '2019/2020': 14}"
49e863b1-46f3-b547-0ee2-22ee84669b1c,7910,Lorenzo Jesús Morón García,Attacker,right,5,6.39,0.22315626841882477,"[{'season_label': '2017/2018', 'appearances': 2, 'avg_score': 6.38, 'avg_vaep': 0.33}, {'season_label': '2018/2019', 'appearances': 1, 'avg_score': 6.0, 'avg_vaep': 0.4}, {'season_label': '2019/2020', 'appearances': 2, 'avg_score': 6.59, 'avg_vaep': 0.03}]","{'2017/2018': 16, '2018/2019': 16, '2019/2020': 16}"
60e2126f-fb2e-2246-df6c-57b3797f2b48,22915,Diego Lainez Leyva,Attacker,left,1,6.0,0.4288473755004816,"[{'season_label': '2017/2018', 'appearances': 1, 'avg_score': 6.0, 'avg_vaep': 0.43}]","{'2017/2018': 22, '2019/2020': 20}"
6a8ceeef-a2c4-2b10-4a67-547efbe79c9d,23522,Emerson Aparecido Leite de Souza Junior,Defender,right,4,6.1225000000000005,0.47523875188244347,"[{'season_label': '2017/2018', 'appearances': 1, 'avg_score': 6.0, 'avg_vaep': 0.2}, {'season_label': '2018/2019', 'appearances': 1, 'avg_score': 6.0, 'avg_vaep': 0.52}, {'season_label': '2019/2020', 'appearances': 2, 'avg_score': 6.25, 'avg_vaep': 0.59}]","{'2017/2018': 24, '2018/2019': 22, '2019/2020': 22}"
ad7ed5d4-7b9b-aceb-1204-5a929e7e2f66,6387,Iñigo Córdoba Kerejeta,Attacker,left,3,6.283333333333334,0.7550156949121932,"[{'season_label': '2018/2019', 'appearances': 1, 'avg_score': 6.11, 'avg_vaep': 0.34}, {'season_label': '2019/2020', 'appearances': 1, 'avg_score': 6.12, 'avg_vaep': 0.29}, {'season_label': '2020/2021', 'appearances': 1, 'avg_score': 6.62, 'avg_vaep': 1.63}]","{'2017/2018': 11, '2018/2019': 11, '2019/2020': 11, '2020/2021': 28}"
5e62d03a-ec0d-17fa-cfc5-355dd90d441c,6397,Unai Núñez Gestoso,Defender,right,4,6.28,0.4083900300438472,"[{'season_label': '2018/2019', 'appearances': 1, 'avg_score': 6.0, 'avg_vaep': 0.05}, {'season_label': '2019/2020', 'appearances': 1, 'avg_score': 6.75, 'avg_vaep': -0.02}, {'season_label': '2020/2021', 'appearances': 2, 'avg_score': 6.19, 'avg_vaep': 0.8}]","{'2017/2018': 3, '2018/2019': 3, '2019/2020': 3, '2020/2021': 12}"
50bb4b78-1898-459e-99c8-1b050843896b,11748,Unai Simón Mendibil,GK,right,4,6.155,0.1600511408237253,"[{'season_label': '2017/2018', 'appearances': 1, 'avg_score': 6.1, 'avg_vaep': 0.23}, {'season_label': '2018/2019', 'appearances': 1, 'avg_score': 6.45, 'avg_vaep': 0.33}, {'season_label': '2019/2020', 'appearances': 2, 'avg_score': 6.04, 'avg_vaep': 0.04}]","{'2017/2018': 25, '2018/2019': 1, '2019/2020': 1}"
e0908a66-106a-8ecc-4d2e-da89df820a98,22321,Ander Barrenetxea Muguruza,Attacker,right,5,6.14,0.2979694608318823,"[{'season_label': '2017/2018', 'appearances': 1, 'avg_score': 6.0, 'avg_vaep': -0.0}, {'season_label': '2018/2019', 'appearances': 2, 'avg_score': 6.15, 'avg_vaep': 0.56}, {'season_label': '2019/2020', 'appearances': 2, 'avg_score': 6.2, 'avg_vaep': 0.19}]","{'2017/2018': 34, '2018/2019': 22, '2019/2020': 22}"
7ebcaec7-3bf2-5443-7957-8d4391bd4cd4,22452,Aihen Muñoz Capellán,Defender,left,1,6.39,0.7331217776882113,"[{'season_label': '2017/2018', 'appearances': 1, 'avg_score': 6.39, 'avg_vaep': 0.73}]","{'2017/2018': 29, '2018/2019': 12, '2019/2020': 12}"
7f3fcfed-9109-f27a-4b9e-4abd169d6e43,6618,Martín Aguirregabiria Padilla,Defender,right,5,6.0,0.5097684773143556,"[{'season_label': '2017/2018', 'appearances': 1, 'avg_score': 6.0, 'avg_vaep': 0.75}, {'season_label': '2018/2019', 'appearances': 2, 'avg_score': 6.0, 'avg_vaep': 0.77}, {'season_label': '2019/2020', 'appearances': 2, 'avg_score': 6.0, 'avg_vaep': 0.13}]","{'2017/2018': 21, '2018/2019': 21, '2019/2020': 21, '2020/2021': 32}"
fc5dda17-bef9-60b7-c200-e7d8063142ec,6855,Guillermo Alfonso Maripán Loaysa,Defender,right,2,6.0,0.392194232377733,"[{'season_label': '2017/2018', 'appearances': 1, 'avg_score': 6.0, 'avg_vaep': 0.44}, {'season_label': '2020/2021', 'appearances': 1, 'avg_score': 6.0, 'avg_vaep': 0.34}]","{'2017/2018': 6, '2020/2021': 6}"
6925f2a1-6026-e36e-4fc1-12f82dd79406,9748,Antonio Sivera Salvá,Midfielder,,0,,,[],"{'2017/2018': 13, '2018/2019': 13, '2019/2020': 13, '2020/2021': 13}"
391e1830-d381-c2f3-8857-5154a12b19a8,12190,Patrick Twumasi,Defender,right,1,6.0,0.04619499127147719,"[{'season_label': '2017/2018', 'appearances': 1, 'avg_score': 6.0, 'avg_vaep': 0.05}]",{'2017/2018': 24}
4e025eca-1066-6229-c008-68a687bf262c,50547,Antonio Perera Calderón,Midfielder,,0,,,[],{'2017/2018': 27}
c2f32522-a84d-5e63-57e6-abac087f1b0b,3437,Francis Joseph Coquelin,Midfielder,right,5,6.002,0.65074240477079,"[{'season_label': '2017/2018', 'appearances': 2, 'avg_score': 6.0, 'avg_vaep': 1.22}, {'season_label': '2018/2019', 'appearances': 1, 'avg_score': 6.0, 'avg_vaep': 0.54}, {'season_label': '2019/2020', 'appearances': 2, 'avg_score': 6.0, 'avg_vaep': 0.14}]","{'2017/2018': 17, '2018/2019': 17, '2019/2020': 19}"
2e2c4bf7-ceaa-4712-a72d-d5ee136dc9a8,6587,Antonio Latorre Grueso,Defender,left,3,6.123333333333334,0.5717919446973004,"[{'season_label': '2017/2018', 'appearances': 1, 'avg_score': 6.37, 'avg_vaep': 1.14}, {'season_label': '2018/2019', 'appearances': 1, 'avg_score': 6.0, 'avg_vaep': -0.0}, {'season_label': '2019/2020', 'appearances': 1, 'avg_score': 6.0, 'avg_vaep': 0.58}]","{'2017/2018': 15, '2018/2019': 15, '2019/2020': 3, '2020/2021': 15}"
ec24a54d-62ce-57ba-93a5-31b460fa8d18,6590,Norberto Murara Neto,GK,right,12,6.309166666666667,0.27442541944780413,"[{'season_label': '2017/2018', 'appearances': 2, 'avg_score': 6.0, 'avg_vaep': 0.49}, {'season_label': '2018/2019', 'appearances': 2, 'avg_score': 6.35, 'avg_vaep': 0.08}, {'season_label': '2019/2020', 'appearances': 6, 'avg_score': 6.48, 'avg_vaep': 0.25}, {'season_label': '2020/2021', 'appearances': 2, 'avg_score': 6.06, 'avg_vaep': 0.33}]","{'2017/2018': 13, '2018/2019': 13, '2019/2020': 13, '2020/2021': 13}"
dde16b86-c643-90f0-af01-275a44d3a42d,6748,Ferrán Torres García,Attacker,right,2,6.09,0.5175951125320353,"[{'season_label': '2017/2018', 'appearances': 1, 'avg_score': 6.18, 'avg_vaep': 0.7}, {'season_label': '2018/2019', 'appearances': 1, 'avg_score': 6.0, 'avg_vaep': 0.33}]","{'2017/2018': 20, '2018/2019': 20}"
9938b594-f4c5-0c21-ed23-5b2f92e82177,22740,Kang-In Lee,Midfielder,,1,6.0,-0.006037734885467216,"[{'season_label': '2019/2020', 'appearances': 1, 'avg_score': 6.0, 'avg_vaep': -0.01}]","{'2017/2018': 16, '2018/2019': 16, '2019/2020': 20}"
6fd6b030-c6af-ec01-8415-662d0db43f9d,4447,Martin Braithwaite Christensen,Attacker,right,39,6.306923076923077,0.08511319300296002,"[{'season_label': '2017/2018', 'appearances': 1, 'avg_score': 7.36, 'avg_vaep': 0.29}, {'season_label': '2018/2019', 'appearances': 12, 'avg_score': 6.33, 'avg_vaep': 0.17}, {'season_label': '2019/2020', 'appearances': 26, 'avg_score': 6.26, 'avg_vaep': 0.04}]","{'2017/2018': 25, '2018/2019': 19, '2019/2020': 9}"
e520f70a-c393-0490-4588-92665cda6620,5830,Kenneth Josiah Omeruo,Defender,right,2,6.0,0.2210722244999488,"[{'season_label': '2017/2018', 'appearances': 1, 'avg_score': 6.0, 'avg_vaep': 0.22}, {'season_label': '2018/2019', 'appearances': 1, 'avg_score': 6.0, 'avg_vaep': 0.22}]","{'2017/2018': 24, '2018/2019': 4}"
adf21078-378b-5c29-d764-23f457256e9d,21390,Andriy Lunin,Midfielder,,0,,,[],"{'2017/2018': 29, '2018/2019': 13, '2019/2020': 13}"
20506326-1414-55be-d758-6439ef2537c4,23561,Vasyl Kravets,Midfielder,,0,,,[],{'2017/2018': 14}
9bf3dbf0-c2ef-d551-ca83-2b9b6800749c,17304,Héctor Junior Firpo Adames,Defender,left,21,6.424285714285714,0.2206847805608136,"[{'season_label': '2017/2018', 'appearances': 1, 'avg_score': 6.57, 'avg_vaep': 0.27}, {'season_label': '2018/2019', 'appearances': 15, 'avg_score': 6.47, 'avg_vaep': 0.24}, {'season_label': '2019/2020', 'appearances': 5, 'avg_score': 6.27, 'avg_vaep': 0.14}]","{'2017/2018': 20, '2018/2019': 24, '2019/2020': 24}"
128ac9c4-2730-2b7a-6431-4fc4593430b2,6782,Enis Bardhi,Midfielder,right,5,6.148,0.1281088504318177,"[{'season_label': '2017/2018', 'appearances': 2, 'avg_score': 6.28, 'avg_vaep': 0.12}, {'season_label': '2018/2019', 'appearances': 2, 'avg_score': 6.02, 'avg_vaep': 0.2}, {'season_label': '2019/2020', 'appearances': 1, 'avg_score': 6.14, 'avg_vaep': -0.0}]","{'2017/2018': 10, '2018/2019': 10, '2019/2020': 10}"
b0ba5c44-aaf6-5f6c-a34c-f116e6d82ebf,6807,Roberto Suárez Pier,Defender,right,4,6.0625,0.2850871923496925,"[{'season_label': '2017/2018', 'appearances': 2, 'avg_score': 6.0, 'avg_vaep': 0.05}, {'season_label': '2019/2020', 'appearances': 1, 'avg_score': 6.25, 'avg_vaep': 0.82}, {'season_label': '2020/2021', 'appearances': 1, 'avg_score': 6.0, 'avg_vaep': 0.22}]","{'2017/2018': 4, '2019/2020': 4, '2020/2021': 4}"
5c3a3b13-9a11-689e-0bc5-5abd95e20e39,6809,Erick Cathriel Cabaco Almada,Defender,right,4,6.0024999999999995,0.34236574173382905,"[{'season_label': '2017/2018', 'appearances': 1, 'avg_score': 6.01, 'avg_vaep': 0.49}, {'season_label': '2018/2019', 'appearances': 1, 'avg_score': 6.0, 'avg_vaep': -0.01}, {'season_label': '2019/2020', 'appearances': 1, 'avg_score': 6.0, 'avg_vaep': 0.36}, {'season_label': '2020/2021', 'appearances': 1, 'avg_score': 6.0, 'avg_vaep': 0.53}]","{'2017/2018': 18, '2018/2019': 18, '2019/2020': 3, '2020/2021': 18}"
998f28b5-baa9-b34f-23ea-f2e08ed2d63c,11305,Raphael Dwamena,Midfielder,,0,,,[],{'2017/2018': 20}
68ff0c6e-e845-a28a-756d-3f8cf4e2a537,17303,Nikola Vukčević,Attacker,left,4,6.055,0.23125058098958107,"[{'season_label': '2017/2018', 'appearances': 1, 'avg_score': 6.08, 'avg_vaep': 0.58}, {'season_label': '2018/2019', 'appearances': 2, 'avg_score': 6.07, 'avg_vaep': 0.18}, {'season_label': '2019/2020', 'appearances': 1, 'avg_score': 6.0, 'avg_vaep': -0.02}]","{'2017/2018': 17, '2018/2019': 17, '2019/2020': 17}"
d5a44bda-ee01-bac1-c449-0d1aded4c0d8,18163,Moses Daddy-Ajala Simon,Midfielder,right,1,6.0,0.07343534675237606,"[{'season_label': '2017/2018', 'appearances': 1, 'avg_score': 6.0, 'avg_vaep': 0.07}]",{'2017/2018': 7}
035ff65d-29f2-b40d-2ff4-62ffa36dd48a,21147,Borja Mayoral Moya,Attacker,right,4,6.43,0.41993635644075766,"[{'season_label': '2017/2018', 'appearances': 2, 'avg_score': 6.45, 'avg_vaep': 0.14}, {'season_label': '2018/2019', 'appearances': 2, 'avg_score': 6.41, 'avg_vaep': 0.7}]","{'2017/2018': 2, '2018/2019': 21}"
9c151d7c-2d51-1dfe-c70f-3fd53171b5db,23344,Aitor Fernández Abarisketa,GK,right,5,6.074,0.29580708385910837,"[{'season_label': '2017/2018', 'appearances': 1, 'avg_score': 6.16, 'avg_vaep': 0.34}, {'season_label': '2018/2019', 'appearances': 2, 'avg_score': 6.0, 'avg_vaep': 0.21}, {'season_label': '2019/2020', 'appearances': 2, 'avg_score': 6.11, 'avg_vaep': 0.36}]","{'2017/2018': 25, '2018/2019': 13, '2019/2020': 13}"
abdeb6f5-75ac-5c66-76b7-47bca8d09cc2,3551,Karl Brillant Toko Ekambi,Attacker,right,3,6.21,0.3083107331755552,"[{'season_label': '2017/2018', 'appearances': 2, 'avg_score': 6.31, 'avg_vaep': 0.3}, {'season_label': '2018/2019', 'appearances': 1, 'avg_score': 6.0, 'avg_vaep': 0.33}]","{'2017/2018': 17, '2018/2019': 17}"
bd5c5e1c-0411-1451-ed8b-63079ea181e7,4629,José Ramiro Funes Mori,Defender,left,2,6.01,0.19558174371104542,"[{'season_label': '2017/2018', 'appearances': 1, 'avg_score': 6.02, 'avg_vaep': 0.34}, {'season_label': '2019/2020', 'appearances': 1, 'avg_score': 6.0, 'avg_vaep': 0.05}]","{'2017/2018': 4, '2018/2019': 6, '2019/2020': 6}"
24759597-b99d-21ef-84e6-c86c29e56aab,6753,Daniel Raba Antolín,Midfielder,left,2,6.0,0.21583132105843106,"[{'season_label': '2017/2018', 'appearances': 1, 'avg_score': 6.0, 'avg_vaep': 0.09}, {'season_label': '2020/2021', 'appearances': 1, 'avg_score': 6.0, 'avg_vaep': 0.34}]","{'2017/2018': 22, '2020/2021': 28}"
881317e8-1cbf-9521-edf4-df205a545eb8,11384,Manuel Morlanes Ariño,Midfielder,right,1,6.01,0.4448426812195976,"[{'season_label': '2017/2018', 'appearances': 1, 'avg_score': 6.01, 'avg_vaep': 0.44}]","{'2017/2018': 28, '2018/2019': 15}"
949694a5-0593-02e7-2830-73b502f094d7,11385,Santiago Cáseres,Midfielder,right,2,6.05,0.27862172069217195,"[{'season_label': '2017/2018', 'appearances': 2, 'avg_score': 6.05, 'avg_vaep': 0.28}]",{'2017/2018': 5}
d1183696-d4d9-01b9-b974-16efe8c85f08,16335,Samuel Chimerenka Chukwueze,Midfielder,left,6,6.581666666666667,0.32060606424177723,"[{'season_label': '2017/2018', 'appearances': 2, 'avg_score': 6.78, 'avg_vaep': 0.33}, {'season_label': '2018/2019', 'appearances': 2, 'avg_score': 6.4, 'avg_vaep': 0.33}, {'season_label': '2019/2020', 'appearances': 2, 'avg_score': 6.57, 'avg_vaep': 0.3}]","{'2017/2018': 30, '2018/2019': 11, '2019/2020': 11}"
e615c82a-ba46-1681-ade8-2da2da38004a,6565,Pere Pons Riera,Midfielder,right,7,6.204285714285715,0.335407617934834,"[{'season_label': '2017/2018', 'appearances': 2, 'avg_score': 6.54, 'avg_vaep': 0.53}, {'season_label': '2018/2019', 'appearances': 2, 'avg_score': 6.04, 'avg_vaep': 0.21}, {'season_label': '2019/2020', 'appearances': 1, 'avg_score': 6.0, 'avg_vaep': 0.06}, {'season_label': '2020/2021', 'appearances': 2, 'avg_score': 6.13, 'avg_vaep': 0.4}]","{'2017/2018': 8, '2018/2019': 20, '2019/2020': 20, '2020/2021': 8}"
4996dcc4-3b5b-e197-b588-7a4e60817b1c,6570,Alejandro Granell Nogué,Midfielder,left,3,6.330000000000001,0.6523647577147736,"[{'season_label': '2017/2018', 'appearances': 2, 'avg_score': 6.21, 'avg_vaep': 0.68}, {'season_label': '2020/2021', 'appearances': 1, 'avg_score': 6.57, 'avg_vaep': 0.61}]","{'2017/2018': 6, '2020/2021': 6}"
44a6a9fe-e78f-2bb5-8e75-8a209df95f1a,6572,Juan Pedro Ramírez López,Defender,right,4,6.01,0.23317429296093906,"[{'season_label': '2017/2018', 'appearances': 2, 'avg_score': 6.0, 'avg_vaep': 0.32}, {'season_label': '2020/2021', 'appearances': 2, 'avg_score': 6.02, 'avg_vaep': 0.15}]","{'2017/2018': 15, '2020/2021': 15}"
4eb0194d-df4d-6c7a-72dc-a4fd3149e92e,6574,Douglas Luiz Soares de Paulo,Midfielder,right,4,6.1025,0.1767244436978217,"[{'season_label': '2017/2018', 'appearances': 2, 'avg_score': 6.0, 'avg_vaep': 0.15}, {'season_label': '2020/2021', 'appearances': 2, 'avg_score': 6.21, 'avg_vaep': 0.2}]","{'2017/2018': 12, '2020/2021': 12}"
9e9a30b7-4c49-d07d-8150-c8c83b1ccf07,6579,Pedro Alcalá Guirado,Defender,right,3,6.133333333333333,0.20721344968963726,"[{'season_label': '2017/2018', 'appearances': 2, 'avg_score': 6.2, 'avg_vaep': 0.33}, {'season_label': '2019/2020', 'appearances': 1, 'avg_score': 6.0, 'avg_vaep': -0.03}]","{'2017/2018': 5, '2019/2020': 19}"
a14185bf-0c82-b336-9f86-efb3cac5ad28,6582,Cristian Portugués Manzanera,Attacker,right,8,6.24375,0.1375474377387036,"[{'season_label': '2017/2018', 'appearances': 2, 'avg_score': 6.45, 'avg_vaep': 0.26}, {'season_label': '2018/2019', 'appearances': 2, 'avg_score': 6.1, 'avg_vaep': 0.06}, {'season_label': '2019/2020', 'appearances': 2, 'avg_score': 6.03, 'avg_vaep': 0.1}, {'season_label': '2020/2021', 'appearances': 2, 'avg_score': 6.39, 'avg_vaep': 0.14}]","{'2017/2018': 9, '2018/2019': 7, '2019/2020': 7, '2020/2021': 9}"
86ba98bc-bd34-66d2-5384-1907ba1fc725,6785,Yassine Bounou,GK,left,5,6.354,0.28844754370948067,"[{'season_label': '2017/2018', 'appearances': 2, 'avg_score': 6.02, 'avg_vaep': 0.34}, {'season_label': '2019/2020', 'appearances': 2, 'avg_score': 6.86, 'avg_vaep': 0.23}, {'season_label': '2020/2021', 'appearances': 1, 'avg_score': 6.03, 'avg_vaep': 0.31}]","{'2017/2018': 13, '2018/2019': 13, '2019/2020': 13, '2020/2021': 13}"
69c7e73f-ea7a-d35e-9000-ce41e1622036,6888,Aleix García Serrano,Midfielder,right,4,6.1425,0.3357907142485601,"[{'season_label': '2017/2018', 'appearances': 2, 'avg_score': 6.0, 'avg_vaep': 0.43}, {'season_label': '2020/2021', 'appearances': 2, 'avg_score': 6.29, 'avg_vaep': 0.24}]","{'2017/2018': 23, '2020/2021': 23}"
5e2b6675-0529-d8ae-895a-d2591118466f,7578,Anthony Rubén Lozano Colón,Attacker,right,3,6.053333333333334,0.16591591133025455,"[{'season_label': '2017/2018', 'appearances': 1, 'avg_score': 6.0, 'avg_vaep': 0.09}, {'season_label': '2019/2020', 'appearances': 1, 'avg_score': 6.0, 'avg_vaep': 0.3}, {'season_label': '2020/2021', 'appearances': 1, 'avg_score': 6.16, 'avg_vaep': 0.11}]","{'2017/2018': 19, '2019/2020': 9, '2020/2021': 19}"
4a676270-3f33-302e-6d1e-65db02155a47,11292,Pedro Antonio Porro Sauceda,Defender,right,2,6.175,0.41401103154748853,"[{'season_label': '2017/2018', 'appearances': 1, 'avg_score': 6.21, 'avg_vaep': 0.1}, {'season_label': '2018/2019', 'appearances': 1, 'avg_score': 6.14, 'avg_vaep': 0.73}]","{'2017/2018': 24, '2018/2019': 2}"
5561cc39-8bbb-52a7-e04d-92abeff3080d,22129,Valery Fernández Estrada,Defender,right,1,6.08,0.30597887007388636,"[{'season_label': '2017/2018', 'appearances': 1, 'avg_score': 6.08, 'avg_vaep': 0.31}]",{'2017/2018': 34}
739117de-ec7f-647e-04e6-3e9c00e37a3a,23264,Seung-Ho Paik,Midfielder,right,1,6.0,-0.00031823607423575595,"[{'season_label': '2017/2018', 'appearances': 1, 'avg_score': 6.0, 'avg_vaep': -0.0}]",{'2017/2018': 35}
90756747-0e0d-0870-2eeb-232c28b06eb6,42283,Alejandro Pachón Párraga,Midfielder,,0,,,[],{'2017/2018': 37}
3dea6b59-8a16-b334-a531-45e78701fa87,6604,Darko Brašanac,Midfielder,right,4,6.0,0.15657405348156317,"[{'season_label': '2017/2018', 'appearances': 1, 'avg_score': 6.0, 'avg_vaep': 0.24}, {'season_label': '2018/2019', 'appearances': 1, 'avg_score': 6.0, 'avg_vaep': 0.2}, {'season_label': '2019/2020', 'appearances': 1, 'avg_score': 6.0, 'avg_vaep': 0.06}, {'season_label': '2020/2021', 'appearances': 1, 'avg_score': 6.0, 'avg_vaep': 0.13}]","{'2017/2018': 20, '2018/2019': 20, '2019/2020': 8, '2020/2021': 24}"
86b3e165-b815-4656-a71f-fe8a327ded7d,6636,Rodrigo Ely,Defender,right,3,6.0,0.36617254267972993,"[{'season_label': '2017/2018', 'appearances': 1, 'avg_score': 6.0, 'avg_vaep': 0.36}, {'season_label': '2018/2019', 'appearances': 1, 'avg_score': 6.0, 'avg_vaep': 0.11}, {'season_label': '2020/2021', 'appearances': 1, 'avg_score': 6.0, 'avg_vaep': 0.64}]","{'2017/2018': 4, '2018/2019': 4, '2019/2020': 4, '2020/2021': 12}"
94c4dd41-f9dd-dce6-9655-7d3717d98d82,6857,Rúben Afonso Borges Semedo,Midfielder,right,2,6.0,0.22988656185407308,"[{'season_label': '2017/2018', 'appearances': 1, 'avg_score': 6.0, 'avg_vaep': 0.11}, {'season_label': '2020/2021', 'appearances': 1, 'avg_score': 6.0, 'avg_vaep': 0.35}]","{'2017/2018': 4, '2020/2021': 4}"
48259990-138b-c033-6155-6fb3f94c5d45,9747,Axel Werner,GK,right,1,6.02,0.4124775168747874,"[{'season_label': '2017/2018', 'appearances': 1, 'avg_score': 6.02, 'avg_vaep': 0.41}]","{'2017/2018': 1, '2020/2021': 25}"
8b1c998c-f6ef-b438-24bb-ab2d8c9b078b,11669,Gonzalo Julián Melero Manzanares,Midfielder,right,5,6.246,0.15121292219009774,"[{'season_label': '2017/2018', 'appearances': 1, 'avg_score': 6.1, 'avg_vaep': 0.19}, {'season_label': '2018/2019', 'appearances': 2, 'avg_score': 6.3, 'avg_vaep': 0.21}, {'season_label': '2019/2020', 'appearances': 2, 'avg_score': 6.27, 'avg_vaep': 0.07}]","{'2017/2018': 8, '2018/2019': 22, '2019/2020': 22}"
1fc8c3d0-3b00-2147-8a8c-9ebdcd457c67,11670,David Ferreiro Quiroga,Midfielder,right,2,6.075,0.5508314186499774,"[{'season_label': '2019/2020', 'appearances': 2, 'avg_score': 6.08, 'avg_vaep': 0.55}]","{'2017/2018': 7, '2019/2020': 7}"
9274eae5-c531-194f-50bb-f029e38f0046,11671,Juan Camilo Hernández Suárez,Attacker,right,4,6.46,0.2364818220885354,"[{'season_label': '2017/2018', 'appearances': 1, 'avg_score': 7.27, 'avg_vaep': 0.33}, {'season_label': '2018/2019', 'appearances': 2, 'avg_score': 6.02, 'avg_vaep': 0.29}, {'season_label': '2019/2020', 'appearances': 1, 'avg_score': 6.53, 'avg_vaep': 0.04}]","{'2017/2018': 9, '2018/2019': 29, '2019/2020': 23}"
41965fda-b3cb-2bd0-fdc4-536d321ad4fc,11673,Alejandro Gallar Falguera,Midfielder,left,1,6.54,0.047703152737085475,"[{'season_label': '2017/2018', 'appearances': 1, 'avg_score': 6.54, 'avg_vaep': 0.05}]",{'2017/2018': 11}
fc503229-32b2-9b26-cfc4-6fd9a91ec474,11674,Damián Marcelo Musto,Midfielder,right,1,6.0,0.775371785639436,"[{'season_label': '2017/2018', 'appearances': 1, 'avg_score': 6.0, 'avg_vaep': 0.78}]",{'2017/2018': 23}
de65a3fb-6d48-ee7c-d6f5-f9309d16e3fb,11676,Jorge Miramón Santagertrudis,Defender,right,5,6.154,0.357603766461034,"[{'season_label': '2017/2018', 'appearances': 1, 'avg_score': 6.08, 'avg_vaep': 0.28}, {'season_label': '2018/2019', 'appearances': 2, 'avg_score': 6.17, 'avg_vaep': 0.38}, {'season_label': '2019/2020', 'appearances': 2, 'avg_score': 6.17, 'avg_vaep': 0.38}]","{'2017/2018': 24, '2018/2019': 20, '2019/2020': 20}"
9c453cf6-1944-06f4-8a40-272eec8de2a8,11678,Luis Ezequiel Ávila,Attacker,right,1,6.0,0.17138336108837393,"[{'season_label': '2017/2018', 'appearances': 1, 'avg_score': 6.0, 'avg_vaep': 0.17}]",{'2017/2018': 19}
6644cb08-d30b-2ca5-5c28-4344a9750c2e,12554,Serdar Gürler,Attacker,right,1,6.0,0.18117769584205234,"[{'season_label': '2017/2018', 'appearances': 1, 'avg_score': 6.0, 'avg_vaep': 0.18}]",{'2017/2018': 21}
7f11b156-55b2-342b-01a2-db7edb7961cd,22332,Roberto Santamaría Cipriain,Midfielder,,0,,,[],{'2017/2018': 13}
f1ee083b-af7b-b88a-ffb4-bbe77dd229f0,5674,Moussa Wagué,Defender,right,2,6.38,0.2743832277101319,"[{'season_label': '2017/2018', 'appearances': 1, 'avg_score': 6.0, 'avg_vaep': 0.41}, {'season_label': '2018/2019', 'appearances': 1, 'avg_score': 6.76, 'avg_vaep': 0.14}]","{'2017/2018': 40, '2018/2019': 16}"
ccc83cd1-99e2-89db-77c9-271ab00c35a0,24841,Ricard Puig Martí,Midfielder,right,22,6.328636363636363,0.3008184515142189,"[{'season_label': '2018/2019', 'appearances': 11, 'avg_score': 6.38, 'avg_vaep': 0.37}, {'season_label': '2019/2020', 'appearances': 11, 'avg_score': 6.27, 'avg_vaep': 0.23}]","{'2017/2018': 28, '2018/2019': 28, '2019/2020': 12}"
6f7ed266-5430-436e-df77-b2c6d75740c7,24976,Abel Ruiz Ortega,Attacker,right,1,6.18,-0.05824049086731975,"[{'season_label': '2017/2018', 'appearances': 1, 'avg_score': 6.18, 'avg_vaep': -0.06}]",{'2017/2018': 29}
1b4ee40f-fb4c-7cf0-7b1d-29cb65862410,25006,Carles Pérez Sayol,Attacker,left,6,6.011666666666667,0.03820003990949772,"[{'season_label': '2017/2018', 'appearances': 1, 'avg_score': 6.0, 'avg_vaep': 0.11}, {'season_label': '2018/2019', 'appearances': 5, 'avg_score': 6.01, 'avg_vaep': 0.02}]","{'2017/2018': 43, '2018/2019': 27}"
ad067202-f83b-4b14-83f0-5bf382c22c1e,6698,Marko Dmitrović,GK,left,5,6.172,0.26824589953284883,"[{'season_label': '2017/2018', 'appearances': 1, 'avg_score': 6.44, 'avg_vaep': 0.13}, {'season_label': '2018/2019', 'appearances': 2, 'avg_score': 6.08, 'avg_vaep': 0.35}, {'season_label': '2020/2021', 'appearances': 2, 'avg_score': 6.13, 'avg_vaep': 0.25}]","{'2017/2018': 1, '2018/2019': 1, '2020/2021': 25}"
b7ab1aac-36b6-428d-3b7a-3860a0d7a74f,6708,Paulo André Rodrigues de Oliveira,Defender,right,3,6.063333333333333,0.47308279430581024,"[{'season_label': '2017/2018', 'appearances': 1, 'avg_score': 6.0, 'avg_vaep': 0.29}, {'season_label': '2018/2019', 'appearances': 1, 'avg_score': 6.09, 'avg_vaep': 0.81}, {'season_label': '2020/2021', 'appearances': 1, 'avg_score': 6.1, 'avg_vaep': 0.32}]","{'2017/2018': 12, '2018/2019': 12, '2020/2021': 12}"
fdad3b5b-2200-b598-dfde-9517e5b426a8,8555,Pablo Ezequiel De Blasis,Attacker,right,4,6.2625,0.2868402890917423,"[{'season_label': '2017/2018', 'appearances': 2, 'avg_score': 6.35, 'avg_vaep': 0.37}, {'season_label': '2018/2019', 'appearances': 2, 'avg_score': 6.18, 'avg_vaep': 0.21}]","{'2017/2018': 16, '2018/2019': 16}"
e860392d-1fe5-4c1c-4a37-f46e2ed359fb,17620,Marc Cucurella Saseta,Midfielder,left,5,6.168,0.479341388582543,"[{'season_label': '2017/2018', 'appearances': 2, 'avg_score': 6.12, 'avg_vaep': 0.41}, {'season_label': '2018/2019', 'appearances': 1, 'avg_score': 6.28, 'avg_vaep': 0.88}, {'season_label': '2019/2020', 'appearances': 2, 'avg_score': 6.15, 'avg_vaep': 0.35}]","{'2017/2018': 20, '2018/2019': 15, '2019/2020': 15}"
4579b051-1a0e-6319-628f-fc17cc6b3998,24948,Jordi Calavera Espinach,Midfielder,,0,,,[],{'2017/2018': 2}
c54c1353-a13f-0caf-7c9d-6fbbf57999f7,12072,Pere Milla Peña,Attacker,left,1,6.17,0.4340314955697977,"[{'season_label': '2019/2020', 'appearances': 1, 'avg_score': 6.17, 'avg_vaep': 0.43}]","{'2017/2018': 22, '2019/2020': 10}"
e02a35b1-563d-0db5-3486-ec068ebab80f,4346,Gilbert Gianelli Imbula Wanga,Midfielder,left,1,6.07,0.8224258314912731,"[{'season_label': '2017/2018', 'appearances': 1, 'avg_score': 6.07, 'avg_vaep': 0.82}]",{'2017/2018': 12}
8a94ecfa-54dc-b88a-2fa9-93bfa6388f9e,5521,Luis Jan Piers Advíncula Castrillón,Defender,right,1,6.0,0.7494331355701433,"[{'season_label': '2017/2018', 'appearances': 1, 'avg_score': 6.0, 'avg_vaep': 0.75}]",{'2017/2018': 17}
e092aed5-316b-555a-7700-29849e06a7de,8512,Franco Matías Di Santo,Midfielder,,0,,,[],{'2017/2018': 25}
86d5cf1c-d2af-ee60-5557-c297315be15b,11535,José Ángel Pozo la Rosa,Defender,right,1,6.0,0.18034052673829137,"[{'season_label': '2017/2018', 'appearances': 1, 'avg_score': 6.0, 'avg_vaep': 0.18}]",{'2017/2018': 22}
9bdef7d9-1f7c-5a61-8c76-9110e712745b,12192,Álvaro García Rivera,Attacker,left,1,6.04,0.8341873591489275,"[{'season_label': '2017/2018', 'appearances': 1, 'avg_score': 6.04, 'avg_vaep': 0.83}]",{'2017/2018': 18}
835bafd2-c534-a183-0c05-90774285ff88,12194,Santiago Comesaña Veiga,Midfielder,right,1,6.2,0.887242810218595,"[{'season_label': '2017/2018', 'appearances': 1, 'avg_score': 6.2, 'avg_vaep': 0.89}]",{'2017/2018': 27}
2d02d025-0a7c-8f9a-83e4-3e017e7ab31b,16209,Raúl de Tomás Gómez,Attacker,right,2,6.635,0.6150851151978713,"[{'season_label': '2017/2018', 'appearances': 1, 'avg_score': 6.68, 'avg_vaep': 0.67}, {'season_label': '2018/2019', 'appearances': 1, 'avg_score': 6.59, 'avg_vaep': 0.56}]","{'2017/2018': 9, '2018/2019': 11}"
10112e4e-12aa-494d-b03e-a2462302d34d,21397,Stole Dimitrievski,GK,right,1,6.0,0.41889102454297245,"[{'season_label': '2017/2018', 'appearances': 1, 'avg_score': 6.0, 'avg_vaep': 0.42}]",{'2017/2018': 13}
0307fec2-cef6-aec3-40b8-426490977ef0,4407,Sanjin Prcić,Defender,right,1,6.0,0.07564984097916749,"[{'season_label': '2017/2018', 'appearances': 1, 'avg_score': 6.0, 'avg_vaep': 0.08}]",{'2017/2018': 8}
c4f8a2db-7f87-04b0-bdaa-266d61ef48c3,6678,Emmanuel Okyere Boateng,Attacker,right,2,6.16,0.1067859444192436,"[{'season_label': '2017/2018', 'appearances': 1, 'avg_score': 6.2, 'avg_vaep': 0.12}, {'season_label': '2020/2021', 'appearances': 1, 'avg_score': 6.12, 'avg_vaep': 0.09}]","{'2017/2018': 21, '2020/2021': 21}"
65586803-f143-5736-f42a-541d3a924595,6681,José Manuel Rodríguez Benito,Midfielder,left,1,6.0,0.30774157563064364,"[{'season_label': '2019/2020', 'appearances': 1, 'avg_score': 6.0, 'avg_vaep': 0.31}]","{'2017/2018': 6, '2019/2020': 6}"
c46489a2-d5a9-a9ec-fc53-b17610926ddd,6682,Sergio Postigo Redondo,Defender,right,5,6.032,0.21851387107017217,"[{'season_label': '2017/2018', 'appearances': 1, 'avg_score': 6.0, 'avg_vaep': 0.16}, {'season_label': '2018/2019', 'appearances': 2, 'avg_score': 6.0, 'avg_vaep': 0.11}, {'season_label': '2019/2020', 'appearances': 1, 'avg_score': 6.16, 'avg_vaep': 0.36}, {'season_label': '2020/2021', 'appearances': 1, 'avg_score': 6.0, 'avg_vaep': 0.35}]","{'2017/2018': 15, '2018/2019': 15, '2019/2020': 15, '2020/2021': 15}"
bfad2c17-c19f-064c-703c-7bad8aa694fc,11532,Jean-Clair Todibo,Defender,right,1,6.17,0.6509159174711385,"[{'season_label': '2018/2019', 'appearances': 1, 'avg_score': 6.17, 'avg_vaep': 0.65}]","{'2017/2018': 6, '2018/2019': 6}"
5ba47c07-b9b6-a8f2-718d-94fa3f48fe9f,5693,Gaku Shibasaki,Attacker,right,3,6.1499999999999995,0.6304406302321391,"[{'season_label': '2017/2018', 'appearances': 1, 'avg_score': 6.02, 'avg_vaep': 0.65}, {'season_label': '2020/2021', 'appearances': 2, 'avg_score': 6.21, 'avg_vaep': 0.62}]","{'2017/2018': 10, '2020/2021': 10}"
c9e37c28-ce58-5221-8032-aae6f5632b13,6741,Ignasi Miquel i Pons,Midfielder,,0,,,[],{'2017/2018': 21}
2be8328f-4114-4106-f714-4802f2367487,7104,Mathías Olivera Miramontes,Defender,left,3,6.010000000000001,0.8588405060448471,"[{'season_label': '2017/2018', 'appearances': 1, 'avg_score': 6.0, 'avg_vaep': 0.82}, {'season_label': '2018/2019', 'appearances': 1, 'avg_score': 6.0, 'avg_vaep': 0.57}, {'season_label': '2019/2020', 'appearances': 1, 'avg_score': 6.03, 'avg_vaep': 1.18}]","{'2017/2018': 17, '2018/2019': 17, '2019/2020': 17}"
9f4e3847-f075-d1e7-e211-41658ade4837,7621,Hugo Duro Perales,Attacker,right,1,6.0,0.018404707894660532,"[{'season_label': '2017/2018', 'appearances': 1, 'avg_score': 6.0, 'avg_vaep': 0.02}]",{'2017/2018': 27}
08860acb-2e1c-e883-85ff-e4badc802922,11744,Peru Nolaskoain Esnal,Defender,right,1,6.0,0.7863967306402628,"[{'season_label': '2017/2018', 'appearances': 1, 'avg_score': 6.0, 'avg_vaep': 0.79}]",{'2017/2018': 31}
62b0a79f-e28f-0aa3-11ce-fa2230a507a8,349946,Hodei Oleaga Alarcia,Midfielder,,0,,,[],{'2017/2018': 26}
a2915ad0-d57c-a8c6-44f9-9f9c3f20a918,6578,Francesc Aday Benítez Caraballo,Defender,right,3,6.16,0.07021244335313288,"[{'season_label': '2017/2018', 'appearances': 1, 'avg_score': 6.48, 'avg_vaep': -0.16}, {'season_label': '2020/2021', 'appearances': 2, 'avg_score': 6.0, 'avg_vaep': 0.18}]","{'2017/2018': 11, '2020/2021': 11}"
a7e27220-2d38-f212-dcdc-3978bcb70a6f,11295,Patrick Roberts,Midfielder,,0,,,[],{'2017/2018': 17}
f3a493fb-0b6d-c635-7b9d-89d6bdc1f2af,17276,Seydou Doumbia,Attacker,,1,6.0,0.006464329293521587,"[{'season_label': '2017/2018', 'appearances': 1, 'avg_score': 6.0, 'avg_vaep': 0.01}]",{'2017/2018': 22}
375bba25-bed3-d813-2d86-a6c65682c02c,34694,Èric Montes Arce,Midfielder,,0,,,[],{'2017/2018': 28}
1c88233a-c30d-ebaa-338e-6961c8bfaa14,24729,Xavier Quintillà Guasch,Defender,left,1,6.56,0.34880626832091366,"[{'season_label': '2018/2019', 'appearances': 1, 'avg_score': 6.56, 'avg_vaep': 0.35}]","{'2017/2018': 39, '2018/2019': 16}"
9d1e3e75-5ef2-d97e-58d1-4db50656b596,42275,Iván Martín Núñez,Midfielder,,0,,,[],{'2017/2018': 37}
e1fc9c08-2df6-cfff-8cbc-fff2b5a722ef,3457,Michy Batshuayi Tunga,Attacker,right,1,6.59,1.2519448762959655,"[{'season_label': '2017/2018', 'appearances': 1, 'avg_score': 6.59, 'avg_vaep': 1.25}]",{'2017/2018': 23}
1138d90e-f0a0-848a-542e-57d1595f58ea,4367,Gonçalo Manuel Ganchinho Guedes,Midfielder,right,5,6.4719999999999995,0.24635721214617662,"[{'season_label': '2017/2018', 'appearances': 1, 'avg_score': 6.0, 'avg_vaep': 0.13}, {'season_label': '2019/2020', 'appearances': 2, 'avg_score': 6.73, 'avg_vaep': 0.21}, {'season_label': '2020/2021', 'appearances': 2, 'avg_score': 6.45, 'avg_vaep': 0.34}]","{'2017/2018': 7, '2019/2020': 7, '2020/2021': 7}"
acaa23f7-1f96-3e96-c884-7585e71352d6,6773,Federico Santiago Valverde Dipetta,Midfielder,right,6,6.135000000000001,0.3704315867259235,"[{'season_label': '2017/2018', 'appearances': 1, 'avg_score': 6.0, 'avg_vaep': 0.21}, {'season_label': '2018/2019', 'appearances': 2, 'avg_score': 6.17, 'avg_vaep': 0.69}, {'season_label': '2019/2020', 'appearances': 2, 'avg_score': 6.23, 'avg_vaep': 0.19}, {'season_label': '2020/2021', 'appearances': 1, 'avg_score': 6.0, 'avg_vaep': 0.24}]","{'2017/2018': 15, '2018/2019': 15, '2019/2020': 15, '2020/2021': 17}"
9063c84e-769a-726b-d468-7c8a230e2e71,18395,Vinícius José Paixão de Oliveira Júnior,Attacker,right,4,6.9925,0.3970333694369401,"[{'season_label': '2017/2018', 'appearances': 1, 'avg_score': 7.66, 'avg_vaep': 0.53}, {'season_label': '2018/2019', 'appearances': 1, 'avg_score': 7.04, 'avg_vaep': 0.54}, {'season_label': '2019/2020', 'appearances': 2, 'avg_score': 6.63, 'avg_vaep': 0.26}]","{'2017/2018': 28, '2018/2019': 25, '2019/2020': 20}"
89da20a8-a13c-626a-8d54-8921efab2754,18620,Sergio Reguilón Rodríguez,Defender,left,3,6.6000000000000005,0.6796509948944731,"[{'season_label': '2017/2018', 'appearances': 1, 'avg_score': 6.51, 'avg_vaep': 0.84}, {'season_label': '2018/2019', 'appearances': 2, 'avg_score': 6.64, 'avg_vaep': 0.6}]","{'2017/2018': 23, '2018/2019': 23}"
02e6120e-4959-b0e4-f86d-16e2ef8f921d,35404,Jokin Ezkieta Mendiburu,Midfielder,,0,,,[],"{'2017/2018': 31, '2019/2020': 13}"
fe50ae64-d08d-4f82-45aa-abc55d1baf79,11296,Óscar Plano Pedreño,Attacker,left,5,6.078,0.31805000442036546,"[{'season_label': '2017/2018', 'appearances': 1, 'avg_score': 6.02, 'avg_vaep': 0.19}, {'season_label': '2018/2019', 'appearances': 2, 'avg_score': 6.07, 'avg_vaep': 0.45}, {'season_label': '2019/2020', 'appearances': 2, 'avg_score': 6.12, 'avg_vaep': 0.25}]","{'2017/2018': 10, '2018/2019': 10, '2019/2020': 10}"
836082d5-49f4-deda-7637-7758afa279f6,11300,Rubén Alcaraz Jiménez,Midfielder,right,4,6.22,0.5793923137061938,"[{'season_label': '2017/2018', 'appearances': 1, 'avg_score': 6.42, 'avg_vaep': 1.14}, {'season_label': '2018/2019', 'appearances': 1, 'avg_score': 6.0, 'avg_vaep': -0.04}, {'season_label': '2019/2020', 'appearances': 2, 'avg_score': 6.23, 'avg_vaep': 0.61}]","{'2017/2018': 14, '2018/2019': 14, '2019/2020': 14}"
af28037d-c21f-edb6-8cf5-3f8f0f8f5b70,30519,Mohamed Salisu,Defender,left,1,6.0,0.13341773063802975,"[{'season_label': '2018/2019', 'appearances': 1, 'avg_score': 6.0, 'avg_vaep': 0.13}]","{'2017/2018': 28, '2018/2019': 27}"
f6b19256-4928-a134-8da4-91c4987e08c4,41126,Samuel Pérez Fariña,Midfielder,,0,,,[],"{'2017/2018': 26, '2019/2020': 26}"
6097d8f3-7142-0574-0f30-debe1166744e,6790,Mario Hermoso Canseco,Defender,left,5,6.254,0.5021352008305258,"[{'season_label': '2017/2018', 'appearances': 1, 'avg_score': 6.05, 'avg_vaep': 0.33}, {'season_label': '2018/2019', 'appearances': 1, 'avg_score': 6.17, 'avg_vaep': 0.68}, {'season_label': '2019/2020', 'appearances': 2, 'avg_score': 6.53, 'avg_vaep': 0.58}, {'season_label': '2020/2021', 'appearances': 1, 'avg_score': 6.0, 'avg_vaep': 0.35}]","{'2017/2018': 22, '2018/2019': 22, '2019/2020': 22, '2020/2021': 22}"
ac10ff19-41c5-40cd-87c1-07330996f4f6,10323,Alfa Semedo Esteves,Midfielder,right,1,6.0,0.01872718800586881,"[{'season_label': '2017/2018', 'appearances': 1, 'avg_score': 6.0, 'avg_vaep': 0.02}]",{'2017/2018': 2}
e7cd2262-4d24-39f8-32cb-d30d91600da6,22287,Adrià Giner Pedrosa,Defender,left,1,6.0,0.29845322811524966,"[{'season_label': '2017/2018', 'appearances': 1, 'avg_score': 6.0, 'avg_vaep': 0.3}]","{'2017/2018': 28, '2018/2019': 3}"
38b8e8fe-30cd-2f6f-7e79-f6be6905fabb,23343,Lei Wu,Midfielder,right,3,6.0,0.03285834501063315,"[{'season_label': '2017/2018', 'appearances': 1, 'avg_score': 6.0, 'avg_vaep': 0.07}, {'season_label': '2018/2019', 'appearances': 2, 'avg_score': 6.0, 'avg_vaep': 0.02}]","{'2017/2018': 24, '2018/2019': 7}"
1ddfa4cc-dcea-5313-0b50-0eaabb190e4b,8118,Frenkie de Jong,Midfielder,right,58,7.013793103448276,0.37977831637425846,"[{'season_label': '2018/2019', 'appearances': 24, 'avg_score': 6.7, 'avg_vaep': 0.4}, {'season_label': '2019/2020', 'appearances': 34, 'avg_score': 7.24, 'avg_vaep': 0.37}]","{'2018/2019': 21, '2019/2020': 21}"
1fa19a98-3162-22ab-4bca-c1af0412e2ab,20734,Sergio Akieme Rodríguez,Midfielder,,0,,,[],{'2018/2019': 39}
d3e2fe4a-c956-8e0b-59ad-61ccbc933906,30756,Anssumane Fati,Attacker,right,28,6.628214285714286,0.08005564830617524,"[{'season_label': '2018/2019', 'appearances': 21, 'avg_score': 6.5, 'avg_vaep': 0.09}, {'season_label': '2019/2020', 'appearances': 7, 'avg_score': 7.03, 'avg_vaep': 0.04}]","{'2018/2019': 31, '2019/2020': 22}"
a569398d-13eb-87b1-4276-380d2921ddbc,6910,Eduardo Expósito Jaén,Midfielder,right,2,6.035,0.4284244592190589,"[{'season_label': '2018/2019', 'appearances': 2, 'avg_score': 6.04, 'avg_vaep': 0.43}]",{'2018/2019': 10}
11f4d42b-4cdf-a5e9-835e-f754c2d022c2,23803,Esteban Rodrigo Burgos,Defender,right,1,6.0,0.21524604968362837,"[{'season_label': '2018/2019', 'appearances': 1, 'avg_score': 6.0, 'avg_vaep': 0.22}]",{'2018/2019': 2}
bf232372-1874-76bd-5b81-46e467fa85dc,23808,Enrique González Casín,Attacker,right,1,6.03,0.11058488036360359,"[{'season_label': '2018/2019', 'appearances': 1, 'avg_score': 6.03, 'avg_vaep': 0.11}]",{'2018/2019': 7}
4e917403-df8b-824e-23b6-c31598d67af6,23981,Álvaro Tejero Sacristán,Defender,right,1,6.08,0.7469903827550297,"[{'season_label': '2018/2019', 'appearances': 1, 'avg_score': 6.08, 'avg_vaep': 0.75}]",{'2018/2019': 24}
e8bf0f27-d70d-480d-3ab7-93bb7619aaa5,3139,Chidozie Collins Awaziem,Defender,right,1,6.0,0.2641880246155779,"[{'season_label': '2018/2019', 'appearances': 1, 'avg_score': 6.0, 'avg_vaep': 0.26}]",{'2018/2019': 12}
478d0444-7429-f265-a85d-7568b0a602b5,6851,Aitor Ruibal García,Attacker,right,3,6.05,0.25753183628209325,"[{'season_label': '2018/2019', 'appearances': 1, 'avg_score': 6.15, 'avg_vaep': 0.37}, {'season_label': '2019/2020', 'appearances': 2, 'avg_score': 6.0, 'avg_vaep': 0.2}]","{'2018/2019': 19, '2019/2020': 24}"
f6b22303-0ef2-3989-f9db-d90e0efdc3d3,16024,Roger Claver Assalé Djapone,Attacker,right,1,6.09,0.2658039611415006,"[{'season_label': '2018/2019', 'appearances': 1, 'avg_score': 6.09, 'avg_vaep': 0.27}]",{'2018/2019': 20}
88213680-5149-3f54-97eb-23fa0f708dcd,22418,Bryan Gil Salvatierra,Midfielder,left,1,6.0,0.07897913130364032,"[{'season_label': '2018/2019', 'appearances': 1, 'avg_score': 6.0, 'avg_vaep': 0.08}]",{'2018/2019': 26}
ce3a4d33-ebe8-4e70-d793-04519c54d9f0,30798,Javier Avilés Cortés,Midfielder,,0,,,[],{'2018/2019': 33}
59c0c126-ecf2-a145-0da7-7dd2a3fcbf09,37006,Pablo Lombo Suárez,Midfielder,,0,,,[],{'2018/2019': 35}
f25077a3-9c1a-addc-902d-97e5832940ae,41291,Iván Amores Alonso,Midfielder,,0,,,[],{'2018/2019': 36}
2ff9dc13-024f-20c0-d3cf-1f9474c5a03f,24949,Álex Collado Gutiérrez,Defender,left,1,6.0,0.0016529786189494189,"[{'season_label': '2018/2019', 'appearances': 1, 'avg_score': 6.0, 'avg_vaep': 0.0}]","{'2018/2019': 30, '2019/2020': 30}"
bfc73dd2-bd4d-a1dd-a729-c02c9cfa4dea,32480,Ronald Federico Araújo da Silva,Defender,right,27,6.305185185185185,0.14831277679257726,"[{'season_label': '2018/2019', 'appearances': 6, 'avg_score': 6.45, 'avg_vaep': 0.22}, {'season_label': '2019/2020', 'appearances': 21, 'avg_score': 6.26, 'avg_vaep': 0.13}]","{'2018/2019': 33, '2019/2020': 4}"
56a09a83-3441-13cb-847c-81a3306809d5,41122,Ramón Rodríguez Jiménez,Midfielder,,0,,,[],{'2018/2019': 42}
cf9ad2ca-6526-5e31-7956-44dfe32958db,41543,Jorge Cuenca Barreno,Midfielder,,0,,,[],{'2018/2019': 43}
8c39b276-9d34-91e8-1f42-c162bc8e30d5,41641,Daniel Morer Cabrera,Midfielder,,0,,,[],{'2018/2019': 35}
2cc73b24-0831-05c3-d488-cc61b606d4f0,5194,Fyodor Smolov,Attacker,right,1,7.69,0.2622428716131253,"[{'season_label': '2018/2019', 'appearances': 1, 'avg_score': 7.69, 'avg_vaep': 0.26}]",{'2018/2019': 9}
9381fc93-ad66-f9ec-4b2e-ef71147a6665,6310,Filip Bradarić,Midfielder,right,1,6.0,0.05429319822360412,"[{'season_label': '2018/2019', 'appearances': 1, 'avg_score': 6.0, 'avg_vaep': 0.05}]",{'2018/2019': 14}
38263fe4-cbb8-3c78-8f84-dfca014e5502,16555,Joseph Aidoo,Defender,right,3,6.0,0.005408599544049745,"[{'season_label': '2018/2019', 'appearances': 2, 'avg_score': 6.0, 'avg_vaep': -0.11}, {'season_label': '2019/2020', 'appearances': 1, 'avg_score': 6.0, 'avg_vaep': 0.23}]","{'2018/2019': 18, '2019/2020': 18}"
4f0b9b0d-38ad-088f-9b2c-b09ca561ef24,24273,Jorge Sáenz de Miera Colmeiro,Defender,right,1,6.0,0.23600764873845037,"[{'season_label': '2018/2019', 'appearances': 1, 'avg_score': 6.0, 'avg_vaep': 0.24}]",{'2018/2019': 16}
ad4064ed-89c0-7979-5893-aed6055c1a90,25014,Juan Hernández García,Midfielder,,0,,,[],{'2018/2019': 7}
efe71abc-27e9-e9e5-3488-787ae6a17c6d,28194,Dragan Rosić,Midfielder,,0,,,[],{'2018/2019': 40}
708f29ec-20d1-62af-d5d0-f6e9506c3933,30294,Gabriel Matías Fernández Leites,Midfielder,right,1,6.0,0.04394177433641744,"[{'season_label': '2018/2019', 'appearances': 1, 'avg_score': 6.0, 'avg_vaep': 0.04}]",{'2018/2019': 19}
44374c1f-0eba-d6dc-4895-1e6c20c25806,32815,Sergio Bermejo Lillo,Midfielder,,0,,,[],{'2018/2019': 28}
ce28c97d-cd83-81b7-d5a0-93ffd1deae38,35000,José Manuel Fontán Mondragón,Defender,left,1,6.0,0.554468105401611,"[{'season_label': '2019/2020', 'appearances': 1, 'avg_score': 6.0, 'avg_vaep': 0.55}]","{'2018/2019': 31, '2019/2020': 29}"
75d26d22-ba86-382e-216c-f0f2ddd92745,41116,Jacobo González Rodrigañez,Defender,right,1,6.0,0.9293448979697132,"[{'season_label': '2018/2019', 'appearances': 1, 'avg_score': 6.0, 'avg_vaep': 0.93}]",{'2018/2019': 29}
37968ad1-96a5-085f-5ed9-1e58df8c2cef,3804,Ferland Mendy,Defender,left,3,6.289999999999999,0.4598243613490922,"[{'season_label': '2018/2019', 'appearances': 1, 'avg_score': 6.6, 'avg_vaep': 0.5}, {'season_label': '2019/2020', 'appearances': 2, 'avg_score': 6.13, 'avg_vaep': 0.44}]","{'2018/2019': 23, '2019/2020': 23}"
96f2d606-9db8-ad89-5c34-e2285d25c0ed,6319,Luka Jović,Midfielder,,0,,,[],"{'2018/2019': 18, '2019/2020': 18}"
c0cb3720-a75a-e4f0-6cab-3cd260c7be14,13620,Éder Gabriel Militão,Defender,right,1,6.11,0.3673312686114514,"[{'season_label': '2019/2020', 'appearances': 1, 'avg_score': 6.11, 'avg_vaep': 0.37}]","{'2018/2019': 3, '2019/2020': 3}"
debcaf71-bee6-f024-1371-e32f2620b2dd,25104,Rodrygo Silva de Goes,Attacker,right,2,6.0,0.10120562721203896,"[{'season_label': '2018/2019', 'appearances': 1, 'avg_score': 6.0, 'avg_vaep': 0.06}, {'season_label': '2019/2020', 'appearances': 1, 'avg_score': 6.0, 'avg_vaep': 0.14}]","{'2018/2019': 27, '2019/2020': 25}"
92a08bf9-18f4-4ccd-9614-77be30023da1,3141,André-Frank Zambo Anguissa,Midfielder,right,2,6.145,0.5651767877525344,"[{'season_label': '2018/2019', 'appearances': 2, 'avg_score': 6.14, 'avg_vaep': 0.57}]",{'2018/2019': 19}
f2f44698-0d8e-971e-f3da-97af089481c3,6892,Pau Francisco Torres,Defender,left,4,6.3475,0.1371594325305523,"[{'season_label': '2018/2019', 'appearances': 2, 'avg_score': 6.34, 'avg_vaep': 0.07}, {'season_label': '2019/2020', 'appearances': 2, 'avg_score': 6.36, 'avg_vaep': 0.21}]","{'2018/2019': 4, '2019/2020': 4}"
06df3703-b8d7-9104-18d9-00604aa1bf86,20063,Javier Ontiveros Parra,Attacker,right,3,6.3,0.21161167861100694,"[{'season_label': '2018/2019', 'appearances': 1, 'avg_score': 6.05, 'avg_vaep': 0.24}, {'season_label': '2019/2020', 'appearances': 2, 'avg_score': 6.42, 'avg_vaep': 0.2}]","{'2018/2019': 24, '2019/2020': 15}"
4ee81d87-9599-72ec-4f7d-90fae46639f5,24861,Andrei Florin Ratiu,Midfielder,,0,,,[],{'2018/2019': 27}
21cf1e2c-7605-ae77-ecec-eed18a7e2c96,15737,Sergio Lozano Lluch,Midfielder,,0,,,[],{'2018/2019': 28}
177584dc-329a-18de-a84b-742ed5e61909,34515,Fernando Niño Rodriguez,Attacker,right,1,6.0,0.2320878647151403,"[{'season_label': '2018/2019', 'appearances': 1, 'avg_score': 6.0, 'avg_vaep': 0.23}]","{'2018/2019': 34, '2019/2020': 34}"
d87b4975-632d-b148-3e0a-987baef53574,35287,Sofian Chakla,Defender,right,1,6.0,0.44035081373658613,"[{'season_label': '2019/2020', 'appearances': 1, 'avg_score': 6.0, 'avg_vaep': 0.44}]","{'2018/2019': 22, '2019/2020': 21}"
dac3de6c-87da-dcc7-bd2c-9a8326afc9ac,12020,Hernâni Jorge Santos Fortes,Midfielder,left,1,6.0,0.03393123604473658,"[{'season_label': '2018/2019', 'appearances': 1, 'avg_score': 6.0, 'avg_vaep': 0.03}]",{'2018/2019': 8}
b0dfd1bb-adca-4092-f9d1-4d7a74085df0,38251,Daniel Cárdenas Lindez,Midfielder,,0,,,[],"{'2018/2019': 26, '2019/2020': 34}"
3e9f7c16-bd1c-dea7-8f8e-2eea72dfdfbe,7361,Pablo Chavarría,Midfielder,,0,,,[],{'2018/2019': 19}
2711ab32-f69d-23c5-46d5-411382c724a6,8654,Ante Budimir,Attacker,left,4,6.5975,0.273107888215236,"[{'season_label': '2018/2019', 'appearances': 2, 'avg_score': 6.92, 'avg_vaep': 0.38}, {'season_label': '2019/2020', 'appearances': 2, 'avg_score': 6.28, 'avg_vaep': 0.17}]","{'2018/2019': 22, '2019/2020': 17}"
29056bc4-790a-f32a-a845-8e3fbc737485,8689,Aleksandar Sedlar,Midfielder,,0,,,[],{'2018/2019': 20}
d7b1c47b-71f1-71fe-f9e0-8f241c46f8c3,23986,Aleix Febas Pérez,Attacker,right,1,6.31,0.5396870514159673,"[{'season_label': '2018/2019', 'appearances': 1, 'avg_score': 6.31, 'avg_vaep': 0.54}]",{'2018/2019': 23}
e9947b97-0456-f26d-d9fe-5f427ded41fa,24067,Abdón Prats Bastidas,Attacker,left,2,6.0,0.03925061119844031,"[{'season_label': '2018/2019', 'appearances': 2, 'avg_score': 6.0, 'avg_vaep': 0.04}]",{'2018/2019': 9}
fbcb0373-87e8-21a6-b189-8467b076c0d5,24083,Manuel Reina Rodríguez,GK,right,2,6.220000000000001,0.299487216725538,"[{'season_label': '2018/2019', 'appearances': 2, 'avg_score': 6.22, 'avg_vaep': 0.3}]",{'2018/2019': 1}
7a6cf796-456b-6d7c-4c2b-de93dd17c682,24084,Martin Valjent,Defender,right,2,6.0,0.43585167063338304,"[{'season_label': '2018/2019', 'appearances': 2, 'avg_score': 6.0, 'avg_vaep': 0.44}]",{'2018/2019': 24}
5859953a-451c-4084-4726-60061581b8cc,24087,Iddrisu Baba Mohammed,Midfielder,right,2,6.005,0.3729442512803871,"[{'season_label': '2018/2019', 'appearances': 2, 'avg_score': 6.0, 'avg_vaep': 0.37}]",{'2018/2019': 12}
f01a3507-09f0-93f9-fd14-40329470e701,24088,Daniel José Rodríguez Vázquez,Midfielder,right,2,6.755000000000001,0.8212103801233752,"[{'season_label': '2018/2019', 'appearances': 2, 'avg_score': 6.76, 'avg_vaep': 0.82}]",{'2018/2019': 14}
9d01f88c-4721-c244-6742-84dbfc79ab77,24089,Joan Sastre Vanrell,Defender,right,2,6.0600000000000005,0.13645935068825565,"[{'season_label': '2018/2019', 'appearances': 2, 'avg_score': 6.06, 'avg_vaep': 0.14}]",{'2018/2019': 2}
7f2bbe4b-ef9d-f4c8-b49a-5603e31b0022,24576,Francisco Gámez López,Defender,right,2,6.015000000000001,0.37513097604824,"[{'season_label': '2018/2019', 'appearances': 2, 'avg_score': 6.02, 'avg_vaep': 0.38}]",{'2018/2019': 15}
2fb5f913-6531-7758-045d-b9f19df5a522,25061,Francisco Javier Campos Coll,Midfielder,,0,,,[],{'2018/2019': 5}
58117c3b-d751-aef4-82be-0d07b465f6a5,31090,Takefusa Kubo,Attacker,left,4,6.505,0.4917045353549838,"[{'season_label': '2018/2019', 'appearances': 2, 'avg_score': 6.83, 'avg_vaep': 0.39}, {'season_label': '2019/2020', 'appearances': 2, 'avg_score': 6.17, 'avg_vaep': 0.6}]","{'2018/2019': 26, '2019/2020': 16}"
169be908-d18f-f838-9629-2dd6de0df58c,6330,Adnan Januzaj,Attacker,left,5,6.1259999999999994,0.10284508246986661,"[{'season_label': '2018/2019', 'appearances': 1, 'avg_score': 6.0, 'avg_vaep': 0.12}, {'season_label': '2019/2020', 'appearances': 2, 'avg_score': 6.2, 'avg_vaep': 0.2}, {'season_label': '2020/2021', 'appearances': 2, 'avg_score': 6.12, 'avg_vaep': -0.0}]","{'2018/2019': 11, '2019/2020': 11, '2020/2021': 8}"
88b05733-4964-aecf-7cc0-34c38011add0,8252,Martin Ødegaard,Midfielder,left,2,6.97,0.864634382436634,"[{'season_label': '2018/2019', 'appearances': 2, 'avg_score': 6.97, 'avg_vaep': 0.86}]",{'2018/2019': 21}
4c07fe24-7712-49c3-43e7-0c32289c1192,8819,Alexander Isak,Attacker,right,4,7.145,0.2771791660870804,"[{'season_label': '2018/2019', 'appearances': 2, 'avg_score': 7.4, 'avg_vaep': 0.4}, {'season_label': '2019/2020', 'appearances': 2, 'avg_score': 6.88, 'avg_vaep': 0.15}]","{'2018/2019': 19, '2019/2020': 19}"
0740bb92-e583-cd2b-88ec-7c59f985cb41,10709,Modibo Sagnan,Defender,left,2,6.0,0.05174959963187575,"[{'season_label': '2019/2020', 'appearances': 2, 'avg_score': 6.0, 'avg_vaep': 0.05}]","{'2018/2019': 15, '2019/2020': 15}"
5e009640-2339-4485-52f8-dff7015d901d,24236,Ander Guevara Lajo,Midfielder,right,4,6.4225,0.5978275723391562,"[{'season_label': '2018/2019', 'appearances': 2, 'avg_score': 6.83, 'avg_vaep': 0.75}, {'season_label': '2019/2020', 'appearances': 2, 'avg_score': 6.02, 'avg_vaep': 0.45}]","{'2018/2019': 16, '2019/2020': 16}"
6008ee39-96ca-f132-da3a-30be8a14dc73,33164,Vicente Esquerdo Santas,Midfielder,,0,,,[],"{'2018/2019': 34, '2019/2020': 26}"
440dcd6e-5673-eeb0-1ed7-f1a0a6759100,36900,Cristian Rivero Sabater,Midfielder,,0,,,[],"{'2018/2019': 28, '2019/2020': 25}"
c2a784a6-cda7-26ef-5f84-5e9192adb64b,39159,Arnau Tenas Ureña,Midfielder,,0,,,[],"{'2018/2019': 36, '2019/2020': 36}"
486fbd76-1bfa-5400-7223-24fdc9822adc,6591,Ignacio Vidal Miralles,Defender,right,3,6.03,0.30487111080280255,"[{'season_label': '2018/2019', 'appearances': 1, 'avg_score': 6.0, 'avg_vaep': 0.16}, {'season_label': '2019/2020', 'appearances': 2, 'avg_score': 6.04, 'avg_vaep': 0.38}]","{'2018/2019': 2, '2019/2020': 2, '2020/2021': 30}"
4f1927ff-f6e0-9218-5d6a-6f4c8466e421,6810,José Manuel Arnáiz Díaz,Attacker,right,2,6.33,0.20245334618448396,"[{'season_label': '2018/2019', 'appearances': 1, 'avg_score': 6.66, 'avg_vaep': 0.33}, {'season_label': '2020/2021', 'appearances': 1, 'avg_score': 6.0, 'avg_vaep': 0.08}]","{'2018/2019': 16, '2020/2021': 37}"
549ce24f-b622-38d0-13a6-e222cb4d41d8,23213,Enric Gallego Puigsech,Attacker,,3,6.0,0.010060547743099354,"[{'season_label': '2018/2019', 'appearances': 1, 'avg_score': 6.0, 'avg_vaep': 0.02}, {'season_label': '2019/2020', 'appearances': 2, 'avg_score': 6.0, 'avg_vaep': 0.01}]","{'2018/2019': 11, '2019/2020': 19}"
62307312-1ba4-4a85-4dde-0a3b362e32f0,24085,Pervis Josué Estupiñán Tenorio,Defender,left,3,6.330000000000001,0.1329616402836109,"[{'season_label': '2018/2019', 'appearances': 1, 'avg_score': 6.49, 'avg_vaep': -0.03}, {'season_label': '2019/2020', 'appearances': 2, 'avg_score': 6.25, 'avg_vaep': 0.21}]","{'2018/2019': 30, '2019/2020': 15}"
5fc78eaa-477c-004f-02bd-794d43e3c378,24211,Sergio Herrera Pirón,GK,right,3,6.203333333333333,0.3754210480983602,"[{'season_label': '2018/2019', 'appearances': 1, 'avg_score': 6.18, 'avg_vaep': 0.37}, {'season_label': '2019/2020', 'appearances': 2, 'avg_score': 6.21, 'avg_vaep': 0.38}]","{'2018/2019': 1, '2019/2020': 1}"
2aed7be0-1bfa-e876-3e78-deedbeaa8b01,24212,Aridane Hernández Umpiérrez,Defender,right,2,6.04,0.5061726772237307,"[{'season_label': '2018/2019', 'appearances': 1, 'avg_score': 6.0, 'avg_vaep': 0.23}, {'season_label': '2019/2020', 'appearances': 1, 'avg_score': 6.08, 'avg_vaep': 0.78}]","{'2018/2019': 23, '2019/2020': 23}"
6005feaa-8fb6-73d5-92b2-f7a072385048,25062,Juan Manuel Pérez Ruiz,Midfielder,,0,,,[],"{'2018/2019': 25, '2019/2020': 25}"
3d888043-a179-cc34-14d5-69db712d8846,30277,Jon Moncayola Tollar,Midfielder,right,3,6.06,0.5508056287890213,"[{'season_label': '2018/2019', 'appearances': 1, 'avg_score': 6.0, 'avg_vaep': 0.7}, {'season_label': '2019/2020', 'appearances': 2, 'avg_score': 6.09, 'avg_vaep': 0.48}]","{'2018/2019': 27, '2019/2020': 27}"
cbd159e5-76d9-b7ed-e862-2c4fe355d50b,40114,Javier Martínez Calvo,Midfielder,,0,,,[],"{'2018/2019': 33, '2019/2020': 28}"
6087889e-f641-d40c-5804-fa52689c3398,40115,Aimar Oroz,Midfielder,,0,,,[],{'2018/2019': 34}
2506cb5b-b9ec-000b-a761-12982bb47dc2,41471,José Javier Hualde Zaratiegui,Midfielder,,0,,,[],{'2018/2019': 35}
0ffaca95-e3e5-242b-a109-7ad8a9a6e95d,3513,Oliver Burke,Midfielder,right,2,6.0,0.16388172424467484,"[{'season_label': '2018/2019', 'appearances': 2, 'avg_score': 6.0, 'avg_vaep': 0.16}]",{'2018/2019': 24}
2548a4ac-7ad6-eddd-035b-ced24ec6d964,5628,José Luis Rodríguez Francis,Midfielder,,0,,,[],{'2018/2019': 38}
2307ac1c-fee5-db3a-5402-aac9db25cc5d,10318,Ljubomir Fejsa,Midfielder,right,1,6.0,0.25110656549441046,"[{'season_label': '2018/2019', 'appearances': 1, 'avg_score': 6.0, 'avg_vaep': 0.25}]",{'2018/2019': 15}
8a1854f4-91c1-1482-630e-bb4135df2d2b,23263,Lisandro Magallán,Defender,right,1,6.0,0.3712133691442432,"[{'season_label': '2018/2019', 'appearances': 1, 'avg_score': 6.0, 'avg_vaep': 0.37}]",{'2018/2019': 6}
e16851c2-e51d-737d-0f6a-3b1529b93b26,24049,Luis Jesús Rioja González,Midfielder,left,4,6.2925,0.0740498571290118,"[{'season_label': '2018/2019', 'appearances': 2, 'avg_score': 6.0, 'avg_vaep': 0.06}, {'season_label': '2019/2020', 'appearances': 2, 'avg_score': 6.58, 'avg_vaep': 0.09}]","{'2018/2019': 11, '2019/2020': 11}"
b1282cad-ad27-f496-d668-0a5128a2814e,30419,Alberto Rodríguez Baró,Defender,right,2,6.0,0.26283503568720334,"[{'season_label': '2018/2019', 'appearances': 1, 'avg_score': 6.0, 'avg_vaep': 0.07}, {'season_label': '2019/2020', 'appearances': 1, 'avg_score': 6.0, 'avg_vaep': 0.45}]","{'2018/2019': 27, '2019/2020': 2}"
987b817c-af94-43a6-4771-fecd43472229,30760,Borja Sainz Eguskiza,Attacker,right,1,6.0,0.07530174401472323,"[{'season_label': '2019/2020', 'appearances': 1, 'avg_score': 6.0, 'avg_vaep': 0.08}]","{'2018/2019': 29, '2019/2020': 29}"
41934870-5183-d1c2-215c-bff57669cc36,37236,Aritz Castro Pérez,Midfielder,,0,,,[],{'2018/2019': 31}
af28a85a-546a-a039-0db3-d31fee2c6db4,41123,Paulino de la Fuente Gómez,Midfielder,,0,,,[],{'2018/2019': 32}
7c667fce-fbc8-afcb-8641-fd246d60c462,41125,Abdallahi Mohamed Mahmoud,Midfielder,right,1,6.0,0.12247738008591114,"[{'season_label': '2018/2019', 'appearances': 1, 'avg_score': 6.0, 'avg_vaep': 0.12}]",{'2018/2019': 36}
a45045ac-dffe-ec7b-92ea-019675da48fc,30225,Oihan Sancet Tirapu,Midfielder,right,1,6.0,0.24874193792493315,"[{'season_label': '2018/2019', 'appearances': 1, 'avg_score': 6.0, 'avg_vaep': 0.25}]","{'2018/2019': 34, '2019/2020': 16}"
68cc422a-92a2-5b49-f137-4a2b4820da29,30715,Gaizka Larrazabal Goikoetxea,Midfielder,,0,,,[],{'2018/2019': 12}
d9c4e98d-13df-a327-b5c9-8d7e00f933a0,32953,Asier Villalibre Molina,Attacker,left,2,6.0,0.186910529697343,"[{'season_label': '2018/2019', 'appearances': 1, 'avg_score': 6.0, 'avg_vaep': 0.08}, {'season_label': '2019/2020', 'appearances': 1, 'avg_score': 6.0, 'avg_vaep': 0.29}]","{'2018/2019': 25, '2019/2020': 20}"
f69b8572-3394-9c6a-7915-8d4bb7ab5061,35473,Unai Vencedor Paris,Midfielder,right,2,6.1850000000000005,0.10677044322164875,"[{'season_label': '2019/2020', 'appearances': 2, 'avg_score': 6.19, 'avg_vaep': 0.11}]","{'2018/2019': 27, '2019/2020': 27}"
0d21d741-c65d-5b13-2fa8-db59fcf73abc,41542,Daniel Vivian Moreno,Midfielder,,0,,,[],{'2018/2019': 29}
659c836a-3fdf-cb38-0e86-08d2241f5523,20735,Miguel De la Fuente Escudero,Midfielder,,0,,,[],{'2018/2019': 29}
9deac1b9-6590-67d9-2308-4003d2ee75ff,21225,Javier Sánchez de Felipe,Defender,right,3,6.09,0.4198250046223014,"[{'season_label': '2018/2019', 'appearances': 1, 'avg_score': 6.0, 'avg_vaep': 0.52}, {'season_label': '2019/2020', 'appearances': 2, 'avg_score': 6.13, 'avg_vaep': 0.37}]","{'2018/2019': 5, '2019/2020': 5}"
1fc3f4ca-c907-72f8-68f9-945a5d6a7a7a,24141,Federico San Emeterio Díaz,Midfielder,right,1,6.0,0.5942547860904597,"[{'season_label': '2018/2019', 'appearances': 1, 'avg_score': 6.0, 'avg_vaep': 0.59}]","{'2018/2019': 16, '2019/2020': 20}"
6e7d63d4-c467-dd61-45a0-626cb68f4ec4,24777,Waldo Rubio Martín,Attacker,right,3,6.04,0.06121972966260122,"[{'season_label': '2018/2019', 'appearances': 2, 'avg_score': 6.06, 'avg_vaep': 0.03}, {'season_label': '2019/2020', 'appearances': 1, 'avg_score': 6.0, 'avg_vaep': 0.12}]","{'2018/2019': 23, '2019/2020': 23}"
f00c0eeb-95f5-a928-c381-4bc3b3ee962b,24920,José Antonio Caro Díaz,Midfielder,,0,,,[],{'2018/2019': 13}
87c169ec-9594-6159-39b5-905714e3c355,29256,Matheus Fernandes Siqueira,Midfielder,,0,,,[],"{'2018/2019': 8, '2019/2020': 19}"
f7dff05e-5950-0468-b40f-51917bb695d1,34728,Diego Alende López,Midfielder,,0,,,[],{'2018/2019': 30}
a7c1543e-35a5-fbc3-8336-3e39ccb7701d,40881,Enrique Pérez Muñoz,Midfielder,left,2,6.29,0.814890351770373,"[{'season_label': '2018/2019', 'appearances': 1, 'avg_score': 6.58, 'avg_vaep': 1.32}, {'season_label': '2019/2020', 'appearances': 1, 'avg_score': 6.0, 'avg_vaep': 0.31}]","{'2018/2019': 28, '2019/2020': 8}"
a106cea5-c02e-d8a7-0b42-1831cc4e7192,41610,Víctor García Raja,Midfielder,,0,,,[],{'2018/2019': 35}
2ff053bc-4568-8d7f-c628-eb4bd8b9417d,22128,Robin Aime Robert Le Normand,Defender,right,3,6.136666666666667,0.4958508137224271,"[{'season_label': '2018/2019', 'appearances': 1, 'avg_score': 6.32, 'avg_vaep': 0.54}, {'season_label': '2019/2020', 'appearances': 2, 'avg_score': 6.04, 'avg_vaep': 0.47}]","{'2018/2019': 24, '2019/2020': 24}"
c967fb65-4df4-1177-901d-1f5f135bf9e6,30420,Víctor Campuzano Bonilla,Midfielder,left,1,6.0,0.1372537489005481,"[{'season_label': '2018/2019', 'appearances': 1, 'avg_score': 6.0, 'avg_vaep': 0.14}]",{'2018/2019': 31}
dfd5301d-ee68-8bb8-03b0-08e9db07b715,30421,Matías Ezequiel Vargas Martín,Midfielder,right,1,6.0,0.0032132980595633853,"[{'season_label': '2018/2019', 'appearances': 1, 'avg_score': 6.0, 'avg_vaep': 0.0}]",{'2018/2019': 22}
6b1e4ccd-d469-e7c0-f441-1a468b7910f7,31885,Pol Lozano Vizuete,Midfielder,right,1,6.0,0.4950849548986298,"[{'season_label': '2018/2019', 'appearances': 1, 'avg_score': 6.0, 'avg_vaep': 0.5}]",{'2018/2019': 26}
a6a2b3e3-c656-9e69-afe1-e025d0ff8d1f,32670,Víctor Gómez Perea,Defender,right,2,6.105,0.41181168671937485,"[{'season_label': '2018/2019', 'appearances': 2, 'avg_score': 6.11, 'avg_vaep': 0.41}]",{'2018/2019': 34}
0e5b1c1f-0795-1111-a99a-8b8a7a6b58b1,41456,Nicolás Melamed Ribaudo,Midfielder,,0,,,[],{'2018/2019': 33}
805ab6f0-598e-9b79-0f80-d1d1eaebbe9c,41603,Daniel Villahermosa Martínez,Midfielder,,0,,,[],{'2018/2019': 38}
c4b43ae0-17af-4001-c519-3d310bf00942,3308,Kieran Trippier,Defender,right,3,6.419999999999999,0.5813591306032322,"[{'season_label': '2018/2019', 'appearances': 1, 'avg_score': 6.14, 'avg_vaep': 1.08}, {'season_label': '2019/2020', 'appearances': 2, 'avg_score': 6.56, 'avg_vaep': 0.33}]","{'2018/2019': 23, '2019/2020': 23}"
daea32ad-cae6-abcb-5481-34fa98f139f9,5575,Héctor Miguel Herrera López,Midfielder,right,1,6.59,0.1530755762487388,"[{'season_label': '2018/2019', 'appearances': 1, 'avg_score': 6.59, 'avg_vaep': 0.15}]","{'2018/2019': 16, '2019/2020': 16}"
7d5c5d75-2a36-bf2c-89c4-e8a2467aad13,11167,Felipe Augusto de Almeida Monteiro,Defender,right,4,6.01,0.22817197772565123,"[{'season_label': '2018/2019', 'appearances': 2, 'avg_score': 6.02, 'avg_vaep': 0.15}, {'season_label': '2019/2020', 'appearances': 2, 'avg_score': 6.0, 'avg_vaep': 0.3}]","{'2018/2019': 18, '2019/2020': 18}"
aa1f5f73-327b-a40d-47eb-ce155e785aaf,12041,João Félix Sequeira,Attacker,right,4,6.22,0.5236944438584032,"[{'season_label': '2018/2019', 'appearances': 2, 'avg_score': 6.08, 'avg_vaep': 0.37}, {'season_label': '2019/2020', 'appearances': 2, 'avg_score': 6.36, 'avg_vaep': 0.68}]","{'2018/2019': 7, '2019/2020': 7}"
83870fb9-2477-0546-76ff-da84e1e22f9f,26532,Renan Augusto Lodi dos Santos,Defender,left,2,6.135,0.30977437080309755,"[{'season_label': '2018/2019', 'appearances': 2, 'avg_score': 6.13, 'avg_vaep': 0.31}]","{'2018/2019': 12, '2019/2020': 12}"
e0823ffa-fcbd-c34f-a714-0049fbe02f70,33339,Manuel Sánchez De La Peña,Defender,left,1,6.07,0.3056652646046132,"[{'season_label': '2019/2020', 'appearances': 1, 'avg_score': 6.07, 'avg_vaep': 0.31}]","{'2018/2019': 35, '2019/2020': 39}"
652d0eea-3ab8-a9af-d871-9cc584253a4c,34532,Ivan Šaponjić,Midfielder,,0,,,[],"{'2018/2019': 17, '2019/2020': 17}"
14921c9b-9789-c4f2-80a7-151316c93775,41732,Ricard Sánchez Sendra,Midfielder,,0,,,[],"{'2018/2019': 42, '2019/2020': 29}"
5c27c063-fe21-97bc-ca96-d018127e66f3,41733,Álvaro García Segovia,Midfielder,,0,,,[],{'2018/2019': 26}
5bf23052-a73a-9ccd-5f3d-5d82b4ba148a,24730,Lucas René Olaza Catrofe,Defender,left,3,6.203333333333333,0.19560427272153902,"[{'season_label': '2018/2019', 'appearances': 1, 'avg_score': 6.33, 'avg_vaep': 0.19}, {'season_label': '2019/2020', 'appearances': 2, 'avg_score': 6.14, 'avg_vaep': 0.2}]","{'2018/2019': 15, '2019/2020': 15}"
47842305-6f09-42a4-6405-2ccc8e0d064d,17520,Federico Barba,Defender,left,1,6.41,0.5465390667504835,"[{'season_label': '2018/2019', 'appearances': 1, 'avg_score': 6.41, 'avg_vaep': 0.55}]",{'2018/2019': 3}
3d94cbef-e10d-a742-f85b-9c48ffa71f54,32673,Jorge De Frutos Sebastián,Midfielder,right,2,6.38,0.5977185183855909,"[{'season_label': '2019/2020', 'appearances': 2, 'avg_score': 6.38, 'avg_vaep': 0.6}]","{'2018/2019': 12, '2019/2020': 18}"
a2d10d35-5cde-bc87-9e4f-c6ecc6f63dd7,3122,Yannis Salibur,Midfielder,left,1,6.0,0.07847638558450853,"[{'season_label': '2018/2019', 'appearances': 1, 'avg_score': 6.0, 'avg_vaep': 0.08}]",{'2018/2019': 16}
d84ca991-b2db-cb8e-6d8e-48e00f80dfd1,24079,Júnior Wakalibille Lago,Midfielder,right,1,6.0,-0.2447555870821816,"[{'season_label': '2018/2019', 'appearances': 1, 'avg_score': 6.0, 'avg_vaep': -0.24}]",{'2018/2019': 11}
1e9c38cf-df8d-2ed4-e7c3-ab276f7bf452,24269,Marc Pedraza Sarto,Midfielder,right,1,6.0,0.1765773865954543,"[{'season_label': '2018/2019', 'appearances': 1, 'avg_score': 6.0, 'avg_vaep': 0.18}]",{'2018/2019': 6}
3dc73c26-4586-fe88-3a5d-f28308893b46,24613,Alejandro Pozo Pozo,Defender,right,1,6.44,-0.24891642607326503,"[{'season_label': '2018/2019', 'appearances': 1, 'avg_score': 6.44, 'avg_vaep': -0.25}]","{'2018/2019': 7, '2019/2020': 17}"
8ce77501-1594-ec03-637d-00941664b79c,25595,Miquel Parera Pizá,Midfielder,,0,,,[],{'2018/2019': 25}
534399ab-7a01-10c8-822b-1d08b4f8d1d4,30512,Aleksandar Trajkovski,Midfielder,,0,,,[],{'2018/2019': 17}
2751fae7-7b24-c373-82cf-6464173d145e,6848,Andrés Tomás Prieto Albert,GK,right,1,6.0,0.14886672336797346,"[{'season_label': '2020/2021', 'appearances': 1, 'avg_score': 6.0, 'avg_vaep': 0.15}]","{'2018/2019': 1, '2020/2021': 25}"
2f254e66-097f-d653-a5ca-4cfdb33be358,6930,Jonathan Calleri,Attacker,right,4,6.8275,0.29757034533258775,"[{'season_label': '2018/2019', 'appearances': 1, 'avg_score': 6.24, 'avg_vaep': 0.34}, {'season_label': '2019/2020', 'appearances': 1, 'avg_score': 7.01, 'avg_vaep': -0.23}, {'season_label': '2020/2021', 'appearances': 2, 'avg_score': 7.03, 'avg_vaep': 0.54}]","{'2018/2019': 12, '2019/2020': 16, '2020/2021': 9}"
b0169350-cd35-566c-47ba-83c6ec1d6f82,3218,Marcos Paulo Mesquita Lopes,Midfielder,,0,,,[],{'2018/2019': 7}
07f75d91-4491-2970-de5a-09f5a305e10c,3366,Diego Carlos Santos Silva,Defender,right,4,6.115,0.24209769820254223,"[{'season_label': '2018/2019', 'appearances': 2, 'avg_score': 6.0, 'avg_vaep': 0.35}, {'season_label': '2019/2020', 'appearances': 2, 'avg_score': 6.22, 'avg_vaep': 0.14}]","{'2018/2019': 20, '2019/2020': 20}"
e8aac012-3120-0e7e-f318-b9db75c72695,4345,Lucas Ariel Ocampos,Attacker,right,3,6.326666666666667,0.4491076226149744,"[{'season_label': '2018/2019', 'appearances': 2, 'avg_score': 6.49, 'avg_vaep': 0.55}, {'season_label': '2019/2020', 'appearances': 1, 'avg_score': 6.0, 'avg_vaep': 0.25}]","{'2018/2019': 5, '2019/2020': 5}"
580796a8-88df-897b-3809-7bd6c1fdaa96,4445,Jules Koundé,Defender,right,3,6.62,0.27481372278574173,"[{'season_label': '2018/2019', 'appearances': 1, 'avg_score': 6.13, 'avg_vaep': 0.19}, {'season_label': '2019/2020', 'appearances': 2, 'avg_score': 6.87, 'avg_vaep': 0.32}]","{'2018/2019': 12, '2019/2020': 12}"
5ecc4617-cc84-104f-472d-b907a80372a0,16003,Fernando Francisco Reges,Midfielder,right,4,6.035,0.47526555207650745,"[{'season_label': '2018/2019', 'appearances': 2, 'avg_score': 6.01, 'avg_vaep': 0.41}, {'season_label': '2019/2020', 'appearances': 2, 'avg_score': 6.06, 'avg_vaep': 0.54}]","{'2018/2019': 25, '2019/2020': 25}"
d758d419-023e-5a22-8ec6-96e53c735f17,16489,Nemanja Gudelj,Midfielder,right,2,6.0,0.08185652416068478,"[{'season_label': '2018/2019', 'appearances': 1, 'avg_score': 6.0, 'avg_vaep': 0.04}, {'season_label': '2019/2020', 'appearances': 1, 'avg_score': 6.0, 'avg_vaep': 0.13}]","{'2018/2019': 17, '2019/2020': 6}"
93fbe03d-0e7b-762d-188a-63f89bc1b75f,20033,Luuk de Jong,Attacker,right,4,6.4575,0.20594286732693945,"[{'season_label': '2018/2019', 'appearances': 2, 'avg_score': 6.58, 'avg_vaep': 0.29}, {'season_label': '2019/2020', 'appearances': 2, 'avg_score': 6.33, 'avg_vaep': 0.12}]","{'2018/2019': 19, '2019/2020': 9}"
22441438-88b2-2cce-d378-fcd1c6ff4695,33146,José Mena Rodríguez,Midfielder,,0,,,[],{'2018/2019': 26}
d929b8f8-a107-d3da-0fef-86743fe142f2,33307,Genaro Rodríguez Serrano,Midfielder,,0,,,[],{'2018/2019': 36}
874b8b4b-430d-2a66-2258-ad7d9fc2e5b6,41409,Pablo Pérez Rico,Midfielder,,0,,,[],{'2018/2019': 40}
cd1d1e4b-8a04-6310-2b60-a63a1a8b67fc,41408,Javier Enrique Delgado Saverio,Midfielder,,0,,,[],"{'2018/2019': 38, '2019/2020': 37}"
15c00b52-50dd-edaa-bc20-3b67f8b034fd,2948,Nabil Fekir,Midfielder,left,2,6.16,0.6038135192266054,"[{'season_label': '2018/2019', 'appearances': 1, 'avg_score': 6.16, 'avg_vaep': 0.67}, {'season_label': '2019/2020', 'appearances': 1, 'avg_score': 6.16, 'avg_vaep': 0.54}]","{'2018/2019': 8, '2019/2020': 8}"
e7ba959d-e901-f17d-3f72-929c945df002,26404,Guido Rodríguez,Midfielder,right,3,6.003333333333333,0.21920078361533038,"[{'season_label': '2018/2019', 'appearances': 1, 'avg_score': 6.0, 'avg_vaep': 0.3}, {'season_label': '2019/2020', 'appearances': 2, 'avg_score': 6.0, 'avg_vaep': 0.18}]","{'2018/2019': 21, '2019/2020': 21}"
6afb7eaa-0954-e4be-3ec1-0e608b0693be,30518,Daniel Martín Fernández,Midfielder,,0,,,[],{'2018/2019': 13}
95753ccc-84f4-2b13-3d6d-b84a22df8dd4,33079,Edgar González Estrada,Midfielder,,0,,,[],{'2018/2019': 32}
0ea71139-1df8-d060-f4f8-1141e192814e,6982,Maxime Gonalons,Midfielder,left,3,6.010000000000001,0.43213157932344376,"[{'season_label': '2018/2019', 'appearances': 2, 'avg_score': 6.02, 'avg_vaep': 0.59}, {'season_label': '2019/2020', 'appearances': 1, 'avg_score': 6.0, 'avg_vaep': 0.11}]","{'2018/2019': 4, '2019/2020': 4}"
483101a6-bc4e-6c46-a862-22eb65fbcb6a,8866,Carlos Fernández Luna,Attacker,left,4,6.08,0.9032842044953213,"[{'season_label': '2018/2019', 'appearances': 2, 'avg_score': 6.15, 'avg_vaep': 1.73}, {'season_label': '2019/2020', 'appearances': 2, 'avg_score': 6.01, 'avg_vaep': 0.08}]","{'2018/2019': 24, '2019/2020': 24}"
91991ec9-a7dc-08f0-47a2-00df0c0a7af0,16249,Yangel Clemente Herrera Ravelo,Midfielder,right,4,6.0,0.513341977366963,"[{'season_label': '2018/2019', 'appearances': 2, 'avg_score': 6.0, 'avg_vaep': 0.64}, {'season_label': '2019/2020', 'appearances': 2, 'avg_score': 6.0, 'avg_vaep': 0.39}]","{'2018/2019': 21, '2019/2020': 21}"
32584cb3-c0aa-494c-e217-4107b1c4b539,16538,İsmail Köybaşı,Midfielder,,0,,,[],{'2018/2019': 11}
1298377a-9275-7413-0249-fdab8e1d122a,23807,Domingos Sousa Coutinho Meneses Duarte,Defender,right,3,6.026666666666666,0.20926279061677633,"[{'season_label': '2018/2019', 'appearances': 2, 'avg_score': 6.0, 'avg_vaep': 0.21}, {'season_label': '2019/2020', 'appearances': 1, 'avg_score': 6.08, 'avg_vaep': 0.22}]","{'2018/2019': 22, '2019/2020': 22}"
3704d426-3d1f-0a0b-2bca-7bf7b4d64a58,24126,José Antonio Rodríguez Díaz,Attacker,right,3,6.236666666666667,0.3350548450853239,"[{'season_label': '2018/2019', 'appearances': 2, 'avg_score': 6.12, 'avg_vaep': 0.39}, {'season_label': '2019/2020', 'appearances': 1, 'avg_score': 6.47, 'avg_vaep': 0.23}]","{'2018/2019': 10, '2019/2020': 10}"
d46df85d-4497-780a-f548-c8c4a9e11270,24134,Germán Sánchez Barahona,Defender,right,4,6.0,0.3684888769148529,"[{'season_label': '2018/2019', 'appearances': 2, 'avg_score': 6.0, 'avg_vaep': 0.59}, {'season_label': '2019/2020', 'appearances': 2, 'avg_score': 6.0, 'avg_vaep': 0.14}]","{'2018/2019': 6, '2019/2020': 6}"
542b9ce5-413b-bcee-a136-fecb513df4c3,24140,Rui Tiago Dantas da Silva,GK,left,3,6.19,0.32625878757971805,"[{'season_label': '2018/2019', 'appearances': 2, 'avg_score': 6.25, 'avg_vaep': 0.41}, {'season_label': '2019/2020', 'appearances': 1, 'avg_score': 6.06, 'avg_vaep': 0.17}]","{'2018/2019': 1, '2019/2020': 1}"
89db6efa-a261-3d91-fc74-5b3d50d2bf1a,24142,José Antonio Martínez Gil,Midfielder,left,1,6.0,0.1875328671449097,"[{'season_label': '2018/2019', 'appearances': 1, 'avg_score': 6.0, 'avg_vaep': 0.19}]",{'2018/2019': 5}
fb2e6365-7710-5f24-3646-d6f1e199f0ba,24324,Gustavo Adrián Ramos Vásquez,Midfielder,,0,,,[],{'2018/2019': 20}
1f422c75-031b-07a4-09aa-665065fdc42b,25702,Carlos Neva Tey,Defender,left,2,6.0,0.14903771834724466,"[{'season_label': '2018/2019', 'appearances': 1, 'avg_score': 6.0, 'avg_vaep': 0.18}, {'season_label': '2019/2020', 'appearances': 1, 'avg_score': 6.0, 'avg_vaep': 0.11}]","{'2018/2019': 15, '2019/2020': 15}"
ba6b5587-aa7c-fdb5-ea92-2e018a419426,25704,Aarón Escandell Banacloche,GK,right,1,6.03,0.3936909153453598,"[{'season_label': '2019/2020', 'appearances': 1, 'avg_score': 6.03, 'avg_vaep': 0.39}]","{'2018/2019': 13, '2019/2020': 13}"
1ea97de8-5eb6-34d5-8016-1c603422437f,3666,Robert Kenedy Nunes do Nascimento,Attacker,left,2,6.05,0.06417996081836463,"[{'season_label': '2018/2019', 'appearances': 1, 'avg_score': 6.0, 'avg_vaep': -0.03}, {'season_label': '2019/2020', 'appearances': 1, 'avg_score': 6.1, 'avg_vaep': 0.16}]","{'2018/2019': 25, '2019/2020': 24}"
3b5e2c9b-e500-2e87-e047-7099db5ff21b,5466,Oghenekaro Etebo,Midfielder,right,2,6.015000000000001,0.3181996276980499,"[{'season_label': '2018/2019', 'appearances': 1, 'avg_score': 6.0, 'avg_vaep': 0.17}, {'season_label': '2020/2021', 'appearances': 1, 'avg_score': 6.03, 'avg_vaep': 0.47}]","{'2018/2019': 5, '2020/2021': 6}"
d4df7b62-39c4-25d8-cc89-7411ef11abe7,6621,Amath Ndiaye,Midfielder,right,3,6.0,0.19251142474240623,"[{'season_label': '2018/2019', 'appearances': 1, 'avg_score': 6.0, 'avg_vaep': 0.07}, {'season_label': '2020/2021', 'appearances': 2, 'avg_score': 6.0, 'avg_vaep': 0.25}]","{'2018/2019': 11, '2020/2021': 23}"
f59d9ef3-1014-57bd-ac17-c8ef726694c9,23987,Rey Manaj,Midfielder,,0,,,[],{'2018/2019': 41}
aa079252-1918-c876-88e4-6598dd2171cc,24078,Javier Muñoz Jiménez,Midfielder,right,1,6.0,0.4829589991750254,"[{'season_label': '2018/2019', 'appearances': 1, 'avg_score': 6.0, 'avg_vaep': 0.48}]",{'2018/2019': 15}
72e754f6-60f8-8907-d334-e4436de03081,24052,Yan Brice Eteki,Midfielder,right,3,6.0,0.5350582784837267,"[{'season_label': '2018/2019', 'appearances': 1, 'avg_score': 6.0, 'avg_vaep': 0.71}, {'season_label': '2019/2020', 'appearances': 2, 'avg_score': 6.0, 'avg_vaep': 0.45}]","{'2018/2019': 8, '2019/2020': 8}"
9cafd121-ba98-2e6d-e30f-fdf5ada9ce2e,9462,José Ignacio Peleteiro Ramallo,Midfielder,left,1,6.0,0.4874267490449711,"[{'season_label': '2019/2020', 'appearances': 1, 'avg_score': 6.0, 'avg_vaep': 0.49}]",{'2019/2020': 24}
9306b519-cdfe-94d2-c8fc-0e733b0b8842,10605,Rodrigo Andrés Battaglia,Midfielder,right,2,6.01,0.14583347921688983,"[{'season_label': '2019/2020', 'appearances': 2, 'avg_score': 6.01, 'avg_vaep': 0.15}]",{'2019/2020': 6}
a39878ae-282a-18ea-051a-d89e7875a272,31779,Tomas Franco Tavares,Midfielder,left,1,6.0,0.21977372647234006,"[{'season_label': '2019/2020', 'appearances': 1, 'avg_score': 6.0, 'avg_vaep': 0.22}]",{'2019/2020': 37}
a424ded4-3636-8e3f-9f10-da14c23acc85,6947,Miralem Pjanić,Midfielder,right,17,6.366470588235295,0.19327600329308872,"[{'season_label': '2019/2020', 'appearances': 17, 'avg_score': 6.37, 'avg_vaep': 0.19}]",{'2019/2020': 8}
ce5b5447-1d64-29e7-4145-22ceb08291a7,21881,Sergino Dest,Defender,right,28,6.341785714285714,0.2869145636878524,"[{'season_label': '2019/2020', 'appearances': 28, 'avg_score': 6.34, 'avg_vaep': 0.29}]",{'2019/2020': 2}
0fade5fe-bc0b-3e4a-6eb3-1462f3ad6bf6,22390,Francisco António Machado Mota de Castro Trincão,Attacker,left,25,6.2008,0.06648560847766931,"[{'season_label': '2019/2020', 'appearances': 25, 'avg_score': 6.2, 'avg_vaep': 0.07}]",{'2019/2020': 17}
99f9dbc7-3fef-d195-eac3-36b90015af49,30486,Pedro González López,Midfielder,right,35,6.561428571428571,0.3539516182749919,"[{'season_label': '2019/2020', 'appearances': 35, 'avg_score': 6.56, 'avg_vaep': 0.35}]",{'2019/2020': 16}
8d43d246-10dc-1b42-9fc9-0118b0d30417,39469,Konrad De La Fuente,Midfielder,,0,,,[],{'2019/2020': 29}
05d0abb9-a864-ae49-81e9-33685b8b915c,6893,Jesús Vallejo Lázaro,Defender,right,1,6.0,0.24534518941800343,"[{'season_label': '2019/2020', 'appearances': 1, 'avg_score': 6.0, 'avg_vaep': 0.25}]","{'2019/2020': 20, '2020/2021': 3}"
9f15dd77-bfcd-0d81-43ce-0beb217ed18a,24037,Alberto Soro Álvarez,Midfielder,left,1,6.0,0.05605690507218242,"[{'season_label': '2019/2020', 'appearances': 1, 'avg_score': 6.0, 'avg_vaep': 0.06}]",{'2019/2020': 26}
b8e69aa0-fed2-78e9-96b3-cfd79ae2aa4c,24093,Luis Javier Suárez Charris,Attacker,right,2,6.025,0.24156189400491712,"[{'season_label': '2019/2020', 'appearances': 2, 'avg_score': 6.03, 'avg_vaep': 0.24}]",{'2019/2020': 7}
6541c878-30b0-03c2-e406-4df10484970e,24272,Luis Milla Manzanares,Midfielder,right,1,6.0,-0.16114577536063734,"[{'season_label': '2019/2020', 'appearances': 1, 'avg_score': 6.0, 'avg_vaep': -0.16}]",{'2019/2020': 5}
596f13d0-466c-6913-0d1c-f0951e189df3,30081,Nehuén Pérez,Defender,right,1,6.0,0.1708666978229303,"[{'season_label': '2019/2020', 'appearances': 1, 'avg_score': 6.0, 'avg_vaep': 0.17}]",{'2019/2020': 3}
b36e72a0-06d4-f5a9-1d15-d0c720bcea16,50912,Arnau Fàbrega Mañas,Midfielder,,0,,,[],{'2019/2020': 31}
62415c82-dd6c-47e7-14f4-73f9b0475e62,51824,José Sánchez Martínez,Midfielder,,0,,,[],{'2019/2020': 28}
806e9d73-a891-dbb8-357c-293eb84d9366,39073,Moriba Kourouma Kourouma,Midfielder,right,13,6.166923076923077,0.18856496261287248,"[{'season_label': '2019/2020', 'appearances': 13, 'avg_score': 6.17, 'avg_vaep': 0.19}]",{'2019/2020': 27}
f965c065-2832-91a0-e230-fa53cd94e242,43728,Óscar Mingueza García,Defender,right,24,6.638333333333333,0.40491121573874506,"[{'season_label': '2019/2020', 'appearances': 24, 'avg_score': 6.64, 'avg_vaep': 0.4}]",{'2019/2020': 28}
1084a912-64d0-a5d4-7eeb-3659f9c36935,28658,Augusto Jorge Mateo Solari,Midfielder,right,1,6.0,0.1450684430055844,"[{'season_label': '2019/2020', 'appearances': 1, 'avg_score': 6.0, 'avg_vaep': 0.15}]",{'2019/2020': 21}
070659ce-e354-0cd8-4a4c-a2eabd2a694c,39598,Miguel Baeza Pérez,Attacker,left,2,6.12,0.0894701317183717,"[{'season_label': '2019/2020', 'appearances': 2, 'avg_score': 6.12, 'avg_vaep': 0.09}]",{'2019/2020': 27}
08bedd45-8003-1e96-33ef-1ca96093868c,75546,Carlos Domínguez Cáceres,Defender,left,1,6.01,0.3173648260126356,"[{'season_label': '2019/2020', 'appearances': 1, 'avg_score': 6.01, 'avg_vaep': 0.32}]",{'2019/2020': 40}
f3faadde-b9cf-756c-21d9-15c0634bbc86,97291,Patrick Gilmar Sequeira Mejías,Midfielder,,0,,,[],{'2019/2020': 41}
8a72211c-552f-b8d1-f479-0e5085f2f901,117025,Hugo Sotelo,Midfielder,,1,6.0,0.009120438247919083,"[{'season_label': '2019/2020', 'appearances': 1, 'avg_score': 6.0, 'avg_vaep': 0.01}]",{'2019/2020': 44}
eb5a26ff-320a-a437-302a-95deb6606187,23677,Yassin Fékir,Midfielder,,0,,,[],{'2019/2020': 19}
8ad23dfe-1f01-41fd-e8b6-15539dcd9a66,41083,Rodrigo Sánchez Rodriguez,Attacker,left,2,6.0,0.060105334343461436,"[{'season_label': '2019/2020', 'appearances': 2, 'avg_score': 6.0, 'avg_vaep': 0.06}]",{'2019/2020': 28}
fbe77ad2-30d9-319d-ccf7-c5006a012c06,42282,Paul Edgar Akouokou,Midfielder,right,1,6.0,0.3032866289941012,"[{'season_label': '2019/2020', 'appearances': 1, 'avg_score': 6.0, 'avg_vaep': 0.3}]",{'2019/2020': 4}
f0952a50-474d-97aa-fac3-9a918b3394ae,47611,Daniel Rebollo Franco,Midfielder,,0,,,[],{'2019/2020': 30}
2d0098b9-484a-3419-87c5-b11e51d7b79f,12419,Lucas Torró Marset,Midfielder,right,1,6.03,0.19152112986557768,"[{'season_label': '2019/2020', 'appearances': 1, 'avg_score': 6.03, 'avg_vaep': 0.19}]",{'2019/2020': 24}
69a439a3-1509-0bb3-660b-f73909829363,24172,Álvaro Juan Cruz Armada,Midfielder,left,1,6.0,-0.02755221489678661,"[{'season_label': '2019/2020', 'appearances': 1, 'avg_score': 6.0, 'avg_vaep': -0.03}]",{'2019/2020': 3}
92761aee-6b19-133c-8240-c751569cafb5,52108,Iván Martínez Marqués,Midfielder,,0,,,[],{'2019/2020': 36}
324545ee-1d35-608f-4932-e6c10c5a2df4,6689,Álvaro Odriozola Arzallus,Defender,right,3,6.173333333333333,0.3080931649280198,"[{'season_label': '2019/2020', 'appearances': 1, 'avg_score': 6.0, 'avg_vaep': 0.32}, {'season_label': '2020/2021', 'appearances': 2, 'avg_score': 6.26, 'avg_vaep': 0.3}]","{'2019/2020': 19, '2020/2021': 19}"
748aae85-3cec-038d-df04-d18e51be9438,41153,Diego Altube Suárez,Midfielder,,0,,,[],{'2019/2020': 26}
21a8e1f4-81e7-3c7e-7d9b-8f154930b010,10765,Jorge Ruiz Ojeda,Midfielder,,0,,,[],{'2019/2020': 1}
9a22f904-bc90-2481-db61-83d9e70e12d3,23966,Mickaël Malsa,Defender,right,2,6.195,0.01638536651080358,"[{'season_label': '2019/2020', 'appearances': 2, 'avg_score': 6.2, 'avg_vaep': 0.02}]",{'2019/2020': 12}
483cfedb-0f5a-2b61-a7c7-09871cfc883f,30492,Francisco Javier Hidalgo Gómez,Midfielder,right,1,6.0,0.4859180344174092,"[{'season_label': '2019/2020', 'appearances': 1, 'avg_score': 6.0, 'avg_vaep': 0.49}]",{'2019/2020': 2}
274a743f-5ed8-555e-1183-b6b752cbeba7,30593,Daniel Gómez Alcón,Attacker,right,2,6.109999999999999,0.6383258267160272,"[{'season_label': '2019/2020', 'appearances': 2, 'avg_score': 6.11, 'avg_vaep': 0.64}]",{'2019/2020': 21}
8b2112b1-064c-167c-fbcc-bdeb2b5841f2,41115,Alejandro Baena Rodríguez,Midfielder,,0,,,[],{'2019/2020': 32}
28e335e7-62e2-6a85-af87-89e7264b5a97,49302,José Manuel Cabrera López,Midfielder,,0,,,[],{'2019/2020': 27}
6205b115-54ae-0968-6d11-86cd15744a02,49301,Santiago Ramos Mingo,Midfielder,,0,,,[],{'2019/2020': 32}
e92e1b47-6bb5-262d-793f-d40931e0ed53,5523,Renato Fabrizio Tapia Cortijo,Midfielder,right,1,6.0,0.1845243829757237,"[{'season_label': '2019/2020', 'appearances': 1, 'avg_score': 6.0, 'avg_vaep': 0.18}]",{'2019/2020': 14}
a6292668-b36e-f412-fa3c-4102d1311a62,6803,Emre Mor,Attacker,left,2,6.05,0.20947500544662034,"[{'season_label': '2019/2020', 'appearances': 1, 'avg_score': 6.1, 'avg_vaep': 0.1}, {'season_label': '2020/2021', 'appearances': 1, 'avg_score': 6.0, 'avg_vaep': 0.32}]","{'2019/2020': 11, '2020/2021': 21}"
e6b3a795-f213-be19-f325-0b447dc1de3b,42907,Iago Domínguez Rodríguez,Midfielder,,0,,,[],{'2019/2020': 26}
6a960b64-8350-6b69-7836-bd6a0a6a8e6a,47445,Miguel Rodríguez Vidal,Midfielder,,0,,,[],{'2019/2020': 32}
07271cce-d87b-66be-1b7d-5c353563bd09,47447,Gabriel Veiga Novas,Midfielder,right,1,6.0,0.19319879286558717,"[{'season_label': '2019/2020', 'appearances': 1, 'avg_score': 6.0, 'avg_vaep': 0.19}]",{'2019/2020': 31}
db36d4e0-3c06-b217-4e2e-b289f98fad37,48643,Raúl Blanco Juncal,Midfielder,,0,,,[],{'2019/2020': 35}
0c914362-569f-7e30-c819-eff2d8582004,49531,Sergio Carreira Vilariño,Midfielder,,0,,,[],{'2019/2020': 34}
a256bb35-40f6-7720-ff26-1ce1da6d2cf2,38832,Luis Federico López Andúgar,Midfielder,,0,,,[],{'2019/2020': 33}
02ae6a78-6bbf-135d-3d22-3cbc0e770b6e,3810,Shinji Okazaki,Attacker,right,1,6.0,0.018072149428917328,"[{'season_label': '2019/2020', 'appearances': 1, 'avg_score': 6.0, 'avg_vaep': 0.02}]",{'2019/2020': 12}
2cd2915e-6954-6904-e4e5-d4a2ac9e1652,7922,Kelechi Nwakali,Midfielder,,0,,,[],{'2019/2020': 26}
a3f51ed7-621f-c3c5-a6bd-5abd3ac8789c,22199,Sergio Gómez Martín,Attacker,left,2,6.0649999999999995,0.23984681337515212,"[{'season_label': '2019/2020', 'appearances': 2, 'avg_score': 6.06, 'avg_vaep': 0.24}]",{'2019/2020': 10}
0b51ee5d-bf8d-08d0-049f-325a234b9a36,23307,Idrissa Doumbia,Midfielder,right,2,6.0,-0.06503381037873623,"[{'season_label': '2019/2020', 'appearances': 2, 'avg_score': 6.0, 'avg_vaep': -0.07}]",{'2019/2020': 2}
e940a3ba-6df7-3838-8b77-2344a8a112e4,23322,Javier Galán Gil,Defender,left,2,6.525,0.38050918856606586,"[{'season_label': '2019/2020', 'appearances': 2, 'avg_score': 6.53, 'avg_vaep': 0.38}]",{'2019/2020': 11}
b68bcc00-8bf0-6986-ac30-f9be4452e879,23812,Rafael Mir Vicente,Attacker,right,2,7.245,0.38551491004000127,"[{'season_label': '2019/2020', 'appearances': 2, 'avg_score': 7.25, 'avg_vaep': 0.39}]",{'2019/2020': 9}
14842d88-d359-2322-8fc2-b4d02d744dd2,24055,Juan Carlos Real Ruiz,Defender,right,1,6.0,0.11747001591720618,"[{'season_label': '2019/2020', 'appearances': 1, 'avg_score': 6.0, 'avg_vaep': 0.12}]",{'2019/2020': 21}
5c0e88d1-09ac-a1e6-5394-86d1091a5efc,24681,Daniel Escriche Romero,Attacker,right,1,6.11,0.37868099895422347,"[{'season_label': '2019/2020', 'appearances': 1, 'avg_score': 6.11, 'avg_vaep': 0.38}]",{'2019/2020': 23}
74e8c845-18a7-e1e1-1422-da4900d98140,25598,Álvaro Fernández Llorente,GK,right,2,6.015000000000001,0.098482046524623,"[{'season_label': '2019/2020', 'appearances': 2, 'avg_score': 6.02, 'avg_vaep': 0.1}]",{'2019/2020': 1}
fb22fb2b-63eb-d0f8-261c-bfc4809cd152,30483,Jaime Seoane Valenciano,Midfielder,right,2,6.0,0.5008459668042633,"[{'season_label': '2019/2020', 'appearances': 2, 'avg_score': 6.0, 'avg_vaep': 0.5}]",{'2019/2020': 20}
6c730b10-822a-9352-2acc-2c6918150f60,19597,Marcos Javier Acuña,Defender,left,1,6.25,0.2283657763782685,"[{'season_label': '2019/2020', 'appearances': 1, 'avg_score': 6.25, 'avg_vaep': 0.23}]",{'2019/2020': 19}
f3e981df-be71-2bd8-f93f-170e8c0a2c0d,24738,Javier Díaz Sánchez,Midfielder,,0,,,[],{'2019/2020': 31}
f49b0864-2a75-6755-8ff9-25a4fecac826,23211,Víctor Mollejo Carpintero,Attacker,,1,6.0,0.013031408867391292,"[{'season_label': '2019/2020', 'appearances': 1, 'avg_score': 6.0, 'avg_vaep': 0.01}]",{'2019/2020': 26}
cbccf404-f524-66bc-599c-6fb168c1f9f8,28589,Ante Palaversa,Midfielder,,0,,,[],{'2019/2020': 14}
3a68abc3-8860-6a36-771c-8c8b8bf64129,31615,Orlando Rubén Yáñez Alabart,Midfielder,,0,,,[],{'2019/2020': 1}
f49a2479-665b-3bd1-3ec0-8d5d1a8bbe4c,24995,Sergio Camello Pérez,Midfielder,,0,,,[],{'2019/2020': 27}
a72795d6-8745-81a3-95f8-a2ba7c4a0068,29342,Ivo Grbić,Midfielder,,0,,,[],{'2019/2020': 1}
fb8e51c5-c713-f2aa-f71f-62e03c5298db,4267,Mouctar Diakhaby,Defender,right,2,6.0,0.12944394332043885,"[{'season_label': '2019/2020', 'appearances': 2, 'avg_score': 6.0, 'avg_vaep': 0.13}]",{'2019/2020': 12}
542db135-0b54-0ed5-fe41-4afa93fe45fb,22107,Thierry Rendall Correia,Defender,right,1,6.2,0.7510133574760403,"[{'season_label': '2019/2020', 'appearances': 1, 'avg_score': 6.2, 'avg_vaep': 0.75}]",{'2019/2020': 2}
3b6f7196-7026-2f4c-74ee-82a8ea7fcbea,23978,Manuel Javier Vallejo Galván,Attacker,right,1,6.0,0.00231309295486426,"[{'season_label': '2019/2020', 'appearances': 1, 'avg_score': 6.0, 'avg_vaep': 0.0}]",{'2019/2020': 21}
e08f95ac-7139-a0cc-e6cb-31f578bbf025,24267,Uroš Račić,Midfielder,right,2,6.04,0.3539676022501226,"[{'season_label': '2019/2020', 'appearances': 2, 'avg_score': 6.04, 'avg_vaep': 0.35}]",{'2019/2020': 19}
72a2c10a-923e-ca15-e8ae-e55da47a96f3,25005,Alejandro Blanco Sánchez,Midfielder,left,1,6.0,-0.029036019666818902,"[{'season_label': '2019/2020', 'appearances': 1, 'avg_score': 6.0, 'avg_vaep': -0.03}]",{'2019/2020': 37}
aed141f2-f5b7-c0a5-0552-4861b37b5915,38792,Yunus Dimoara Musah,Midfielder,right,1,6.0,0.11726356137660332,"[{'season_label': '2019/2020', 'appearances': 1, 'avg_score': 6.0, 'avg_vaep': 0.12}]",{'2019/2020': 30}
32e87be8-21dd-3aee-c6a5-b09e59d9cd4e,39083,Guillem Molina Gutiérrez,Midfielder,,0,,,[],{'2019/2020': 31}
022e17ea-8e4b-5627-9362-591de2d4794d,39164,Koba Lein Koindredi,Midfielder,,0,,,[],{'2019/2020': 27}
de0710a8-b569-5c45-9f59-3e973732f87e,41687,Unai Etxebarría Martín,Midfielder,,0,,,[],{'2019/2020': 42}
8a898f8a-de58-4859-8d11-aee0fa0a1a30,22140,Domingos Quina,Midfielder,,0,,,[],{'2019/2020': 12}
0493033a-1c95-7533-6529-c17abf994b52,31789,João Paulo Santos da Costa,Midfielder,,0,,,[],{'2019/2020': 35}
0021a9a0-8c31-c28e-487b-5168d347c202,52181,Sergio Barcia Laranxeira,Midfielder,,0,,,[],{'2019/2020': 42}
59b85c25-6f75-8c22-eae6-fa45913205db,5266,Lucas Torreira Di Pascua,Midfielder,,0,,,[],{'2019/2020': 5}
675ad389-8b5f-d8cb-a673-73266062b385,12509,Moussa Dembélé,Midfielder,,0,,,[],{'2019/2020': 19}
4670c078-72d5-314c-6ad6-ffa633d4a059,6683,Cheick Doukouré,Midfielder,right,1,6.0,0.4844613221757754,"[{'season_label': '2020/2021', 'appearances': 1, 'avg_score': 6.0, 'avg_vaep': 0.48}]","{'2019/2020': 25, '2020/2021': 5}"
74eccde1-710c-32f8-ed1a-5d6b3c26ab44,41202,Giorgi Kochorashvili,Midfielder,right,1,6.0,-0.003912194901204202,"[{'season_label': '2019/2020', 'appearances': 1, 'avg_score': 6.0, 'avg_vaep': -0.0}]",{'2019/2020': 43}
dfccf0c7-9f1b-94cd-96b7-ea0dd360ee06,114272,Alejandro Cantero Sánchez,Midfielder,,0,,,[],{'2019/2020': 29}
2b3c63c6-c00f-f7f8-ea63-23be685a2dbc,23445,Francisco Reis Ferreira,Midfielder,,0,,,[],{'2019/2020': 6}
77dc7b03-c297-cc92-5ff8-7b23d1500be8,31931,Christian Gabriel Oliva Giménez,Midfielder,right,1,6.0,0.04919241480092751,"[{'season_label': '2019/2020', 'appearances': 1, 'avg_score': 6.0, 'avg_vaep': 0.05}]",{'2019/2020': 10}
b3ba081e-a312-33eb-2bba-e7c31d752082,35641,Hugo Guillamón Sanmartín,Defender,right,1,6.01,0.06632784374596667,"[{'season_label': '2019/2020', 'appearances': 1, 'avg_score': 6.01, 'avg_vaep': 0.07}]",{'2019/2020': 15}
ee6e910d-8a25-e347-48de-cf784fe5e6a2,6564,Pablo Maffeo Becerra,Defender,right,3,6.136666666666667,0.45808986216191744,"[{'season_label': '2019/2020', 'appearances': 1, 'avg_score': 6.28, 'avg_vaep': 0.52}, {'season_label': '2020/2021', 'appearances': 2, 'avg_score': 6.06, 'avg_vaep': 0.43}]","{'2019/2020': 3, '2020/2021': 25}"
735475d6-4a23-bbf3-e94a-5c49c5749349,16298,Denis Vavro,Defender,right,1,6.0,0.17983130770517164,"[{'season_label': '2019/2020', 'appearances': 1, 'avg_score': 6.0, 'avg_vaep': 0.18}]",{'2019/2020': 25}
7866c91c-59f8-bffc-92a7-9a7cd09f9af9,8864,Darío Poveda Romera,Midfielder,,0,,,[],{'2019/2020': 19}
5280ac46-ea82-dd14-e8eb-0b1cfd2beb20,41107,Sabit Abdulai,Midfielder,right,1,6.0,-0.07668726273004722,"[{'season_label': '2019/2020', 'appearances': 1, 'avg_score': 6.0, 'avg_vaep': -0.08}]",{'2019/2020': 35}
d9e69dec-545f-111e-74ae-46cd506d7dfc,71519,Juan Antonio Iglesias Sánchez,Attacker,right,1,6.0,0.47843808460493165,"[{'season_label': '2019/2020', 'appearances': 1, 'avg_score': 6.0, 'avg_vaep': 0.48}]",{'2019/2020': 29}
911eead7-b5a0-7dc2-e40f-71d7b9f230d9,75584,Mamor Niang,Midfielder,,0,,,[],{'2019/2020': 39}
e798c5a2-fdb0-44f3-be4e-6204eb13abcc,79498,Amankwaa Akurugu,Defender,left,1,6.0,0.09253998726126156,"[{'season_label': '2019/2020', 'appearances': 1, 'avg_score': 6.0, 'avg_vaep': 0.09}]",{'2019/2020': 40}
1c3e0c50-f5fc-2c8d-a344-2b8beb2de88e,105762,José Antonio Miranda Boacho,Midfielder,left,1,6.0,0.0014827882696408778,"[{'season_label': '2019/2020', 'appearances': 1, 'avg_score': 6.0, 'avg_vaep': 0.0}]",{'2019/2020': 32}
2362184f-af3b-ec25-af1f-7e04eceb6388,22801,Roberto López Alcaide,Midfielder,,0,,,[],{'2019/2020': 28}
6b04380b-67c5-5d60-75bc-2f0a9534f0cd,23212,Martín Merquelanz Castellanos,Defender,left,1,6.0,-0.03780989228471299,"[{'season_label': '2019/2020', 'appearances': 1, 'avg_score': 6.0, 'avg_vaep': -0.04}]",{'2019/2020': 17}
8eb7be5a-13cc-39a3-e56b-78aba08b2039,24921,Martín Zubimendi Ibáñez,Defender,right,2,6.4,0.33535678650514456,"[{'season_label': '2019/2020', 'appearances': 2, 'avg_score': 6.4, 'avg_vaep': 0.34}]",{'2019/2020': 36}
da76baf3-6e52-9d34-f463-4d85e76c9f91,65900,Unai Marrero Larrañaga,Midfielder,,0,,,[],{'2019/2020': 31}
d91942b1-e6dd-95ba-ed45-60c0c6d8071b,47375,Robert Navarro Muñoz,Midfielder,right,1,6.02,0.27520526316584437,"[{'season_label': '2019/2020', 'appearances': 1, 'avg_score': 6.02, 'avg_vaep': 0.28}]",{'2019/2020': 29}
d88a45e6-8032-7e0b-22a3-4020d8f78252,48647,Urko González de Zarate Quirós,Midfielder,,0,,,[],{'2019/2020': 37}
0b7b648e-d41a-32e7-c391-c52996c51c3a,51205,Gaizka Ayesa Burgui,Midfielder,,0,,,[],{'2019/2020': 34}
fdda6e95-7f1e-5ee2-f3b3-11fe4f145ae1,7459,Jawad El Yamiq,Midfielder,,0,,,[],{'2019/2020': 15}
3139f8db-b4af-553a-b05b-b8d63f0db947,23627,João Pedro Neves Filipe,Midfielder,right,1,6.01,0.3318362328427611,"[{'season_label': '2019/2020', 'appearances': 1, 'avg_score': 6.01, 'avg_vaep': 0.33}]",{'2019/2020': 40}
b5c71703-820e-bd7c-1e1b-7118af88edcb,24266,Luis Jesús Pérez Maqueda,Midfielder,,0,,,[],{'2019/2020': 2}
95cb29c6-5c9f-39ae-e271-4e7734c344cc,29310,Shon Zalman Weissman,Attacker,right,1,6.06,0.6042907878218102,"[{'season_label': '2019/2020', 'appearances': 1, 'avg_score': 6.06, 'avg_vaep': 0.6}]",{'2019/2020': 9}
d70f195e-dbc0-52d6-47a2-88e3d46b3b2e,31235,Marcos André de Sousa Mendonça,Attacker,right,2,6.0,0.020212390660162782,"[{'season_label': '2019/2020', 'appearances': 2, 'avg_score': 6.0, 'avg_vaep': 0.02}]",{'2019/2020': 16}
3e60e09c-222f-206c-7253-85f53d7e567c,2961,Yann Bodiger,Midfielder,right,1,6.0,0.3443267596521764,"[{'season_label': '2019/2020', 'appearances': 1, 'avg_score': 6.0, 'avg_vaep': 0.34}]",{'2019/2020': 12}
ab9ebd57-177b-5106-ad78-79f0896685d4,6908,Iván Alejo Peralta,Midfielder,right,2,6.0,0.17256676215856714,"[{'season_label': '2019/2020', 'appearances': 2, 'avg_score': 6.0, 'avg_vaep': 0.17}]","{'2019/2020': 14, '2020/2021': 20}"
4d0af9bc-b5b9-4383-c62c-98c3ba3e6613,17618,Carlos Akapo Martínez,Midfielder,,0,,,[],{'2019/2020': 15}
69516965-caa2-e105-770f-453ad70d0254,23934,Rafael Jiménez Jarque,Defender,right,2,6.0,0.09935088418205851,"[{'season_label': '2019/2020', 'appearances': 2, 'avg_score': 6.0, 'avg_vaep': 0.1}]",{'2019/2020': 3}
d3fe63d9-04ee-975a-2297-184b62c6ae60,23971,Jairo Izquierdo González,Midfielder,left,2,6.0,0.3158321315404464,"[{'season_label': '2019/2020', 'appearances': 2, 'avg_score': 6.0, 'avg_vaep': 0.32}]",{'2019/2020': 25}
c618f687-f58d-6f25-fc50-970accaa8fe6,24034,Jorge Marcos Pombo Escobar,Midfielder,,0,,,[],{'2019/2020': 11}
d436cae9-49c8-1b99-7059-3a225df2d479,24270,Filip Malbašić,Midfielder,,0,,,[],{'2019/2020': 24}
b13c180b-a3b4-c0af-dd38-ed2cb91fc498,24322,Isaac Carcelén Valencia,Defender,right,2,6.0,0.2535253987780379,"[{'season_label': '2019/2020', 'appearances': 2, 'avg_score': 6.0, 'avg_vaep': 0.25}]",{'2019/2020': 20}
d6ed7418-057a-4f12-1f94-23f936767a3e,24593,Marcos Mauro López Gutiérrez,Defender,right,2,6.0,0.08013159099027689,"[{'season_label': '2019/2020', 'appearances': 2, 'avg_score': 6.0, 'avg_vaep': 0.08}]",{'2019/2020': 4}
810fe53c-8369-06ad-7edb-141de30cb383,24616,Luis Alfonso Espino García,Defender,left,2,6.025,0.19878059288384975,"[{'season_label': '2019/2020', 'appearances': 2, 'avg_score': 6.03, 'avg_vaep': 0.2}]",{'2019/2020': 22}
8807b219-24d0-2314-daeb-3444bda8acbd,24712,Jon Ander Garrido Moracia,Midfielder,right,1,6.0,0.07834289981110487,"[{'season_label': '2019/2020', 'appearances': 1, 'avg_score': 6.0, 'avg_vaep': 0.08}]",{'2019/2020': 5}
df584d51-4eb4-9bef-fdd8-b37311204fc9,29198,Jeremías Ledesma,GK,right,2,6.04,0.20071810441550042,"[{'season_label': '2019/2020', 'appearances': 2, 'avg_score': 6.04, 'avg_vaep': 0.2}]",{'2019/2020': 1}
2418c4e3-de62-2a57-3d92-33ad9ab707a3,30370,Jens Jønsson,Midfielder,right,2,6.0,0.25985654517171497,"[{'season_label': '2019/2020', 'appearances': 2, 'avg_score': 6.0, 'avg_vaep': 0.26}]",{'2019/2020': 2}
738d7deb-467d-69ea-5d6c-8aacb9613245,31793,David Gil Mohedano,Midfielder,,0,,,[],{'2019/2020': 13}
a8de839c-a3b5-0ef2-eac0-3640ccf56afd,31914,Omobolaji Habeeb Adekanye,Midfielder,,1,6.0,0.0015708573046140373,"[{'season_label': '2019/2020', 'appearances': 1, 'avg_score': 6.0, 'avg_vaep': 0.0}]",{'2019/2020': 32}
e3ccd201-99b9-c2d6-faa5-eb83259a84cd,30468,Iñigo Vicente Elorduy,Midfielder,,0,,,[],{'2019/2020': 26}
a827ecd9-0ff2-da8c-74f8-0376fecb2c0b,47226,Jon Morcillo Conesa,Attacker,left,1,6.0,0.26485682027123403,"[{'season_label': '2019/2020', 'appearances': 1, 'avg_score': 6.0, 'avg_vaep': 0.26}]",{'2019/2020': 2}
f29f7110-7b98-a428-3e9c-5af8170ecef6,36288,Facundo Pellistri Rebollo,Midfielder,,0,,,[],{'2019/2020': 37}
75e604af-e33f-43eb-0d06-373b383ec430,41124,Javier López Carballo,Midfielder,,0,,,[],{'2019/2020': 26}
36e42c9f-cb7b-2b46-542a-63df74348a0b,82674,Abdelkabir Abqar,Midfielder,,0,,,[],{'2019/2020': 36}
471c50ad-1a15-6d72-56ed-dfd747d77931,3417,Saidy Janko,Defender,right,1,6.0,-0.023844761097279843,"[{'season_label': '2019/2020', 'appearances': 1, 'avg_score': 6.0, 'avg_vaep': -0.02}]",{'2019/2020': 18}
281683d0-650e-b208-fa21-38978a675665,8651,Miguel Ángel Rubio Lestan,Midfielder,,0,,,[],{'2019/2020': 30}
c2288100-4aab-cdea-7d93-7a4fe0205fb2,47372,Oriol Rey Erenas,Midfielder,,0,,,[],{'2019/2020': 29}
5b6e8759-af7b-2314-82ca-0b70b92ed709,47373,José Luis Zalazar Martínez,Midfielder,,0,,,[],{'2019/2020': 27}
e11b81b9-3084-299a-965a-8f0b27e3ebb2,105323,Francisco Javier Alvarez Rodríguez,Midfielder,,0,,,[],{'2019/2020': 32}
6bdb72e0-15c5-3459-c11d-dbceb43e0525,105324,Mohamed Aiman Moukhliss Agmir,Midfielder,,0,,,[],{'2019/2020': 35}
c1f75cc0-f7fe-269d-d0fd-9bd5e24f9586,7006,Alejandro Darío Gómez,Attacker,right,1,6.0,-0.035150859839632176,"[{'season_label': '2019/2020', 'appearances': 1, 'avg_score': 6.0, 'avg_vaep': -0.04}]",{'2019/2020': 24}
fce34b6a-ef09-1b6f-b203-2870279690f8,8572,Karim Rekik,Defender,left,1,6.0,0.1062713724149944,"[{'season_label': '2019/2020', 'appearances': 1, 'avg_score': 6.0, 'avg_vaep': 0.11}]",{'2019/2020': 4}
c76e0311-deed-d13a-30ae-50f3cf210245,18921,Joris Gnagnon,Midfielder,,0,,,[],{'2019/2020': 2}
e4c72549-fee9-063d-8aa8-f9b6c0b621af,41573,Iñaki Álvarez Goñi,Midfielder,,0,,,[],{'2019/2020': 26}
5a8a0f27-7970-6d8e-ff07-2fa34acfb143,23973,Salvador Sánchez Ponce,Midfielder,right,1,6.0,-0.20307136133124004,"[{'season_label': '2019/2020', 'appearances': 1, 'avg_score': 6.0, 'avg_vaep': -0.2}]",{'2019/2020': 7}
bc916355-c4b4-bff2-9473-d27f0a214b84,41176,Juan Flere Pizzuti,Midfielder,,0,,,[],{'2019/2020': 26}
e46a846e-522b-549e-3382-96fece070d70,47344,José Alejandro Martín Valerón,Midfielder,,0,,,[],{'2019/2020': 37}
7a0c1035-bcb3-3b6d-8694-2ecbedb37267,5109,Paulo Dino Gazzaniga,Midfielder,,0,,,[],{'2019/2020': 1}
76d7c078-0ceb-8fbf-964c-102ebc16d75f,7064,Lucas Ariel Boyé,Attacker,right,2,6.28,0.1853769821318565,"[{'season_label': '2019/2020', 'appearances': 1, 'avg_score': 6.48, 'avg_vaep': 0.18}, {'season_label': '2020/2021', 'appearances': 1, 'avg_score': 6.08, 'avg_vaep': 0.19}]","{'2019/2020': 9, '2020/2021': 9}"
908075ea-2c02-5c33-5f48-65f7db427062,7897,Miguel Ángel Garrido Cifuentes,Defender,right,1,6.0,0.24370526876373333,"[{'season_label': '2019/2020', 'appearances': 1, 'avg_score': 6.0, 'avg_vaep': 0.24}]","{'2019/2020': 23, '2020/2021': 12}"
900ed5ed-4aee-f20a-b790-a57aeb7fc796,9857,José Manuel Sánchez Guillén,Defender,left,1,6.07,0.08388024691521423,"[{'season_label': '2019/2020', 'appearances': 1, 'avg_score': 6.07, 'avg_vaep': 0.08}]",{'2019/2020': 24}
680ee49e-2883-4678-a71b-b58c41f3ec62,15880,Emiliano Ariel Rigoni,Attacker,left,1,6.03,0.1652910421071283,"[{'season_label': '2019/2020', 'appearances': 1, 'avg_score': 6.03, 'avg_vaep': 0.17}]",{'2019/2020': 22}
8ff4a061-e94d-139f-016b-2ca7dd0a1541,18783,Omenuke Mfulu,Midfielder,right,1,6.0,0.43832327445124974,"[{'season_label': '2019/2020', 'appearances': 1, 'avg_score': 6.0, 'avg_vaep': 0.44}]",{'2019/2020': 6}
2bd0503f-f12d-7a8e-6873-ba059ea0a2c3,24165,Edgar Badía Guardiola,GK,right,1,6.69,0.2892082225844206,"[{'season_label': '2019/2020', 'appearances': 1, 'avg_score': 6.69, 'avg_vaep': 0.29}]",{'2019/2020': 13}
e59dbe69-c119-b5d5-9e91-b9b630dadc05,24169,Gonzalo Cacicedo Verdú,Defender,right,1,6.38,0.011888452187122311,"[{'season_label': '2019/2020', 'appearances': 1, 'avg_score': 6.38, 'avg_vaep': 0.01}]",{'2019/2020': 5}
2a3eac42-d756-ec78-2ecc-a7dcd94259d7,24175,Daniel Pedro Calvo San Román,Midfielder,,0,,,[],{'2019/2020': 12}
e2d95a06-ee45-45b3-dcc9-c66d92a1efb7,24251,José Antonio Morente Oliva,Attacker,right,1,6.0,0.03948795648830128,"[{'season_label': '2019/2020', 'appearances': 1, 'avg_score': 6.0, 'avg_vaep': 0.04}]",{'2019/2020': 11}
af13b9a2-2b3f-1ea3-ecab-d22e6b78d549,24517,José Raúl Gutiérrez Parejo,Midfielder,right,1,6.07,0.3912716100585385,"[{'season_label': '2019/2020', 'appearances': 1, 'avg_score': 6.07, 'avg_vaep': 0.39}]",{'2019/2020': 14}
b78462e5-be3f-c4de-5e8e-703d4689c269,27477,Helibelton Palacios Zapata,Midfielder,,0,,,[],{'2019/2020': 18}
dda40872-16e1-5d17-84ef-c310005dd683,34323,Luis Miguel Sánchez Benítez,Midfielder,right,1,6.0,0.01515893978648819,"[{'season_label': '2019/2020', 'appearances': 1, 'avg_score': 6.0, 'avg_vaep': 0.02}]",{'2019/2020': 15}
585a999c-b6b2-2b1e-8ced-8066e496784c,41106,Jonatan Carmona Alamo,Midfielder,,0,,,[],{'2019/2020': 37}
328ff8f8-9f41-2408-ecfd-81b97a1f9c08,41650,Gerard Barri Paytuvi,Midfielder,,0,,,[],{'2019/2020': 32}
bb75f42f-e20b-5873-7e3e-9b4771bf1048,41859,Lluis Andreu i Ruiz,Midfielder,,0,,,[],{'2019/2020': 45}
c3ed3173-9b29-f96d-3445-3737578aadec,67040,John Nwankwo Donald Okeh,Midfielder,,0,,,[],{'2019/2020': 26}
9e406957-d45f-cb6c-6f38-c2ada7bace91,3721,Etienne Capoue,Midfielder,right,1,6.21,0.2944887700614345,"[{'season_label': '2019/2020', 'appearances': 1, 'avg_score': 6.21, 'avg_vaep': 0.29}]",{'2019/2020': 25}
f097e143-6435-f978-e0b8-f404c8b848d3,21081,Juan Marcos Foyth,Defender,right,1,6.48,0.5909117103601602,"[{'season_label': '2019/2020', 'appearances': 1, 'avg_score': 6.48, 'avg_vaep': 0.59}]",{'2019/2020': 8}
4668c712-bb7b-f79b-28f0-489afb7ecc58,50494,Yeremi Jesús Pino Santos,Midfielder,left,1,6.0,0.06070573706165305,"[{'season_label': '2019/2020', 'appearances': 1, 'avg_score': 6.0, 'avg_vaep': 0.06}]",{'2019/2020': 30}
991bf57f-1419-afde-c14c-22353412d2e8,37892,Carlos Marín Tomás,Midfielder,,0,,,[],{'2019/2020': 31}
bd4d08cd-70f4-be19-8237-2107b3b448ef,5542,José Paulo Bezzera Maciel Júnior,Midfielder,right,33,6.521212121212121,0.39852613265964354,"[{'season_label': '2020/2021', 'appearances': 33, 'avg_score': 6.52, 'avg_vaep': 0.4}]",{'2020/2021': 15}
ae3f58a1-27f6-c1f1-2c49-42432d1f246a,5537,Fabian Lukas Schär,Defender,right,2,6.46,0.0900386251259988,"[{'season_label': '2020/2021', 'appearances': 2, 'avg_score': 6.46, 'avg_vaep': 0.09}]",{'2020/2021': 24}
17a3120e-4e5f-bdc3-cb5b-5f946809b06a,7914,Sulley Ali Muntari,Midfielder,left,1,6.0,0.1574754280027264,"[{'season_label': '2020/2021', 'appearances': 1, 'avg_score': 6.0, 'avg_vaep': 0.16}]",{'2020/2021': 21}
5a2afca6-1e35-f45a-7dd4-4ca46e0225f4,8097,Maksym Koval,Midfielder,,0,,,[],{'2020/2021': 25}
f169b1a7-7121-5329-737c-91f70b5bf05c,6196,Yerry Fernando Mina González,Defender,right,4,6.575,0.2392475406950325,"[{'season_label': '2020/2021', 'appearances': 4, 'avg_score': 6.58, 'avg_vaep': 0.24}]",{'2020/2021': 24}
659b7b42-e9c0-02ce-0075-077cd55a1623,6920,Alberto Aquilani,Midfielder,right,2,6.8,0.12026611903274897,"[{'season_label': '2020/2021', 'appearances': 2, 'avg_score': 6.8, 'avg_vaep': 0.12}]",{'2020/2021': 25}
39e98420-b5e9-8bfb-dc8a-619bef7b8f61,6921,Matías Aguirregaray Guruceaga,Defender,right,1,6.51,0.2378904418037564,"[{'season_label': '2020/2021', 'appearances': 1, 'avg_score': 6.51, 'avg_vaep': 0.24}]",{'2020/2021': 3}
4a300d3a-0ae9-9b58-b0df-cd3fde526bf5,6936,Erik Alexander Expósito Hernández,Midfielder,,0,,,[],{'2020/2021': 29}
040ca38c-efb1-d922-6d79-c05dd25469cb,8099,Hernán Darío Toledo,Attacker,right,1,6.0,0.010588915138214361,"[{'season_label': '2020/2021', 'appearances': 1, 'avg_score': 6.0, 'avg_vaep': 0.01}]",{'2020/2021': 19}
53c5b2af-fa12-eed8-4dfe-c9bfd83550b1,4265,Oussama Tannane,Attacker,left,1,6.78,0.2755073124299088,"[{'season_label': '2020/2021', 'appearances': 1, 'avg_score': 6.78, 'avg_vaep': 0.28}]",{'2020/2021': 10}
548f45be-9b6c-68f1-0bed-527bce14246e,8204,Borja Herrera González,Defender,left,1,6.51,0.6759080338451895,"[{'season_label': '2020/2021', 'appearances': 1, 'avg_score': 6.51, 'avg_vaep': 0.68}]",{'2020/2021': 15}
4d0b954f-0bef-437c-29df-a73fafdf3fa5,6831,Francisco Javier Guerrero Martín,Attacker,right,2,6.27,0.6504928026242851,"[{'season_label': '2020/2021', 'appearances': 2, 'avg_score': 6.27, 'avg_vaep': 0.65}]",{'2020/2021': 27}
9b89bedd-a1fc-8a2d-88c4-48e361194f02,6836,Francisco Javier García Fernández,Defender,right,2,6.0,0.3232819550612476,"[{'season_label': '2020/2021', 'appearances': 2, 'avg_score': 6.0, 'avg_vaep': 0.32}]",{'2020/2021': 3}
8321e047-fb41-3f25-1abf-34adf1e49a1b,20062,Juan José Narváez Solarte,Midfielder,right,1,6.33,1.1488088870482898,"[{'season_label': '2020/2021', 'appearances': 1, 'avg_score': 6.33, 'avg_vaep': 1.15}]",{'2020/2021': 29}
cdf28f8b-7d14-ab02-d12a-2329d71e4079,6687,Saša Lukić,Midfielder,right,1,6.0,0.3794570171612577,"[{'season_label': '2020/2021', 'appearances': 1, 'avg_score': 6.0, 'avg_vaep': 0.38}]",{'2020/2021': 20}
da87cbc1-b5b8-501a-cf3b-49eec1cc52c3,6806,Shaquell Moore,Defender,right,1,6.5,1.238669112619391,"[{'season_label': '2020/2021', 'appearances': 1, 'avg_score': 6.5, 'avg_vaep': 1.24}]",{'2020/2021': 26}
607bc9eb-e4ab-fcd6-5181-bfbef6252830,7183,Moctar Sidi El Hacen El Ide,Midfielder,,0,,,[],{'2020/2021': 31}
d1ac549d-bfde-c4a0-d49b-aec903648bb4,6661,Ryad Boudebouz,Defender,left,1,6.0,0.1417361020903627,"[{'season_label': '2020/2021', 'appearances': 1, 'avg_score': 6.0, 'avg_vaep': 0.14}]",{'2020/2021': 10}
e3be1c8a-8a04-cde7-74ab-30e06a41b5b2,13597,Oriol Busquets Mas,Midfielder,,0,,,[],{'2020/2021': 30}
69ec5030-f78a-9b73-5402-d133317bf5f6,6894,Ezequiel Muñoz,Defender,right,1,6.0,0.2111408593809756,"[{'season_label': '2020/2021', 'appearances': 1, 'avg_score': 6.0, 'avg_vaep': 0.21}]",{'2020/2021': 19}
33bdf955-c5d9-2555-d897-7eff1c5815c5,5556,Miguel Arturo Layún Prado,Defender,right,1,6.0,0.03478823992918478,"[{'season_label': '2020/2021', 'appearances': 1, 'avg_score': 6.0, 'avg_vaep': 0.03}]",{'2020/2021': 3}
38faae06-9a13-7178-4081-ea9ad9b279d0,6715,Guido Hernán Pizarro,Attacker,right,2,6.915,0.2454783196626522,"[{'season_label': '2020/2021', 'appearances': 2, 'avg_score': 6.92, 'avg_vaep': 0.25}]",{'2020/2021': 14}
80f4431b-f838-2491-79aa-507f0bdd2cf3,6623,Loïc Rémy,Midfielder,,0,,,[],{'2020/2021': 11}
c55430fd-fdac-11fc-3771-a9b94e2bb854,6858,Sergio Mora Sánchez,Attacker,right,1,6.0,0.12094642831289093,"[{'season_label': '2020/2021', 'appearances': 1, 'avg_score': 6.0, 'avg_vaep': 0.12}]",{'2020/2021': 14}
8767bccb-1ff4-231a-9962-e3914f4f1f8f,6909,Damián Emiliano Martínez,Midfielder,,0,,,[],{'2020/2021': 1}
2ba25201-86ee-376e-835c-e7bf1554ef7b,6854,Ramiro Guerra Pereyra,Midfielder,,0,,,[],{'2020/2021': 26}
0a552abf-945a-ad28-31a9-17bd58bbdc70,6889,Víctor Moya Martínez,Midfielder,,0,,,[],{'2020/2021': 33}
9fc64354-4547-11c9-7058-db6110b3a369,6716,Sébastien Corchia,Defender,right,1,6.45,1.4919534072723764,"[{'season_label': '2020/2021', 'appearances': 1, 'avg_score': 6.45, 'avg_vaep': 1.49}]",{'2020/2021': 2}
3198dfd0-aef2-71d2-2f7b-cddd6f12f5cb,6717,Johannes Geis,Defender,right,1,6.0,0.11926503052382031,"[{'season_label': '2020/2021', 'appearances': 1, 'avg_score': 6.0, 'avg_vaep': 0.12}]",{'2020/2021': 12}
de58bfe3-d33d-ada4-1a93-98c30e21eeed,6824,Lionel Jules Carole,Midfielder,,0,,,[],{'2020/2021': 3}
3c3c139b-d846-7c15-87a4-1081ad78045e,4443,Paul Baysse,Defender,right,1,6.0,0.0813143073428364,"[{'season_label': '2020/2021', 'appearances': 1, 'avg_score': 6.0, 'avg_vaep': 0.08}]",{'2020/2021': 22}
d139db6a-2362-00b2-1cc7-f752979132d0,6558,Alejandro Miguel Mula Sanchez,Midfielder,,0,,,[],{'2020/2021': 28}
400e5e6a-7ce0-c754-f281-525fae75a873,6575,Emanuel Cecchini,Midfielder,right,1,6.0,-0.11180786950535548,"[{'season_label': '2020/2021', 'appearances': 1, 'avg_score': 6.0, 'avg_vaep': -0.11}]",{'2020/2021': 19}
287e0413-02f3-4b11-ddfb-57afc8048cd8,6843,Esteban Rolón,Midfielder,right,1,6.0,0.2526215811176371,"[{'season_label': '2020/2021', 'appearances': 1, 'avg_score': 6.0, 'avg_vaep': 0.25}]",{'2020/2021': 5}
9cd013fe-250e-bffc-853b-386569ab18c0,8789,Alejandro Robles García,Midfielder,,0,,,[],{'2020/2021': 27}
dac4a67b-dc4a-8001-13b0-f1ad67ed696f,10817,Cenk Gönen,Midfielder,,0,,,[],{'2020/2021': 13}
e32cc80b-f079-1505-8ce9-0722ee17bb71,6897,Michael Olunga Ogada,Attacker,right,1,6.19,0.3687215635254688,"[{'season_label': '2020/2021', 'appearances': 1, 'avg_score': 6.19, 'avg_vaep': 0.37}]",{'2020/2021': 14}
48e45270-85f8-8435-2825-f9f7df2846db,18616,Olarenwaju Ayoba Kayode,Attacker,right,1,6.17,0.11445502583228517,"[{'season_label': '2020/2021', 'appearances': 1, 'avg_score': 6.17, 'avg_vaep': 0.11}]",{'2020/2021': 18}
5d50d227-35a7-4692-66aa-b23fd8aeb536,6874,Ermedin Demirović,Defender,,1,6.0,0.08879611892916728,"[{'season_label': '2020/2021', 'appearances': 1, 'avg_score': 6.0, 'avg_vaep': 0.09}]",{'2020/2021': 29}
6cf75a28-ed72-a43e-f7ca-1b66ff345859,7062,Adrián Diéguez Grande,Midfielder,,0,,,[],{'2020/2021': 26}
77ef24b4-2fce-cae4-ba74-fa68137f3e43,6864,Álvaro José Jiménez Guerrero,Midfielder,right,1,6.0,0.31104617462733586,"[{'season_label': '2020/2021', 'appearances': 1, 'avg_score': 6.0, 'avg_vaep': 0.31}]",{'2020/2021': 7}
d7e77c83-5af3-d2a8-03c1-cf28d60575bc,6726,Enzo Alan Zidane Fernández,Midfielder,right,1,6.0,0.1871406422033033,"[{'season_label': '2020/2021', 'appearances': 1, 'avg_score': 6.0, 'avg_vaep': 0.19}]",{'2020/2021': 21}
